0.142000E+03 -.600000E+03 0.262790E+04
-.142000E+03 -.600000E+03 0.262790E+04
-.984000E+02 -.599999E+03 0.258430E+04
0.984000E+02 -.599999E+03 0.258430E+04
-.142000E+03 -.600000E+03 0.262790E+04
-.142000E+03 -.600000E+03 0.234390E+04
-.984000E+02 -.599999E+03 0.238750E+04
-.984000E+02 -.599999E+03 0.258430E+04
-.142000E+03 -.600000E+03 0.234390E+04
0.142000E+03 -.600000E+03 0.234390E+04
0.984000E+02 -.599999E+03 0.238750E+04
-.984000E+02 -.599999E+03 0.238750E+04
0.142000E+03 -.600000E+03 0.234390E+04
0.142000E+03 -.600000E+03 0.262790E+04
0.984000E+02 -.599999E+03 0.258430E+04
0.984000E+02 -.599999E+03 0.238750E+04
0.984000E+02 -.599999E+03 0.258430E+04
-.984000E+02 -.599999E+03 0.258430E+04
-.984000E+02 -.599999E+03 0.238750E+04
0.984000E+02 -.599999E+03 0.238750E+04
-.142000E+03 0.600000E+03 0.262800E+04
0.142000E+03 0.600000E+03 0.262800E+04
0.984000E+02 0.599999E+03 0.258430E+04
-.984000E+02 0.599999E+03 0.258430E+04
0.142000E+03 0.600000E+03 0.262800E+04
0.142000E+03 0.600000E+03 0.234400E+04
0.984000E+02 0.599999E+03 0.238750E+04
0.984000E+02 0.599999E+03 0.258430E+04
0.142000E+03 0.600000E+03 0.234400E+04
-.142000E+03 0.600000E+03 0.234400E+04
-.984000E+02 0.599999E+03 0.238750E+04
0.984000E+02 0.599999E+03 0.238750E+04
-.142000E+03 0.600000E+03 0.234400E+04
-.142000E+03 0.600000E+03 0.262800E+04
-.984000E+02 0.599999E+03 0.258430E+04
-.984000E+02 0.599999E+03 0.238750E+04
-.984000E+02 0.599999E+03 0.258430E+04
0.984000E+02 0.599999E+03 0.258430E+04
0.984000E+02 0.599999E+03 0.238750E+04
-.984000E+02 0.599999E+03 0.238750E+04
-.198300E+03 -.600000E+03 0.558000E+03
-.198300E+03 -.600000E+03 0.695500E+03
-.334000E+03 -.600000E+03 0.695500E+03
-.334000E+03 -.600000E+03 0.558000E+03
-.334000E+03 -.600000E+03 0.558000E+03
-.334000E+03 -.600000E+03 0.695500E+03
-.436000E+03 -.600000E+03 0.695500E+03
-.436000E+03 -.600000E+03 0.558000E+03
-.712000E+03 -.600000E+03 0.928500E+03
-.100100E+04 -.600000E+03 0.928500E+03
-.100100E+04 -.600000E+03 0.755300E+03
-.712000E+03 -.600000E+03 0.755300E+03
0.109600E+04 -.600000E+03 0.582200E+03
0.109600E+04 -.600000E+03 0.971800E+03
0.886200E+03 -.600000E+03 0.971800E+03
0.886200E+03 -.600000E+03 0.582200E+03
-.805800E+03 -.600000E+03 0.109700E+04
-.805800E+03 -.600000E+03 0.149070E+04
-.109600E+04 -.600000E+03 0.149070E+04
-.109600E+04 -.600000E+03 0.109700E+04
0.765800E+03 -.600000E+03 0.123120E+04
0.616000E+03 -.600000E+03 0.123120E+04
0.616000E+03 -.600000E+03 0.109700E+04
0.765800E+03 -.600000E+03 0.109700E+04
0.820000E+02 -.600000E+03 0.201020E+04
0.820000E+02 -.600000E+03 0.214020E+04
0.000000E+00 -.600000E+03 0.214020E+04
0.000000E+00 -.600000E+03 0.201020E+04
0.000000E+00 -.600000E+03 0.201020E+04
0.000000E+00 -.600000E+03 0.214020E+04
-.820000E+02 -.600000E+03 0.214020E+04
-.820000E+02 -.600000E+03 0.201020E+04
-.524000E+03 -.600000E+03 0.283900E+04
-.109600E+04 -.600000E+03 0.283900E+04
-.109600E+04 -.600000E+03 0.275800E+04
-.524000E+03 -.600000E+03 0.275800E+04
-.109600E+04 -.600000E+03 0.283900E+04
-.524000E+03 -.600000E+03 0.283900E+04
-.524000E+03 -.600000E+03 0.290800E+04
-.109600E+04 -.600000E+03 0.290800E+04
0.820000E+02 -.600000E+03 0.290800E+04
-.820000E+02 -.600000E+03 0.290800E+04
-.820000E+02 -.600000E+03 0.275800E+04
0.820000E+02 -.600000E+03 0.275800E+04
0.109600E+04 -.600000E+03 0.283900E+04
0.805800E+03 -.600000E+03 0.283900E+04
0.805800E+03 -.600000E+03 0.275800E+04
0.109600E+04 -.600000E+03 0.275800E+04
0.109600E+04 -.600000E+03 0.290800E+04
0.805800E+03 -.600000E+03 0.290800E+04
0.805800E+03 -.600000E+03 0.283900E+04
0.109600E+04 -.600000E+03 0.283900E+04
0.100100E+04 -.600000E+03 0.275800E+04
0.100100E+04 -.600000E+03 0.240050E+04
0.109600E+04 -.600000E+03 0.240050E+04
0.109600E+04 -.600000E+03 0.275800E+04
0.100100E+04 -.600000E+03 0.240050E+04
0.100100E+04 -.600000E+03 0.275800E+04
0.805800E+03 -.600000E+03 0.275800E+04
0.805800E+03 -.600000E+03 0.240050E+04
0.466000E+03 -.600000E+03 0.257380E+04
0.202200E+03 -.600000E+03 0.257380E+04
0.202200E+03 -.600000E+03 0.240050E+04
0.466000E+03 -.600000E+03 0.240050E+04
0.706000E+03 -.600000E+03 0.423200E+04
0.706000E+03 -.600000E+03 0.405200E+04
0.881000E+03 -.600000E+03 0.405200E+04
0.881000E+03 -.600000E+03 0.423200E+04
0.000000E+00 -.600000E+03 0.296170E+04
0.000000E+00 -.600000E+03 0.313500E+04
-.820000E+02 -.600000E+03 0.313500E+04
-.820000E+02 -.600000E+03 0.296170E+04
0.820000E+02 -.600000E+03 0.296170E+04
0.820000E+02 -.600000E+03 0.313500E+04
0.000000E+00 -.600000E+03 0.313500E+04
0.000000E+00 -.600000E+03 0.296170E+04
0.820000E+02 -.600000E+03 0.322120E+04
0.820000E+02 -.600000E+03 0.339450E+04
0.000000E+00 -.600000E+03 0.339450E+04
0.000000E+00 -.600000E+03 0.322120E+04
0.000000E+00 -.600000E+03 0.322120E+04
0.000000E+00 -.600000E+03 0.339450E+04
-.820000E+02 -.600000E+03 0.339450E+04
-.820000E+02 -.600000E+03 0.322120E+04
0.000000E+00 -.600000E+03 0.356730E+04
0.000000E+00 -.600000E+03 0.369730E+04
-.820000E+02 -.600000E+03 0.369730E+04
-.820000E+02 -.600000E+03 0.356730E+04
0.820000E+02 -.600000E+03 0.356730E+04
0.820000E+02 -.600000E+03 0.369730E+04
0.000000E+00 -.600000E+03 0.369730E+04
0.000000E+00 -.600000E+03 0.356730E+04
0.820000E+02 -.600000E+03 0.400150E+04
0.820000E+02 -.600000E+03 0.413150E+04
0.000000E+00 -.600000E+03 0.413150E+04
0.000000E+00 -.600000E+03 0.400150E+04
0.000000E+00 -.600000E+03 0.400150E+04
0.000000E+00 -.600000E+03 0.413150E+04
-.820000E+02 -.600000E+03 0.413150E+04
-.820000E+02 -.600000E+03 0.400150E+04
0.000000E+00 -.600000E+03 0.439070E+04
0.000000E+00 -.600000E+03 0.452070E+04
-.820000E+02 -.600000E+03 0.452070E+04
-.820000E+02 -.600000E+03 0.439070E+04
0.820000E+02 -.600000E+03 0.439070E+04
0.820000E+02 -.600000E+03 0.452070E+04
0.000000E+00 -.600000E+03 0.452070E+04
0.000000E+00 -.600000E+03 0.439070E+04
-.631500E+03 -.600000E+03 0.423200E+04
-.881000E+03 -.600000E+03 0.423200E+04
-.881000E+03 -.600000E+03 0.405200E+04
-.631500E+03 -.600000E+03 0.405200E+04
0.000000E+00 -.600000E+03 0.495300E+04
0.000000E+00 -.600000E+03 0.508300E+04
-.820000E+02 -.600000E+03 0.508300E+04
-.820000E+02 -.600000E+03 0.495300E+04
0.820000E+02 -.600000E+03 0.495300E+04
0.820000E+02 -.600000E+03 0.508300E+04
0.000000E+00 -.600000E+03 0.508300E+04
0.000000E+00 -.600000E+03 0.495300E+04
0.000000E+00 -.600000E+03 0.534220E+04
0.000000E+00 -.600000E+03 0.547220E+04
-.820000E+02 -.600000E+03 0.547220E+04
-.820000E+02 -.600000E+03 0.534220E+04
0.109600E+04 -.600000E+03 0.175050E+04
-.109600E+04 -.600000E+03 0.175050E+04
-.109600E+04 -.600000E+03 0.170050E+04
0.109600E+04 -.600000E+03 0.170050E+04
0.712000E+03 -.600000E+03 0.393000E+03
-.712000E+03 -.600000E+03 0.393000E+03
-.712000E+03 -.600000E+03 0.308000E+03
0.712000E+03 -.600000E+03 0.308000E+03
0.109600E+04 -.600000E+03 0.393000E+03
0.712000E+03 -.600000E+03 0.393000E+03
0.712000E+03 -.600000E+03 0.308000E+03
0.109590E+04 -.600000E+03 0.308000E+03
-.712000E+03 -.600000E+03 0.393000E+03
-.109600E+04 -.600000E+03 0.393000E+03
-.109590E+04 -.600000E+03 0.308000E+03
-.712000E+03 -.600000E+03 0.308000E+03
-.820000E+02 -.600000E+03 0.290800E+04
-.524000E+03 -.600000E+03 0.290800E+04
-.524000E+03 -.600000E+03 0.283900E+04
-.820000E+02 -.600000E+03 0.283900E+04
0.805800E+03 -.600000E+03 0.290800E+04
0.820000E+02 -.600000E+03 0.290800E+04
0.820000E+02 -.600000E+03 0.283900E+04
0.805800E+03 -.600000E+03 0.283900E+04
-.571600E+03 -.600000E+03 0.194600E+04
-.571600E+03 -.600000E+03 0.209700E+04
-.720000E+03 -.600000E+03 0.209700E+04
-.720000E+03 -.600000E+03 0.194600E+04
0.142000E+03 -.600000E+03 0.262790E+04
0.142000E+03 -.600000E+03 0.234390E+04
0.202200E+03 -.600000E+03 0.234390E+04
0.202200E+03 -.600000E+03 0.262790E+04
-.142000E+03 -.600000E+03 0.234390E+04
-.142000E+03 -.600000E+03 0.262790E+04
-.202200E+03 -.600000E+03 0.262790E+04
-.202200E+03 -.600000E+03 0.234390E+04
-.100100E+04 -.600000E+03 0.175050E+04
-.100100E+04 -.600000E+03 0.275800E+04
-.109600E+04 -.600000E+03 0.275800E+04
-.109600E+04 -.600000E+03 0.175050E+04
0.109600E+04 -.600000E+03 0.175050E+04
0.109600E+04 -.600000E+03 0.240050E+04
0.100100E+04 -.600000E+03 0.240050E+04
0.100100E+04 -.600000E+03 0.175050E+04
-.105000E+04 -.600000E+03 0.469550E+04
0.104990E+04 -.600000E+03 0.469550E+04
0.104990E+04 -.600000E+03 0.476250E+04
-.105000E+04 -.600000E+03 0.476250E+04
-.105000E+04 -.600000E+03 0.290800E+04
-.105000E+04 -.600000E+03 0.476250E+04
-.109600E+04 -.600000E+03 0.476250E+04
-.109600E+04 -.600000E+03 0.290800E+04
0.104990E+04 -.600000E+03 0.476250E+04
0.104990E+04 -.600000E+03 0.290800E+04
0.109600E+04 -.600000E+03 0.290800E+04
0.109600E+04 -.600000E+03 0.476250E+04
0.421000E+03 -.600000E+03 0.393000E+03
0.421000E+03 -.600000E+03 0.104400E+04
0.314500E+03 -.600000E+03 0.104400E+04
0.314500E+03 -.600000E+03 0.393000E+03
0.820000E+02 -.600000E+03 0.393000E+03
0.820000E+02 -.600000E+03 0.104400E+04
-.675000E+02 -.600000E+03 0.104400E+04
-.675000E+02 -.600000E+03 0.393000E+03
0.820000E+02 -.600000E+03 0.139000E+04
0.820000E+02 -.600000E+03 0.158650E+04
-.675000E+02 -.600000E+03 0.158650E+04
-.675000E+02 -.600000E+03 0.139000E+04
-.616000E+03 -.600000E+03 0.393000E+03
-.616000E+03 -.600000E+03 0.158650E+04
-.712000E+03 -.600000E+03 0.158650E+04
-.712000E+03 -.600000E+03 0.393000E+03
-.105000E+04 -.600000E+03 0.469550E+04
-.105000E+04 -.600000E+03 0.290800E+04
-.881000E+03 -.600000E+03 0.290800E+04
-.881000E+03 -.600000E+03 0.469550E+04
0.109600E+04 -.600000E+03 0.170050E+04
-.109600E+04 -.600000E+03 0.170050E+04
-.109600E+04 -.600000E+03 0.158650E+04
0.109600E+04 -.600000E+03 0.158650E+04
-.349000E+03 -.600000E+03 0.194600E+04
-.820000E+02 -.600000E+03 0.194600E+04
-.820000E+02 -.600000E+03 0.209700E+04
-.349000E+03 -.600000E+03 0.209700E+04
-.675000E+02 -.600000E+03 0.558000E+03
-.675000E+02 -.600000E+03 0.695500E+03
-.198300E+03 -.600000E+03 0.695500E+03
-.198300E+03 -.600000E+03 0.558000E+03
-.334000E+03 -.600000E+03 0.393000E+03
-.334000E+03 -.600000E+03 0.558000E+03
-.436000E+03 -.600000E+03 0.558000E+03
-.436000E+03 -.600000E+03 0.393000E+03
-.334000E+03 -.600000E+03 0.695500E+03
-.334000E+03 -.600000E+03 0.104400E+04
-.436000E+03 -.600000E+03 0.104400E+04
-.436000E+03 -.600000E+03 0.695500E+03
0.109600E+04 -.600000E+03 0.109700E+04
0.109600E+04 -.600000E+03 0.158650E+04
0.100100E+04 -.600000E+03 0.158650E+04
0.100100E+04 -.600000E+03 0.109700E+04
-.100100E+04 -.600000E+03 0.393000E+03
-.100100E+04 -.600000E+03 0.109700E+04
-.109600E+04 -.600000E+03 0.109700E+04
-.109600E+04 -.600000E+03 0.393000E+03
-.712000E+03 -.600000E+03 0.109700E+04
-.100100E+04 -.600000E+03 0.109700E+04
-.100100E+04 -.600000E+03 0.928500E+03
-.712000E+03 -.600000E+03 0.928500E+03
-.712000E+03 -.600000E+03 0.109700E+04
-.712000E+03 -.600000E+03 0.158650E+04
-.805800E+03 -.600000E+03 0.158650E+04
-.805800E+03 -.600000E+03 0.109700E+04
-.805800E+03 -.600000E+03 0.158650E+04
-.109600E+04 -.600000E+03 0.158650E+04
-.109600E+04 -.600000E+03 0.149070E+04
-.805800E+03 -.600000E+03 0.149070E+04
0.109600E+04 -.600000E+03 0.582200E+03
0.712000E+03 -.600000E+03 0.582200E+03
0.712000E+03 -.600000E+03 0.393000E+03
0.109600E+04 -.600000E+03 0.393000E+03
0.109600E+04 -.600000E+03 0.109700E+04
0.712000E+03 -.600000E+03 0.109700E+04
0.712000E+03 -.600000E+03 0.971800E+03
0.109600E+04 -.600000E+03 0.971800E+03
0.886200E+03 -.600000E+03 0.582200E+03
0.886200E+03 -.600000E+03 0.971800E+03
0.712000E+03 -.600000E+03 0.971800E+03
0.712000E+03 -.600000E+03 0.582200E+03
0.100100E+04 -.600000E+03 0.109700E+04
0.100100E+04 -.600000E+03 0.158650E+04
0.765800E+03 -.600000E+03 0.158650E+04
0.765800E+03 -.600000E+03 0.109700E+04
0.712000E+03 -.600000E+03 0.393000E+03
0.712000E+03 -.600000E+03 0.109700E+04
0.616000E+03 -.600000E+03 0.109700E+04
0.616000E+03 -.600000E+03 0.393000E+03
0.765800E+03 -.600000E+03 0.123120E+04
0.765800E+03 -.600000E+03 0.158650E+04
0.616000E+03 -.600000E+03 0.158650E+04
0.616000E+03 -.600000E+03 0.123120E+04
-.712000E+03 -.600000E+03 0.393000E+03
-.712000E+03 -.600000E+03 0.755300E+03
-.100100E+04 -.600000E+03 0.755300E+03
-.100100E+04 -.600000E+03 0.393000E+03
0.820000E+02 -.600000E+03 0.175050E+04
0.820000E+02 -.600000E+03 0.201020E+04
-.820000E+02 -.600000E+03 0.201020E+04
-.820000E+02 -.600000E+03 0.175050E+04
0.820000E+02 -.600000E+03 0.228370E+04
-.820000E+02 -.600000E+03 0.228370E+04
-.820000E+02 -.600000E+03 0.214020E+04
0.820000E+02 -.600000E+03 0.214020E+04
-.820000E+02 -.600000E+03 0.283900E+04
-.524000E+03 -.600000E+03 0.283900E+04
-.524000E+03 -.600000E+03 0.275800E+04
-.820000E+02 -.600000E+03 0.275800E+04
0.202200E+03 -.600000E+03 0.275800E+04
-.202200E+03 -.600000E+03 0.275800E+04
-.202200E+03 -.600000E+03 0.262790E+04
0.202200E+03 -.600000E+03 0.262790E+04
0.805800E+03 -.600000E+03 0.283900E+04
0.820000E+02 -.600000E+03 0.283900E+04
0.820000E+02 -.600000E+03 0.275800E+04
0.805800E+03 -.600000E+03 0.275800E+04
0.104990E+04 -.600000E+03 0.290800E+04
0.104990E+04 -.600000E+03 0.405200E+04
0.881000E+03 -.600000E+03 0.405200E+04
0.881000E+03 -.600000E+03 0.290800E+04
0.881000E+03 -.600000E+03 0.469550E+04
0.881000E+03 -.600000E+03 0.423200E+04
0.104990E+04 -.600000E+03 0.423200E+04
0.104990E+04 -.600000E+03 0.469550E+04
0.820000E+02 -.600000E+03 0.296170E+04
-.820000E+02 -.600000E+03 0.296170E+04
-.820000E+02 -.600000E+03 0.290800E+04
0.820000E+02 -.600000E+03 0.290800E+04
0.820000E+02 -.600000E+03 0.322120E+04
-.820000E+02 -.600000E+03 0.322120E+04
-.820000E+02 -.600000E+03 0.313500E+04
0.820000E+02 -.600000E+03 0.313500E+04
0.820000E+02 -.600000E+03 0.339450E+04
0.820000E+02 -.600000E+03 0.356730E+04
-.820000E+02 -.600000E+03 0.356730E+04
-.820000E+02 -.600000E+03 0.339450E+04
0.820000E+02 -.600000E+03 0.369730E+04
0.820000E+02 -.600000E+03 0.400150E+04
-.820000E+02 -.600000E+03 0.400150E+04
-.820000E+02 -.600000E+03 0.369730E+04
0.820000E+02 -.600000E+03 0.413150E+04
0.820000E+02 -.600000E+03 0.439070E+04
-.820000E+02 -.600000E+03 0.439070E+04
-.820000E+02 -.600000E+03 0.413150E+04
0.820000E+02 -.600000E+03 0.452070E+04
0.820000E+02 -.600000E+03 0.469550E+04
-.820000E+02 -.600000E+03 0.469550E+04
-.820000E+02 -.600000E+03 0.452070E+04
0.820000E+02 -.600000E+03 0.495300E+04
-.820000E+02 -.600000E+03 0.495300E+04
-.820000E+02 -.600000E+03 0.483100E+04
0.820000E+02 -.600000E+03 0.483100E+04
0.820000E+02 -.600000E+03 0.508300E+04
0.820000E+02 -.600000E+03 0.534220E+04
-.820000E+02 -.600000E+03 0.534220E+04
-.820000E+02 -.600000E+03 0.508300E+04
-.820000E+02 -.600000E+03 0.565300E+04
-.820000E+02 -.600000E+03 0.547220E+04
0.820000E+02 -.600000E+03 0.547220E+04
0.820000E+02 -.600000E+03 0.565300E+04
-.100100E+04 -.600000E+03 0.476250E+04
-.100100E+04 -.600000E+03 0.512600E+04
-.109600E+04 -.600000E+03 0.512600E+04
-.109600E+04 -.600000E+03 0.476250E+04
0.100100E+04 -.600000E+03 0.518800E+04
0.100100E+04 -.600000E+03 0.476250E+04
0.109600E+04 -.600000E+03 0.476250E+04
0.109600E+04 -.600000E+03 0.518800E+04
-.644700E+03 -.600000E+03 0.527740E+04
-.886200E+03 -.600000E+03 0.527740E+04
-.886200E+03 -.600000E+03 0.512600E+04
-.644700E+03 -.600000E+03 0.512600E+04
-.564300E+03 -.600000E+03 0.512600E+04
-.564300E+03 -.600000E+03 0.534220E+04
-.644700E+03 -.600000E+03 0.534220E+04
-.644700E+03 -.600000E+03 0.512600E+04
0.109600E+04 -.600000E+03 0.518800E+04
0.109600E+04 -.600000E+03 0.538550E+04
0.100100E+04 -.600000E+03 0.538550E+04
0.100100E+04 -.600000E+03 0.518800E+04
0.100100E+04 -.600000E+03 0.518800E+04
0.100100E+04 -.600000E+03 0.538550E+04
0.886500E+03 -.600000E+03 0.538550E+04
0.886500E+03 -.600000E+03 0.518800E+04
0.886500E+03 -.600000E+03 0.529900E+04
0.725500E+03 -.600000E+03 0.529900E+04
0.725500E+03 -.600000E+03 0.518800E+04
0.886500E+03 -.600000E+03 0.518800E+04
0.725500E+03 -.600000E+03 0.525580E+04
0.564300E+03 -.600000E+03 0.525580E+04
0.564300E+03 -.600000E+03 0.518800E+04
0.725500E+03 -.600000E+03 0.518800E+04
-.436000E+03 -.600000E+03 0.393000E+03
-.436000E+03 -.600000E+03 0.158650E+04
-.616000E+03 -.600000E+03 0.158650E+04
-.616000E+03 -.600000E+03 0.393000E+03
-.675000E+02 -.600000E+03 0.558000E+03
-.334000E+03 -.600000E+03 0.558000E+03
-.334000E+03 -.600000E+03 0.393000E+03
-.675000E+02 -.600000E+03 0.393000E+03
-.675000E+02 -.600000E+03 0.695500E+03
-.675000E+02 -.600000E+03 0.104400E+04
-.334000E+03 -.600000E+03 0.104400E+04
-.334000E+03 -.600000E+03 0.695500E+03
-.675000E+02 -.600000E+03 0.158650E+04
-.334000E+03 -.600000E+03 0.158650E+04
-.334000E+03 -.600000E+03 0.139000E+04
-.675000E+02 -.600000E+03 0.139000E+04
0.314500E+03 -.600000E+03 0.393000E+03
0.314500E+03 -.600000E+03 0.104400E+04
0.820000E+02 -.600000E+03 0.104400E+04
0.820000E+02 -.600000E+03 0.393000E+03
0.314500E+03 -.600000E+03 0.158650E+04
0.820000E+02 -.600000E+03 0.158650E+04
0.820000E+02 -.600000E+03 0.139000E+04
0.314500E+03 -.600000E+03 0.139000E+04
-.202200E+03 -.600000E+03 0.209700E+04
-.202200E+03 -.600000E+03 0.275800E+04
-.349000E+03 -.600000E+03 0.275800E+04
-.349000E+03 -.600000E+03 0.209700E+04
-.820000E+02 -.600000E+03 0.209700E+04
-.820000E+02 -.600000E+03 0.228370E+04
-.202200E+03 -.600000E+03 0.228370E+04
-.202200E+03 -.600000E+03 0.209700E+04
0.466000E+03 -.600000E+03 0.275800E+04
0.466000E+03 -.600000E+03 0.194600E+04
0.805800E+03 -.600000E+03 0.194600E+04
0.805800E+03 -.600000E+03 0.275800E+04
0.466000E+03 -.600000E+03 0.483100E+04
0.466000E+03 -.600000E+03 0.565300E+04
0.820000E+02 -.600000E+03 0.565300E+04
0.820000E+02 -.600000E+03 0.483100E+04
0.564300E+03 -.600000E+03 0.483100E+04
0.564300E+03 -.600000E+03 0.551530E+04
0.466000E+03 -.600000E+03 0.551530E+04
0.466000E+03 -.600000E+03 0.483100E+04
-.820000E+02 -.600000E+03 0.290800E+04
-.820000E+02 -.600000E+03 0.405200E+04
-.320000E+03 -.600000E+03 0.405200E+04
-.320000E+03 -.600000E+03 0.290800E+04
-.820000E+02 -.600000E+03 0.423200E+04
-.320000E+03 -.600000E+03 0.423200E+04
-.320000E+03 -.600000E+03 0.405200E+04
-.820000E+02 -.600000E+03 0.405200E+04
-.820000E+02 -.600000E+03 0.423200E+04
-.820000E+02 -.600000E+03 0.469550E+04
-.320000E+03 -.600000E+03 0.469550E+04
-.320000E+03 -.600000E+03 0.423200E+04
-.820000E+02 -.600000E+03 0.483100E+04
-.820000E+02 -.600000E+03 0.565300E+04
-.415000E+03 -.600000E+03 0.565300E+04
-.415000E+03 -.600000E+03 0.483100E+04
-.415000E+03 -.600000E+03 0.483100E+04
-.415000E+03 -.600000E+03 0.565300E+04
-.564300E+03 -.600000E+03 0.565300E+04
-.564300E+03 -.600000E+03 0.483100E+04
-.720000E+03 -.600000E+03 0.194600E+04
-.720000E+03 -.600000E+03 0.275800E+04
-.950000E+03 -.600000E+03 0.275800E+04
-.950000E+03 -.600000E+03 0.194600E+04
-.950000E+03 -.600000E+03 0.194600E+04
-.950000E+03 -.600000E+03 0.275800E+04
-.100100E+04 -.600000E+03 0.275800E+04
-.100100E+04 -.600000E+03 0.194600E+04
-.571600E+03 -.600000E+03 0.209700E+04
-.571600E+03 -.600000E+03 0.275800E+04
-.720000E+03 -.600000E+03 0.275800E+04
-.720000E+03 -.600000E+03 0.209700E+04
0.240000E+03 -.600000E+03 0.423200E+04
0.240000E+03 -.600000E+03 0.469550E+04
0.820000E+02 -.600000E+03 0.469550E+04
0.820000E+02 -.600000E+03 0.423200E+04
0.240000E+03 -.600000E+03 0.405200E+04
0.240000E+03 -.600000E+03 0.423200E+04
0.820000E+02 -.600000E+03 0.423200E+04
0.820000E+02 -.600000E+03 0.405200E+04
0.240000E+03 -.600000E+03 0.290800E+04
0.240000E+03 -.600000E+03 0.405200E+04
0.820000E+02 -.600000E+03 0.405200E+04
0.820000E+02 -.600000E+03 0.290800E+04
0.480000E+03 -.600000E+03 0.290800E+04
0.480000E+03 -.600000E+03 0.405200E+04
0.240000E+03 -.600000E+03 0.405200E+04
0.240000E+03 -.600000E+03 0.290800E+04
0.706000E+03 -.600000E+03 0.423200E+04
0.480000E+03 -.600000E+03 0.423200E+04
0.480000E+03 -.600000E+03 0.405200E+04
0.706000E+03 -.600000E+03 0.405200E+04
0.480000E+03 -.600000E+03 0.423200E+04
0.240000E+03 -.600000E+03 0.423200E+04
0.240000E+03 -.600000E+03 0.405200E+04
0.480000E+03 -.600000E+03 0.405200E+04
0.240000E+03 -.600000E+03 0.469550E+04
0.240000E+03 -.600000E+03 0.423200E+04
0.480000E+03 -.600000E+03 0.423200E+04
0.480000E+03 -.600000E+03 0.469550E+04
0.881000E+03 -.600000E+03 0.290800E+04
0.881000E+03 -.600000E+03 0.405200E+04
0.706000E+03 -.600000E+03 0.405200E+04
0.706000E+03 -.600000E+03 0.290800E+04
0.706000E+03 -.600000E+03 0.290800E+04
0.706000E+03 -.600000E+03 0.405200E+04
0.480000E+03 -.600000E+03 0.405200E+04
0.480000E+03 -.600000E+03 0.290800E+04
0.881000E+03 -.600000E+03 0.423200E+04
0.881000E+03 -.600000E+03 0.469550E+04
0.706000E+03 -.600000E+03 0.469550E+04
0.706000E+03 -.600000E+03 0.423200E+04
0.706000E+03 -.600000E+03 0.423200E+04
0.706000E+03 -.600000E+03 0.469550E+04
0.480000E+03 -.600000E+03 0.469550E+04
0.480000E+03 -.600000E+03 0.423200E+04
0.100100E+04 -.600000E+03 0.194600E+04
0.100100E+04 -.600000E+03 0.240050E+04
0.805800E+03 -.600000E+03 0.240050E+04
0.805800E+03 -.600000E+03 0.194600E+04
0.616000E+03 -.600000E+03 0.393000E+03
0.616000E+03 -.600000E+03 0.158650E+04
0.491000E+03 -.600000E+03 0.158650E+04
0.491000E+03 -.600000E+03 0.393000E+03
0.491000E+03 -.600000E+03 0.393000E+03
0.491000E+03 -.600000E+03 0.158650E+04
0.421000E+03 -.600000E+03 0.158650E+04
0.421000E+03 -.600000E+03 0.393000E+03
0.466000E+03 -.600000E+03 0.275800E+04
0.202200E+03 -.600000E+03 0.275800E+04
0.202200E+03 -.600000E+03 0.257380E+04
0.466000E+03 -.600000E+03 0.257380E+04
0.466000E+03 -.600000E+03 0.240050E+04
0.202200E+03 -.600000E+03 0.240050E+04
0.202200E+03 -.600000E+03 0.228370E+04
0.466000E+03 -.600000E+03 0.228370E+04
0.466000E+03 -.600000E+03 0.228370E+04
0.820000E+02 -.600000E+03 0.228370E+04
0.820000E+02 -.600000E+03 0.209700E+04
0.466000E+03 -.600000E+03 0.209700E+04
0.820000E+02 -.600000E+03 0.194600E+04
0.466000E+03 -.600000E+03 0.194600E+04
0.466000E+03 -.600000E+03 0.209700E+04
0.820000E+02 -.600000E+03 0.209700E+04
0.466000E+03 -.600000E+03 0.194600E+04
0.820000E+02 -.600000E+03 0.194600E+04
0.820000E+02 -.600000E+03 0.175050E+04
0.466000E+03 -.600000E+03 0.175050E+04
-.334000E+03 -.600000E+03 0.104400E+04
-.334000E+03 -.600000E+03 0.139000E+04
-.436000E+03 -.600000E+03 0.139000E+04
-.436000E+03 -.600000E+03 0.104400E+04
-.830000E+03 -.600000E+03 0.423200E+04
-.830000E+03 -.600000E+03 0.469550E+04
-.881000E+03 -.600000E+03 0.469550E+04
-.881000E+03 -.600000E+03 0.423200E+04
-.564300E+03 -.600000E+03 0.483100E+04
-.564300E+03 -.600000E+03 0.512600E+04
-.830000E+03 -.600000E+03 0.512600E+04
-.830000E+03 -.600000E+03 0.483100E+04
-.830000E+03 -.600000E+03 0.483100E+04
-.830000E+03 -.600000E+03 0.512600E+04
-.100100E+04 -.600000E+03 0.512600E+04
-.100100E+04 -.600000E+03 0.483100E+04
-.320000E+03 -.600000E+03 0.423200E+04
-.320000E+03 -.600000E+03 0.469550E+04
-.510000E+03 -.600000E+03 0.469550E+04
-.510000E+03 -.600000E+03 0.423200E+04
-.830000E+03 -.600000E+03 0.469550E+04
-.830000E+03 -.600000E+03 0.423200E+04
-.510000E+03 -.600000E+03 0.423200E+04
-.510000E+03 -.600000E+03 0.469550E+04
-.320000E+03 -.600000E+03 0.423200E+04
-.510000E+03 -.600000E+03 0.423200E+04
-.510000E+03 -.600000E+03 0.405200E+04
-.320000E+03 -.600000E+03 0.405200E+04
-.510000E+03 -.600000E+03 0.405200E+04
-.510000E+03 -.600000E+03 0.423200E+04
-.631500E+03 -.600000E+03 0.423200E+04
-.631500E+03 -.600000E+03 0.405200E+04
-.535000E+03 -.600000E+03 0.290800E+04
-.535000E+03 -.600000E+03 0.405200E+04
-.825000E+03 -.600000E+03 0.405200E+04
-.825000E+03 -.600000E+03 0.290800E+04
-.825000E+03 -.600000E+03 0.290800E+04
-.825000E+03 -.600000E+03 0.405200E+04
-.881000E+03 -.600000E+03 0.405200E+04
-.881000E+03 -.600000E+03 0.290800E+04
-.320000E+03 -.600000E+03 0.290800E+04
-.320000E+03 -.600000E+03 0.405200E+04
-.385000E+03 -.600000E+03 0.405200E+04
-.385000E+03 -.600000E+03 0.290800E+04
-.385000E+03 -.600000E+03 0.290800E+04
-.385000E+03 -.600000E+03 0.405200E+04
-.535000E+03 -.600000E+03 0.405200E+04
-.535000E+03 -.600000E+03 0.290800E+04
-.349000E+03 -.600000E+03 0.194600E+04
-.349000E+03 -.600000E+03 0.275800E+04
-.400000E+03 -.600000E+03 0.275800E+04
-.400000E+03 -.600000E+03 0.194600E+04
-.400000E+03 -.600000E+03 0.194600E+04
-.400000E+03 -.600000E+03 0.275800E+04
-.571600E+03 -.600000E+03 0.275800E+04
-.571600E+03 -.600000E+03 0.194600E+04
0.100100E+04 -.600000E+03 0.483100E+04
0.100100E+04 -.600000E+03 0.518800E+04
0.886500E+03 -.600000E+03 0.518800E+04
0.886500E+03 -.600000E+03 0.483100E+04
0.100100E+04 -.600000E+03 0.194600E+04
0.466000E+03 -.600000E+03 0.194600E+04
0.466000E+03 -.600000E+03 0.175050E+04
0.100100E+04 -.600000E+03 0.175050E+04
-.675000E+02 -.600000E+03 0.104400E+04
-.675000E+02 -.600000E+03 0.139000E+04
-.334000E+03 -.600000E+03 0.139000E+04
-.334000E+03 -.600000E+03 0.104400E+04
-.820000E+02 -.600000E+03 0.194600E+04
-.640000E+03 -.600000E+03 0.194600E+04
-.640000E+03 -.600000E+03 0.175050E+04
-.820000E+02 -.600000E+03 0.175050E+04
-.640000E+03 -.600000E+03 0.194600E+04
-.100100E+04 -.600000E+03 0.194600E+04
-.100100E+04 -.600000E+03 0.175050E+04
-.640000E+03 -.600000E+03 0.175050E+04
0.421000E+03 -.600000E+03 0.104400E+04
0.421000E+03 -.600000E+03 0.139000E+04
0.820000E+02 -.600000E+03 0.139000E+04
0.820000E+02 -.600000E+03 0.104400E+04
-.675000E+02 -.600000E+03 0.139000E+04
-.675000E+02 -.600000E+03 0.104400E+04
0.820000E+02 -.600000E+03 0.104400E+04
0.820000E+02 -.600000E+03 0.139000E+04
0.886500E+03 -.600000E+03 0.483100E+04
0.886500E+03 -.600000E+03 0.518800E+04
0.564300E+03 -.600000E+03 0.518800E+04
0.564300E+03 -.600000E+03 0.483100E+04
0.000000E+00 -.600000E+03 0.573800E+04
-.564300E+03 -.600000E+03 0.573800E+04
-.564300E+03 -.600000E+03 0.565300E+04
0.000000E+00 -.600000E+03 0.565300E+04
0.466000E+03 -.600000E+03 0.573800E+04
0.000000E+00 -.600000E+03 0.573800E+04
0.000000E+00 -.600000E+03 0.565300E+04
0.466000E+03 -.600000E+03 0.565300E+04
0.100100E+04 -.600000E+03 0.483100E+04
-.100100E+04 -.600000E+03 0.483100E+04
-.100100E+04 -.600000E+03 0.476250E+04
0.100100E+04 -.600000E+03 0.476250E+04
0.104990E+04 -.600000E+03 0.405200E+04
0.104990E+04 -.600000E+03 0.423200E+04
0.881000E+03 -.600000E+03 0.423200E+04
0.881000E+03 -.600000E+03 0.405200E+04
0.202200E+03 -.600000E+03 0.234390E+04
-.202200E+03 -.600000E+03 0.234390E+04
-.202200E+03 -.600000E+03 0.228370E+04
0.202200E+03 -.600000E+03 0.228370E+04
0.314500E+03 -.600000E+03 0.158650E+04
0.314500E+03 -.600000E+03 0.139000E+04
0.421000E+03 -.600000E+03 0.139000E+04
0.421000E+03 -.600000E+03 0.158650E+04
-.436000E+03 -.600000E+03 0.158650E+04
-.436000E+03 -.600000E+03 0.139000E+04
-.334000E+03 -.600000E+03 0.139000E+04
-.334000E+03 -.600000E+03 0.158650E+04
0.820000E+02 -.600000E+03 0.534220E+04
0.820000E+02 -.600000E+03 0.547220E+04
0.000000E+00 -.600000E+03 0.547220E+04
0.000000E+00 -.600000E+03 0.534220E+04
0.109600E+04 -.600000E+03 0.538550E+04
0.109600E+04 -.600000E+03 0.573800E+04
0.886500E+03 -.600000E+03 0.573800E+04
0.886500E+03 -.600000E+03 0.538550E+04
0.886500E+03 -.600000E+03 0.529900E+04
0.886500E+03 -.600000E+03 0.573800E+04
0.725500E+03 -.600000E+03 0.573800E+04
0.725500E+03 -.600000E+03 0.529900E+04
0.725500E+03 -.600000E+03 0.525580E+04
0.725500E+03 -.600000E+03 0.573800E+04
0.564300E+03 -.600000E+03 0.573800E+04
0.564300E+03 -.600000E+03 0.525580E+04
0.564300E+03 -.600000E+03 0.551530E+04
0.564300E+03 -.600000E+03 0.573800E+04
0.466000E+03 -.600000E+03 0.573800E+04
0.466000E+03 -.600000E+03 0.551530E+04
-.886200E+03 -.600000E+03 0.512600E+04
-.886200E+03 -.600000E+03 0.573800E+04
-.109600E+04 -.600000E+03 0.573800E+04
-.109600E+04 -.600000E+03 0.512600E+04
-.644700E+03 -.600000E+03 0.527740E+04
-.644700E+03 -.600000E+03 0.573800E+04
-.886200E+03 -.600000E+03 0.573800E+04
-.886200E+03 -.600000E+03 0.527740E+04
-.564300E+03 -.600000E+03 0.534220E+04
-.564300E+03 -.600000E+03 0.573800E+04
-.644700E+03 -.600000E+03 0.573800E+04
-.644700E+03 -.600000E+03 0.534220E+04
0.356000E+03 0.600000E+03 0.308000E+03
-.356000E+03 0.600000E+03 0.308000E+03
-.356000E+03 0.600000E+03 0.354000E+03
0.356000E+03 0.600000E+03 0.354000E+03
-.356000E+03 0.600000E+03 0.354000E+03
-.720000E+03 0.600000E+03 0.354000E+03
-.720000E+03 0.600000E+03 0.408000E+03
-.356000E+03 0.600000E+03 0.408000E+03
0.356000E+03 0.600000E+03 0.354000E+03
-.356000E+03 0.600000E+03 0.354000E+03
-.356000E+03 0.600000E+03 0.408000E+03
0.356000E+03 0.600000E+03 0.408000E+03
0.710500E+03 0.600000E+03 0.354000E+03
0.356000E+03 0.600000E+03 0.354000E+03
0.356000E+03 0.600000E+03 0.408000E+03
0.710500E+03 0.600000E+03 0.408000E+03
0.346500E+03 0.600000E+03 0.194800E+04
0.815000E+02 0.600000E+03 0.194800E+04
0.815000E+02 0.600000E+03 0.209700E+04
0.346500E+03 0.600000E+03 0.209700E+04
0.100000E+04 0.600000E+03 0.518900E+04
0.886000E+03 0.600000E+03 0.518900E+04
0.886000E+03 0.600000E+03 0.527750E+04
0.100000E+04 0.600000E+03 0.527750E+04
0.886000E+03 0.600000E+03 0.491250E+04
0.886000E+03 0.600000E+03 0.518900E+04
0.100000E+04 0.600000E+03 0.518900E+04
0.100000E+04 0.600000E+03 0.491250E+04
-.916500E+03 0.600000E+03 0.110250E+04
-.916500E+03 0.600000E+03 0.158700E+04
-.720000E+03 0.600000E+03 0.158700E+04
-.720000E+03 0.600000E+03 0.110250E+04
-.434000E+03 0.600000E+03 0.408000E+03
-.434000E+03 0.600000E+03 0.105400E+04
-.316500E+03 0.600000E+03 0.105400E+04
-.316500E+03 0.600000E+03 0.408000E+03
0.436500E+03 0.600000E+03 0.408000E+03
0.436500E+03 0.600000E+03 0.158700E+04
0.617000E+03 0.600000E+03 0.158700E+04
0.617000E+03 0.600000E+03 0.408000E+03
0.103600E+04 0.600000E+03 0.110250E+04
0.710500E+03 0.600000E+03 0.110250E+04
0.710500E+03 0.600000E+03 0.133050E+04
0.103600E+04 0.600000E+03 0.133050E+04
0.617000E+03 0.600000E+03 0.408000E+03
0.617000E+03 0.600000E+03 0.133050E+04
0.710500E+03 0.600000E+03 0.133050E+04
0.710500E+03 0.600000E+03 0.408000E+03
-.916500E+03 0.600000E+03 0.194800E+04
-.916500E+03 0.600000E+03 0.277700E+04
-.720000E+03 0.600000E+03 0.277700E+04
-.720000E+03 0.600000E+03 0.194800E+04
-.100100E+04 0.600000E+03 0.194800E+04
-.100100E+04 0.600000E+03 0.277700E+04
-.916500E+03 0.600000E+03 0.277700E+04
-.916500E+03 0.600000E+03 0.194800E+04
0.100100E+04 0.600000E+03 0.175050E+04
0.100100E+04 0.600000E+03 0.277700E+04
0.103600E+04 0.600000E+03 0.277700E+04
0.103600E+04 0.600000E+03 0.175050E+04
-.882500E+03 0.600000E+03 0.289400E+04
-.882500E+03 0.600000E+03 0.405200E+04
-.717500E+03 0.600000E+03 0.405200E+04
-.717500E+03 0.600000E+03 0.289400E+04
-.882500E+03 0.600000E+03 0.405200E+04
-.882500E+03 0.600000E+03 0.423450E+04
-.717500E+03 0.600000E+03 0.423450E+04
-.717500E+03 0.600000E+03 0.405200E+04
-.103600E+04 0.600000E+03 0.413100E+04
-.103600E+04 0.600000E+03 0.285150E+04
-.109600E+04 0.600000E+03 0.285150E+04
-.109600E+04 0.600000E+03 0.413100E+04
0.100000E+04 0.600000E+03 0.491250E+04
0.100000E+04 0.600000E+03 0.527750E+04
0.103600E+04 0.600000E+03 0.527750E+04
0.103600E+04 0.600000E+03 0.491250E+04
0.317500E+03 0.600000E+03 0.408000E+03
0.317500E+03 0.600000E+03 0.105400E+04
0.436500E+03 0.600000E+03 0.105400E+04
0.436500E+03 0.600000E+03 0.408000E+03
0.317500E+03 0.600000E+03 0.408000E+03
0.825000E+02 0.600000E+03 0.408000E+03
0.825000E+02 0.600000E+03 0.553500E+03
0.317500E+03 0.600000E+03 0.553500E+03
0.317500E+03 0.600000E+03 0.139900E+04
0.317500E+03 0.600000E+03 0.158700E+04
0.436500E+03 0.600000E+03 0.158700E+04
0.436500E+03 0.600000E+03 0.139900E+04
-.815000E+02 0.600000E+03 0.408000E+03
-.815000E+02 0.600000E+03 0.105400E+04
0.825000E+02 0.600000E+03 0.105400E+04
0.825000E+02 0.600000E+03 0.408000E+03
0.317500E+03 0.600000E+03 0.553500E+03
0.825000E+02 0.600000E+03 0.553500E+03
0.825000E+02 0.600000E+03 0.695500E+03
0.317500E+03 0.600000E+03 0.695500E+03
-.316500E+03 0.600000E+03 0.408000E+03
-.316500E+03 0.600000E+03 0.105400E+04
-.815000E+02 0.600000E+03 0.105400E+04
-.815000E+02 0.600000E+03 0.408000E+03
-.496000E+03 0.600000E+03 0.408000E+03
-.496000E+03 0.600000E+03 0.158700E+04
-.434000E+03 0.600000E+03 0.158700E+04
-.434000E+03 0.600000E+03 0.408000E+03
0.710500E+03 0.600000E+03 0.354000E+03
0.710500E+03 0.600000E+03 0.110250E+04
0.103600E+04 0.600000E+03 0.110250E+04
0.103600E+04 0.600000E+03 0.354000E+03
-.103600E+04 0.600000E+03 0.354000E+03
-.103600E+04 0.600000E+03 0.110250E+04
-.916500E+03 0.600000E+03 0.110250E+04
-.916500E+03 0.600000E+03 0.354000E+03
0.317500E+03 0.600000E+03 0.139900E+04
0.825000E+02 0.600000E+03 0.139900E+04
0.825000E+02 0.600000E+03 0.158700E+04
0.317500E+03 0.600000E+03 0.158700E+04
-.434000E+03 0.600000E+03 0.139900E+04
-.434000E+03 0.600000E+03 0.158700E+04
-.316500E+03 0.600000E+03 0.158700E+04
-.316500E+03 0.600000E+03 0.139900E+04
-.815000E+02 0.600000E+03 0.139900E+04
-.815000E+02 0.600000E+03 0.158700E+04
0.825000E+02 0.600000E+03 0.158700E+04
0.825000E+02 0.600000E+03 0.139900E+04
-.815000E+02 0.600000E+03 0.139900E+04
-.316500E+03 0.600000E+03 0.139900E+04
-.316500E+03 0.600000E+03 0.158700E+04
-.815000E+02 0.600000E+03 0.158700E+04
0.825000E+02 0.600000E+03 0.695500E+03
0.825000E+02 0.600000E+03 0.105400E+04
0.317500E+03 0.600000E+03 0.105400E+04
0.317500E+03 0.600000E+03 0.695500E+03
-.103600E+04 0.600000E+03 0.423450E+04
-.103600E+04 0.600000E+03 0.469550E+04
-.882500E+03 0.600000E+03 0.469550E+04
-.882500E+03 0.600000E+03 0.423450E+04
0.617000E+03 0.600000E+03 0.164900E+04
-.103600E+04 0.600000E+03 0.164900E+04
-.103600E+04 0.600000E+03 0.170050E+04
0.617000E+03 0.600000E+03 0.170050E+04
0.577500E+03 0.600000E+03 0.194800E+04
0.577500E+03 0.600000E+03 0.209700E+04
0.695000E+03 0.600000E+03 0.209700E+04
0.695000E+03 0.600000E+03 0.194800E+04
-.882500E+03 0.600000E+03 0.423450E+04
-.882500E+03 0.600000E+03 0.469550E+04
-.717500E+03 0.600000E+03 0.469550E+04
-.717500E+03 0.600000E+03 0.423450E+04
-.886000E+03 0.600000E+03 0.518900E+04
-.100000E+04 0.600000E+03 0.518900E+04
-.100000E+04 0.600000E+03 0.527750E+04
-.886000E+03 0.600000E+03 0.527750E+04
-.103600E+04 0.600000E+03 0.289400E+04
-.103600E+04 0.600000E+03 0.309300E+04
-.882500E+03 0.600000E+03 0.309300E+04
-.882500E+03 0.600000E+03 0.289400E+04
-.103600E+04 0.600000E+03 0.326300E+04
-.103600E+04 0.600000E+03 0.356800E+04
-.882500E+03 0.600000E+03 0.356800E+04
-.882500E+03 0.600000E+03 0.326300E+04
0.882500E+03 0.600000E+03 0.289400E+04
0.882500E+03 0.600000E+03 0.309300E+04
0.103600E+04 0.600000E+03 0.309300E+04
0.103600E+04 0.600000E+03 0.289400E+04
-.103600E+04 0.600000E+03 0.481250E+04
-.103600E+04 0.600000E+03 0.527750E+04
-.100000E+04 0.600000E+03 0.527750E+04
-.100000E+04 0.600000E+03 0.481250E+04
-.103600E+04 0.600000E+03 0.540750E+04
-.103600E+04 0.600000E+03 0.567700E+04
-.100000E+04 0.600000E+03 0.567700E+04
-.100000E+04 0.600000E+03 0.540750E+04
0.100000E+04 0.600000E+03 0.540750E+04
0.100000E+04 0.600000E+03 0.567700E+04
0.103600E+04 0.600000E+03 0.567700E+04
0.103600E+04 0.600000E+03 0.540750E+04
-.916500E+03 0.600000E+03 0.354000E+03
-.916500E+03 0.600000E+03 0.110250E+04
-.720000E+03 0.600000E+03 0.110250E+04
-.720000E+03 0.600000E+03 0.354000E+03
-.103600E+04 0.600000E+03 0.110250E+04
-.103600E+04 0.600000E+03 0.158700E+04
-.916500E+03 0.600000E+03 0.158700E+04
-.916500E+03 0.600000E+03 0.110250E+04
-.434000E+03 0.600000E+03 0.105400E+04
-.434000E+03 0.600000E+03 0.139900E+04
-.316500E+03 0.600000E+03 0.139900E+04
-.316500E+03 0.600000E+03 0.105400E+04
0.317500E+03 0.600000E+03 0.105400E+04
0.317500E+03 0.600000E+03 0.139900E+04
0.436500E+03 0.600000E+03 0.139900E+04
0.436500E+03 0.600000E+03 0.105400E+04
0.317500E+03 0.600000E+03 0.105400E+04
-.316500E+03 0.600000E+03 0.105400E+04
-.316500E+03 0.600000E+03 0.139900E+04
0.317500E+03 0.600000E+03 0.139900E+04
-.320000E+03 0.600000E+03 0.289400E+04
-.320000E+03 0.600000E+03 0.469550E+04
-.815000E+02 0.600000E+03 0.469550E+04
-.815000E+02 0.600000E+03 0.289400E+04
-.717500E+03 0.600000E+03 0.289400E+04
-.717500E+03 0.600000E+03 0.390800E+04
-.320000E+03 0.600000E+03 0.390800E+04
-.320000E+03 0.600000E+03 0.289400E+04
-.460000E+03 0.600000E+03 0.390800E+04
-.460000E+03 0.600000E+03 0.469550E+04
-.320000E+03 0.600000E+03 0.469550E+04
-.320000E+03 0.600000E+03 0.390800E+04
-.587500E+03 0.600000E+03 0.390800E+04
-.587500E+03 0.600000E+03 0.469550E+04
-.460000E+03 0.600000E+03 0.469550E+04
-.460000E+03 0.600000E+03 0.390800E+04
-.717500E+03 0.600000E+03 0.390800E+04
-.717500E+03 0.600000E+03 0.469550E+04
-.587500E+03 0.600000E+03 0.469550E+04
-.587500E+03 0.600000E+03 0.390800E+04
-.320000E+03 0.600000E+03 0.481250E+04
-.320000E+03 0.600000E+03 0.567700E+04
-.815000E+02 0.600000E+03 0.567700E+04
-.815000E+02 0.600000E+03 0.481250E+04
-.460000E+03 0.600000E+03 0.481250E+04
-.460000E+03 0.600000E+03 0.567700E+04
-.320000E+03 0.600000E+03 0.567700E+04
-.320000E+03 0.600000E+03 0.481250E+04
-.587500E+03 0.600000E+03 0.481250E+04
-.587500E+03 0.600000E+03 0.567700E+04
-.460000E+03 0.600000E+03 0.567700E+04
-.460000E+03 0.600000E+03 0.481250E+04
0.882500E+03 0.600000E+03 0.326300E+04
0.882500E+03 0.600000E+03 0.417000E+04
0.103600E+04 0.600000E+03 0.417000E+04
0.103600E+04 0.600000E+03 0.326300E+04
0.103600E+04 0.600000E+03 0.445400E+04
0.103600E+04 0.600000E+03 0.417000E+04
0.882500E+03 0.600000E+03 0.417000E+04
0.882500E+03 0.600000E+03 0.445400E+04
0.882500E+03 0.600000E+03 0.405150E+04
0.882500E+03 0.600000E+03 0.289400E+04
0.720000E+03 0.600000E+03 0.289400E+04
0.720000E+03 0.600000E+03 0.405150E+04
0.631500E+03 0.600000E+03 0.289400E+04
0.631500E+03 0.600000E+03 0.405150E+04
0.720000E+03 0.600000E+03 0.405150E+04
0.720000E+03 0.600000E+03 0.289400E+04
0.720000E+03 0.600000E+03 0.423400E+04
0.720000E+03 0.600000E+03 0.469550E+04
0.882500E+03 0.600000E+03 0.469550E+04
0.882500E+03 0.600000E+03 0.423400E+04
0.631500E+03 0.600000E+03 0.423400E+04
0.631500E+03 0.600000E+03 0.469550E+04
0.720000E+03 0.600000E+03 0.469550E+04
0.720000E+03 0.600000E+03 0.423400E+04
0.720000E+03 0.600000E+03 0.405150E+04
0.720000E+03 0.600000E+03 0.423400E+04
0.882500E+03 0.600000E+03 0.423400E+04
0.882500E+03 0.600000E+03 0.405150E+04
0.631500E+03 0.600000E+03 0.405150E+04
0.631500E+03 0.600000E+03 0.423400E+04
0.720000E+03 0.600000E+03 0.423400E+04
0.720000E+03 0.600000E+03 0.405150E+04
-.886000E+03 0.600000E+03 0.481250E+04
-.886000E+03 0.600000E+03 0.518900E+04
-.587500E+03 0.600000E+03 0.518900E+04
-.587500E+03 0.600000E+03 0.481250E+04
-.100000E+04 0.600000E+03 0.481250E+04
-.100000E+04 0.600000E+03 0.518900E+04
-.886000E+03 0.600000E+03 0.518900E+04
-.886000E+03 0.600000E+03 0.481250E+04
-.720000E+03 0.600000E+03 0.194800E+04
-.720000E+03 0.600000E+03 0.277700E+04
-.496000E+03 0.600000E+03 0.277700E+04
-.496000E+03 0.600000E+03 0.194800E+04
-.496000E+03 0.600000E+03 0.194800E+04
-.496000E+03 0.600000E+03 0.277700E+04
-.433000E+03 0.600000E+03 0.277700E+04
-.433000E+03 0.600000E+03 0.194800E+04
-.815000E+02 0.600000E+03 0.209700E+04
-.317000E+03 0.600000E+03 0.209700E+04
-.317000E+03 0.600000E+03 0.228350E+04
-.815000E+02 0.600000E+03 0.228350E+04
-.433000E+03 0.600000E+03 0.209700E+04
-.433000E+03 0.600000E+03 0.228350E+04
-.317000E+03 0.600000E+03 0.228350E+04
-.317000E+03 0.600000E+03 0.209700E+04
-.815000E+02 0.600000E+03 0.194800E+04
-.317000E+03 0.600000E+03 0.194800E+04
-.317000E+03 0.600000E+03 0.209700E+04
-.815000E+02 0.600000E+03 0.209700E+04
-.433000E+03 0.600000E+03 0.194800E+04
-.433000E+03 0.600000E+03 0.209700E+04
-.317000E+03 0.600000E+03 0.209700E+04
-.317000E+03 0.600000E+03 0.194800E+04
-.317000E+03 0.600000E+03 0.175050E+04
-.100100E+04 0.600000E+03 0.175050E+04
-.100100E+04 0.600000E+03 0.194800E+04
-.317000E+03 0.600000E+03 0.194800E+04
-.202000E+03 0.600000E+03 0.277700E+04
-.202000E+03 0.600000E+03 0.257800E+04
-.317000E+03 0.600000E+03 0.257800E+04
-.317000E+03 0.600000E+03 0.277700E+04
-.433000E+03 0.600000E+03 0.257800E+04
-.433000E+03 0.600000E+03 0.277700E+04
-.317000E+03 0.600000E+03 0.277700E+04
-.317000E+03 0.600000E+03 0.257800E+04
-.317000E+03 0.600000E+03 0.228350E+04
-.317000E+03 0.600000E+03 0.240400E+04
-.202000E+03 0.600000E+03 0.240400E+04
-.202000E+03 0.600000E+03 0.228350E+04
-.433000E+03 0.600000E+03 0.228350E+04
-.433000E+03 0.600000E+03 0.240400E+04
-.317000E+03 0.600000E+03 0.240400E+04
-.317000E+03 0.600000E+03 0.228350E+04
0.815000E+02 0.600000E+03 0.209700E+04
0.815000E+02 0.600000E+03 0.228350E+04
0.202000E+03 0.600000E+03 0.228350E+04
0.202000E+03 0.600000E+03 0.209700E+04
0.346500E+03 0.600000E+03 0.194800E+04
0.346500E+03 0.600000E+03 0.213750E+04
0.464500E+03 0.600000E+03 0.213750E+04
0.464500E+03 0.600000E+03 0.194800E+04
0.346500E+03 0.600000E+03 0.277700E+04
0.346500E+03 0.600000E+03 0.209700E+04
0.202000E+03 0.600000E+03 0.209700E+04
0.202000E+03 0.600000E+03 0.277700E+04
0.346500E+03 0.600000E+03 0.213750E+04
0.346500E+03 0.600000E+03 0.277700E+04
0.464500E+03 0.600000E+03 0.277700E+04
0.464500E+03 0.600000E+03 0.213750E+04
0.577500E+03 0.600000E+03 0.209700E+04
0.577500E+03 0.600000E+03 0.277700E+04
0.695000E+03 0.600000E+03 0.277700E+04
0.695000E+03 0.600000E+03 0.209700E+04
0.577500E+03 0.600000E+03 0.277700E+04
0.577500E+03 0.600000E+03 0.194800E+04
0.464500E+03 0.600000E+03 0.194800E+04
0.464500E+03 0.600000E+03 0.277700E+04
0.886000E+03 0.600000E+03 0.518900E+04
0.886000E+03 0.600000E+03 0.481250E+04
0.689000E+03 0.600000E+03 0.481250E+04
0.689000E+03 0.600000E+03 0.518900E+04
0.584500E+03 0.600000E+03 0.481250E+04
0.584500E+03 0.600000E+03 0.518900E+04
0.689000E+03 0.600000E+03 0.518900E+04
0.689000E+03 0.600000E+03 0.481250E+04
0.584500E+03 0.600000E+03 0.518900E+04
0.584500E+03 0.600000E+03 0.567700E+04
0.886000E+03 0.600000E+03 0.567700E+04
0.886000E+03 0.600000E+03 0.518900E+04
0.886000E+03 0.600000E+03 0.540750E+04
0.886000E+03 0.600000E+03 0.567700E+04
0.100000E+04 0.600000E+03 0.567700E+04
0.100000E+04 0.600000E+03 0.540750E+04
0.109600E+04 0.600000E+03 0.567700E+04
0.000000E+00 0.600000E+03 0.567700E+04
0.000000E+00 0.600000E+03 0.573800E+04
0.109600E+04 0.600000E+03 0.573800E+04
-.886000E+03 0.600000E+03 0.518900E+04
-.886000E+03 0.600000E+03 0.567700E+04
-.587500E+03 0.600000E+03 0.567700E+04
-.587500E+03 0.600000E+03 0.518900E+04
-.100000E+04 0.600000E+03 0.540750E+04
-.100000E+04 0.600000E+03 0.567700E+04
-.886000E+03 0.600000E+03 0.567700E+04
-.886000E+03 0.600000E+03 0.540750E+04
0.480000E+03 0.600000E+03 0.289400E+04
0.480000E+03 0.600000E+03 0.469550E+04
0.631500E+03 0.600000E+03 0.469550E+04
0.631500E+03 0.600000E+03 0.289400E+04
0.240000E+03 0.600000E+03 0.289400E+04
0.240000E+03 0.600000E+03 0.469550E+04
0.480000E+03 0.600000E+03 0.469550E+04
0.480000E+03 0.600000E+03 0.289400E+04
0.240000E+03 0.600000E+03 0.469550E+04
0.240000E+03 0.600000E+03 0.289400E+04
0.815000E+02 0.600000E+03 0.289400E+04
0.815000E+02 0.600000E+03 0.469550E+04
0.584500E+03 0.600000E+03 0.567700E+04
0.584500E+03 0.600000E+03 0.481250E+04
0.480000E+03 0.600000E+03 0.481250E+04
0.480000E+03 0.600000E+03 0.567700E+04
0.240000E+03 0.600000E+03 0.481250E+04
0.240000E+03 0.600000E+03 0.567700E+04
0.480000E+03 0.600000E+03 0.567700E+04
0.480000E+03 0.600000E+03 0.481250E+04
0.815000E+02 0.600000E+03 0.481250E+04
0.815000E+02 0.600000E+03 0.567700E+04
0.240000E+03 0.600000E+03 0.567700E+04
0.240000E+03 0.600000E+03 0.481250E+04
-.626000E+03 0.600000E+03 0.408000E+03
-.626000E+03 0.600000E+03 0.158700E+04
-.496000E+03 0.600000E+03 0.158700E+04
-.496000E+03 0.600000E+03 0.408000E+03
-.720000E+03 0.600000E+03 0.408000E+03
-.720000E+03 0.600000E+03 0.158700E+04
-.626000E+03 0.600000E+03 0.158700E+04
-.626000E+03 0.600000E+03 0.408000E+03
0.617000E+03 0.600000E+03 0.158700E+04
-.103600E+04 0.600000E+03 0.158700E+04
-.103600E+04 0.600000E+03 0.164900E+04
0.617000E+03 0.600000E+03 0.164900E+04
-.103600E+04 0.600000E+03 0.175050E+04
-.103600E+04 0.600000E+03 0.277700E+04
-.100100E+04 0.600000E+03 0.277700E+04
-.100100E+04 0.600000E+03 0.175050E+04
0.927000E+03 0.600000E+03 0.194800E+04
0.927000E+03 0.600000E+03 0.277700E+04
0.100100E+04 0.600000E+03 0.277700E+04
0.100100E+04 0.600000E+03 0.194800E+04
0.695000E+03 0.600000E+03 0.194800E+04
0.695000E+03 0.600000E+03 0.277700E+04
0.927000E+03 0.600000E+03 0.277700E+04
0.927000E+03 0.600000E+03 0.194800E+04
0.100100E+04 0.600000E+03 0.175050E+04
0.464500E+03 0.600000E+03 0.175050E+04
0.464500E+03 0.600000E+03 0.194800E+04
0.100100E+04 0.600000E+03 0.194800E+04
0.346500E+03 0.600000E+03 0.175050E+04
0.346500E+03 0.600000E+03 0.194800E+04
0.464500E+03 0.600000E+03 0.194800E+04
0.464500E+03 0.600000E+03 0.175050E+04
-.815000E+02 0.600000E+03 0.529900E+04
-.815000E+02 0.600000E+03 0.551500E+04
0.815000E+02 0.600000E+03 0.551500E+04
0.815000E+02 0.600000E+03 0.529900E+04
-.815000E+02 0.600000E+03 0.494250E+04
-.815000E+02 0.600000E+03 0.516900E+04
0.815000E+02 0.600000E+03 0.516900E+04
0.815000E+02 0.600000E+03 0.494250E+04
-.815000E+02 0.600000E+03 0.302400E+04
-.815000E+02 0.600000E+03 0.332650E+04
0.815000E+02 0.600000E+03 0.332650E+04
0.815000E+02 0.600000E+03 0.302400E+04
-.815000E+02 0.600000E+03 0.345650E+04
-.815000E+02 0.600000E+03 0.375900E+04
0.815000E+02 0.600000E+03 0.375900E+04
0.815000E+02 0.600000E+03 0.345650E+04
-.815000E+02 0.600000E+03 0.388900E+04
-.815000E+02 0.600000E+03 0.410650E+04
0.815000E+02 0.600000E+03 0.410650E+04
0.815000E+02 0.600000E+03 0.388900E+04
0.815000E+02 0.600000E+03 0.423650E+04
-.815000E+02 0.600000E+03 0.423650E+04
-.815000E+02 0.600000E+03 0.436600E+04
0.815000E+02 0.600000E+03 0.436600E+04
0.815000E+02 0.600000E+03 0.449600E+04
-.815000E+02 0.600000E+03 0.449600E+04
-.815000E+02 0.600000E+03 0.458250E+04
0.815000E+02 0.600000E+03 0.458250E+04
0.103600E+04 0.600000E+03 0.477500E+04
-.103600E+04 0.600000E+03 0.477500E+04
-.103600E+04 0.600000E+03 0.481250E+04
0.103600E+04 0.600000E+03 0.481250E+04
0.103600E+04 0.600000E+03 0.277700E+04
0.103600E+04 0.600000E+03 0.407300E+04
0.109600E+04 0.600000E+03 0.407300E+04
0.109600E+04 0.600000E+03 0.277700E+04
0.103600E+04 0.600000E+03 0.277700E+04
-.103600E+04 0.600000E+03 0.277700E+04
-.103600E+04 0.600000E+03 0.282650E+04
0.103600E+04 0.600000E+03 0.282650E+04
0.202000E+03 0.600000E+03 0.268800E+04
-.202000E+03 0.600000E+03 0.268800E+04
-.202000E+03 0.600000E+03 0.277700E+04
0.202000E+03 0.600000E+03 0.277700E+04
-.815000E+02 0.600000E+03 0.228350E+04
0.815000E+02 0.600000E+03 0.228350E+04
0.815000E+02 0.600000E+03 0.214000E+04
-.815000E+02 0.600000E+03 0.214000E+04
-.815000E+02 0.600000E+03 0.200850E+04
0.815000E+02 0.600000E+03 0.200850E+04
0.815000E+02 0.600000E+03 0.194800E+04
-.815000E+02 0.600000E+03 0.194800E+04
-.317000E+03 0.600000E+03 0.194800E+04
0.346500E+03 0.600000E+03 0.194800E+04
0.346500E+03 0.600000E+03 0.175050E+04
-.317000E+03 0.600000E+03 0.175050E+04
0.103600E+04 0.600000E+03 0.475000E+04
-.103600E+04 0.600000E+03 0.475000E+04
-.103600E+04 0.600000E+03 0.477500E+04
0.103600E+04 0.600000E+03 0.477500E+04
0.356000E+03 0.600000E+03 0.354000E+03
0.109600E+04 0.600000E+03 0.354000E+03
0.109590E+04 0.600000E+03 0.308000E+03
0.356000E+03 0.600000E+03 0.308000E+03
-.109600E+04 0.600000E+03 0.354000E+03
-.356000E+03 0.600000E+03 0.354000E+03
-.356000E+03 0.600000E+03 0.308000E+03
-.109590E+04 0.600000E+03 0.308000E+03
-.202000E+03 0.600000E+03 0.234400E+04
-.202000E+03 0.600000E+03 0.262800E+04
-.142000E+03 0.600000E+03 0.262800E+04
-.142000E+03 0.600000E+03 0.234400E+04
0.142000E+03 0.600000E+03 0.234400E+04
0.142000E+03 0.600000E+03 0.262800E+04
0.202000E+03 0.600000E+03 0.262800E+04
0.202000E+03 0.600000E+03 0.234400E+04
0.815000E+02 0.600000E+03 0.494250E+04
0.815000E+02 0.600000E+03 0.481250E+04
0.000000E+00 0.600000E+03 0.481250E+04
0.000000E+00 0.600000E+03 0.494250E+04
0.000000E+00 0.600000E+03 0.516900E+04
0.000000E+00 0.600000E+03 0.529900E+04
0.815000E+02 0.600000E+03 0.529900E+04
0.815000E+02 0.600000E+03 0.516900E+04
0.815000E+02 0.600000E+03 0.567700E+04
0.815000E+02 0.600000E+03 0.551500E+04
0.000000E+00 0.600000E+03 0.551500E+04
0.000000E+00 0.600000E+03 0.567700E+04
0.000000E+00 0.600000E+03 0.289400E+04
0.000000E+00 0.600000E+03 0.302400E+04
0.815000E+02 0.600000E+03 0.302400E+04
0.815000E+02 0.600000E+03 0.289400E+04
0.103600E+04 0.600000E+03 0.133050E+04
0.617000E+03 0.600000E+03 0.133050E+04
0.617000E+03 0.600000E+03 0.158700E+04
0.103600E+04 0.600000E+03 0.158700E+04
0.100000E+04 0.600000E+03 0.527750E+04
0.100000E+04 0.600000E+03 0.540750E+04
0.103600E+04 0.600000E+03 0.540750E+04
0.103600E+04 0.600000E+03 0.527750E+04
0.882500E+03 0.600000E+03 0.445400E+04
0.882500E+03 0.600000E+03 0.469550E+04
0.103600E+04 0.600000E+03 0.469550E+04
0.103600E+04 0.600000E+03 0.445400E+04
0.882500E+03 0.600000E+03 0.309300E+04
0.882500E+03 0.600000E+03 0.326300E+04
0.103600E+04 0.600000E+03 0.326300E+04
0.103600E+04 0.600000E+03 0.309300E+04
-.103600E+04 0.600000E+03 0.309300E+04
-.103600E+04 0.600000E+03 0.326300E+04
-.882500E+03 0.600000E+03 0.326300E+04
-.882500E+03 0.600000E+03 0.309300E+04
-.103600E+04 0.600000E+03 0.527750E+04
-.103600E+04 0.600000E+03 0.540750E+04
-.100000E+04 0.600000E+03 0.540750E+04
-.100000E+04 0.600000E+03 0.527750E+04
-.103600E+04 0.600000E+03 0.175050E+04
-.103600E+04 0.600000E+03 0.354000E+03
-.109600E+04 0.600000E+03 0.354000E+03
-.109600E+04 0.600000E+03 0.175050E+04
0.103600E+04 0.600000E+03 0.354000E+03
0.103600E+04 0.600000E+03 0.175050E+04
0.109600E+04 0.600000E+03 0.175050E+04
0.109600E+04 0.600000E+03 0.354000E+03
-.103600E+04 0.600000E+03 0.356800E+04
-.103600E+04 0.600000E+03 0.423450E+04
-.882500E+03 0.600000E+03 0.423450E+04
-.882500E+03 0.600000E+03 0.356800E+04
-.815000E+02 0.600000E+03 0.481250E+04
-.815000E+02 0.600000E+03 0.494250E+04
0.000000E+00 0.600000E+03 0.494250E+04
0.000000E+00 0.600000E+03 0.481250E+04
0.000000E+00 0.600000E+03 0.529900E+04
0.000000E+00 0.600000E+03 0.516900E+04
-.815000E+02 0.600000E+03 0.516900E+04
-.815000E+02 0.600000E+03 0.529900E+04
-.815000E+02 0.600000E+03 0.551500E+04
-.815000E+02 0.600000E+03 0.567700E+04
0.000000E+00 0.600000E+03 0.567700E+04
0.000000E+00 0.600000E+03 0.551500E+04
-.815000E+02 0.600000E+03 0.289400E+04
-.815000E+02 0.600000E+03 0.302400E+04
0.000000E+00 0.600000E+03 0.302400E+04
0.000000E+00 0.600000E+03 0.289400E+04
0.103600E+04 0.600000E+03 0.164900E+04
0.617000E+03 0.600000E+03 0.164900E+04
0.617000E+03 0.600000E+03 0.170050E+04
0.103600E+04 0.600000E+03 0.170050E+04
0.100000E+04 0.600000E+03 0.481250E+04
0.886000E+03 0.600000E+03 0.481250E+04
0.886000E+03 0.600000E+03 0.491250E+04
0.100000E+04 0.600000E+03 0.491250E+04
-.100000E+04 0.600000E+03 0.527750E+04
-.100000E+04 0.600000E+03 0.540750E+04
-.886000E+03 0.600000E+03 0.540750E+04
-.886000E+03 0.600000E+03 0.527750E+04
0.100000E+04 0.600000E+03 0.481250E+04
0.100000E+04 0.600000E+03 0.491250E+04
0.103600E+04 0.600000E+03 0.491250E+04
0.103600E+04 0.600000E+03 0.481250E+04
0.886000E+03 0.600000E+03 0.527750E+04
0.886000E+03 0.600000E+03 0.540750E+04
0.100000E+04 0.600000E+03 0.540750E+04
0.100000E+04 0.600000E+03 0.527750E+04
-.317000E+03 0.600000E+03 0.240400E+04
-.317000E+03 0.600000E+03 0.257800E+04
-.202000E+03 0.600000E+03 0.257800E+04
-.202000E+03 0.600000E+03 0.240400E+04
-.433000E+03 0.600000E+03 0.240400E+04
-.433000E+03 0.600000E+03 0.257800E+04
-.317000E+03 0.600000E+03 0.257800E+04
-.317000E+03 0.600000E+03 0.240400E+04
0.103600E+04 0.600000E+03 0.158700E+04
0.617000E+03 0.600000E+03 0.158700E+04
0.617000E+03 0.600000E+03 0.164900E+04
0.103600E+04 0.600000E+03 0.164900E+04
0.103600E+04 0.600000E+03 0.175050E+04
0.103600E+04 0.600000E+03 0.277700E+04
0.109600E+04 0.600000E+03 0.277700E+04
0.109600E+04 0.600000E+03 0.175050E+04
0.000000E+00 0.600000E+03 0.567700E+04
-.109600E+04 0.600000E+03 0.567700E+04
-.109600E+04 0.600000E+03 0.573800E+04
0.000000E+00 0.600000E+03 0.573800E+04
0.000000E+00 0.600000E+03 0.345650E+04
0.000000E+00 0.600000E+03 0.332650E+04
-.815000E+02 0.600000E+03 0.332650E+04
-.815000E+02 0.600000E+03 0.345650E+04
0.000000E+00 0.600000E+03 0.388900E+04
0.000000E+00 0.600000E+03 0.375900E+04
-.815000E+02 0.600000E+03 0.375900E+04
-.815000E+02 0.600000E+03 0.388900E+04
0.000000E+00 0.600000E+03 0.423650E+04
0.000000E+00 0.600000E+03 0.410650E+04
-.815000E+02 0.600000E+03 0.410650E+04
-.815000E+02 0.600000E+03 0.423650E+04
0.000000E+00 0.600000E+03 0.449600E+04
0.000000E+00 0.600000E+03 0.436600E+04
-.815000E+02 0.600000E+03 0.436600E+04
-.815000E+02 0.600000E+03 0.449600E+04
0.000000E+00 0.600000E+03 0.469550E+04
0.000000E+00 0.600000E+03 0.458250E+04
-.815000E+02 0.600000E+03 0.458250E+04
-.815000E+02 0.600000E+03 0.469550E+04
0.000000E+00 0.600000E+03 0.332650E+04
0.000000E+00 0.600000E+03 0.345650E+04
0.815000E+02 0.600000E+03 0.345650E+04
0.815000E+02 0.600000E+03 0.332650E+04
0.000000E+00 0.600000E+03 0.375900E+04
0.000000E+00 0.600000E+03 0.388900E+04
0.815000E+02 0.600000E+03 0.388900E+04
0.815000E+02 0.600000E+03 0.375900E+04
0.000000E+00 0.600000E+03 0.410650E+04
0.000000E+00 0.600000E+03 0.423650E+04
0.815000E+02 0.600000E+03 0.423650E+04
0.815000E+02 0.600000E+03 0.410650E+04
0.000000E+00 0.600000E+03 0.436600E+04
0.000000E+00 0.600000E+03 0.449600E+04
0.815000E+02 0.600000E+03 0.449600E+04
0.815000E+02 0.600000E+03 0.436600E+04
0.000000E+00 0.600000E+03 0.458250E+04
0.000000E+00 0.600000E+03 0.469550E+04
0.815000E+02 0.600000E+03 0.469550E+04
0.815000E+02 0.600000E+03 0.458250E+04
-.103600E+04 0.600000E+03 0.567700E+04
-.103600E+04 0.600000E+03 0.413100E+04
-.109600E+04 0.600000E+03 0.413100E+04
-.109600E+04 0.600000E+03 0.567700E+04
0.109600E+04 0.600000E+03 0.567700E+04
0.109600E+04 0.600000E+03 0.407300E+04
0.103600E+04 0.600000E+03 0.407300E+04
0.103600E+04 0.600000E+03 0.567700E+04
0.103600E+04 0.600000E+03 0.469550E+04
-.103600E+04 0.600000E+03 0.469550E+04
-.103600E+04 0.600000E+03 0.475000E+04
0.103600E+04 0.600000E+03 0.475000E+04
-.103600E+04 0.600000E+03 0.285150E+04
-.103600E+04 0.600000E+03 0.175050E+04
-.109600E+04 0.600000E+03 0.175050E+04
-.109600E+04 0.600000E+03 0.285150E+04
0.103600E+04 0.600000E+03 0.285150E+04
-.103600E+04 0.600000E+03 0.285150E+04
-.103600E+04 0.600000E+03 0.289400E+04
0.103600E+04 0.600000E+03 0.289400E+04
0.202000E+03 0.600000E+03 0.262800E+04
-.202000E+03 0.600000E+03 0.262800E+04
-.202000E+03 0.600000E+03 0.268800E+04
0.202000E+03 0.600000E+03 0.268800E+04
-.202000E+03 0.600000E+03 0.234400E+04
0.202000E+03 0.600000E+03 0.234400E+04
0.202000E+03 0.600000E+03 0.228350E+04
-.202000E+03 0.600000E+03 0.228350E+04
-.815000E+02 0.600000E+03 0.214000E+04
0.815000E+02 0.600000E+03 0.214000E+04
0.815000E+02 0.600000E+03 0.200850E+04
-.815000E+02 0.600000E+03 0.200850E+04
0.103600E+04 0.600000E+03 0.170050E+04
-.103600E+04 0.600000E+03 0.170050E+04
-.103600E+04 0.600000E+03 0.175050E+04
0.103600E+04 0.600000E+03 0.175050E+04
0.103600E+04 0.600000E+03 0.282650E+04
-.103600E+04 0.600000E+03 0.282650E+04
-.103600E+04 0.600000E+03 0.285150E+04
0.103600E+04 0.600000E+03 0.285150E+04
-.275000E+03 -.350000E+03 0.308000E+03
0.275000E+03 -.350000E+03 0.308000E+03
0.275000E+03 -.600000E+03 0.308000E+03
-.275000E+03 -.600000E+03 0.308000E+03
0.275000E+03 0.212000E+03 0.308000E+03
-.275000E+03 0.212000E+03 0.308000E+03
-.275000E+03 0.600000E+03 0.308000E+03
0.275000E+03 0.600000E+03 0.308000E+03
-.109590E+04 -.600000E+03 0.308000E+03
-.109590E+04 0.600000E+03 0.308000E+03
-.349000E+03 0.600000E+03 0.308000E+03
-.349000E+03 -.600000E+03 0.308000E+03
0.346000E+03 -.600000E+03 0.308000E+03
0.346000E+03 0.600000E+03 0.308000E+03
0.109590E+04 0.600000E+03 0.308000E+03
0.109590E+04 -.600000E+03 0.308000E+03
0.275000E+03 0.212000E+03 0.308000E+03
0.275000E+03 -.690000E+02 0.308000E+03
0.000000E+00 -.690000E+02 0.308000E+03
0.000000E+00 0.212000E+03 0.308000E+03
0.275000E+03 -.690000E+02 0.308000E+03
0.275000E+03 -.350000E+03 0.308000E+03
0.000000E+00 -.350000E+03 0.308000E+03
0.000000E+00 -.690000E+02 0.308000E+03
0.000000E+00 0.212000E+03 0.308000E+03
0.000000E+00 -.690000E+02 0.308000E+03
-.275000E+03 -.690000E+02 0.308000E+03
-.275000E+03 0.212000E+03 0.308000E+03
0.000000E+00 -.690000E+02 0.308000E+03
0.000000E+00 -.350000E+03 0.308000E+03
-.275000E+03 -.350000E+03 0.308000E+03
-.275000E+03 -.690000E+02 0.308000E+03
-.275000E+03 0.000000E+00 0.308000E+03
-.275000E+03 -.600000E+03 0.308000E+03
-.349000E+03 -.600000E+03 0.308000E+03
-.349000E+03 0.000000E+00 0.308000E+03
-.275000E+03 0.600000E+03 0.308000E+03
-.275000E+03 0.000000E+00 0.308000E+03
-.349000E+03 0.000000E+00 0.308000E+03
-.349000E+03 0.600000E+03 0.308000E+03
0.275000E+03 0.000000E+00 0.308000E+03
0.275000E+03 0.600000E+03 0.308000E+03
0.346000E+03 0.600000E+03 0.308000E+03
0.346000E+03 0.000000E+00 0.308000E+03
0.275000E+03 -.600000E+03 0.308000E+03
0.275000E+03 0.000000E+00 0.308000E+03
0.346000E+03 0.000000E+00 0.308000E+03
0.346000E+03 -.600000E+03 0.308000E+03
0.109590E+04 0.600000E+03 0.308000E+03
0.109590E+04 0.402500E+03 0.308000E+03
0.116710E+04 0.402500E+03 0.308000E+03
0.116710E+04 0.600000E+03 0.308000E+03
0.116710E+04 -.600000E+03 0.308000E+03
0.116710E+04 -.402500E+03 0.308000E+03
0.109590E+04 -.402500E+03 0.308000E+03
0.109590E+04 -.600000E+03 0.308000E+03
-.116690E+04 0.600000E+03 0.308000E+03
-.116690E+04 0.402500E+03 0.308000E+03
-.109590E+04 0.402500E+03 0.308000E+03
-.109590E+04 0.600000E+03 0.308000E+03
-.109590E+04 -.600000E+03 0.308000E+03
-.109590E+04 -.402500E+03 0.308000E+03
-.116690E+04 -.402500E+03 0.308000E+03
-.116690E+04 -.600000E+03 0.308000E+03
0.116710E+04 -.402500E+03 0.308000E+03
0.116710E+04 -.600000E+03 0.308000E+03
0.109590E+04 -.600000E+03 0.308000E+03
0.109590E+04 -.402500E+03 0.308000E+03
0.116710E+04 0.600000E+03 0.308000E+03
0.116710E+04 0.402500E+03 0.308000E+03
0.109590E+04 0.402500E+03 0.308000E+03
0.109590E+04 0.600000E+03 0.308000E+03
-.116690E+04 -.600000E+03 0.308000E+03
-.116690E+04 -.402500E+03 0.308000E+03
-.109590E+04 -.402500E+03 0.308000E+03
-.109590E+04 -.600000E+03 0.308000E+03
-.116690E+04 0.402500E+03 0.308000E+03
-.116690E+04 0.600000E+03 0.308000E+03
-.109590E+04 0.600000E+03 0.308000E+03
-.109590E+04 0.402500E+03 0.308000E+03
-.109600E+04 0.365200E+03 0.296050E+04
-.109600E+04 0.365200E+03 0.350800E+04
-.109600E+04 0.515000E+03 0.350800E+04
-.109600E+04 0.515000E+03 0.296050E+04
-.109600E+04 0.845000E+02 0.222600E+04
-.109600E+04 0.845000E+02 0.179400E+04
-.109600E+04 -.355000E+02 0.179400E+04
-.109600E+04 -.355000E+02 0.222600E+04
-.109600E+04 -.302500E+03 0.353600E+04
-.109600E+04 -.302500E+03 0.288050E+04
-.109600E+04 -.515000E+03 0.288050E+04
-.109600E+04 -.515000E+03 0.353600E+04
-.109600E+04 -.515000E+03 0.353600E+04
-.109600E+04 -.515000E+03 0.413050E+04
-.109600E+04 -.343700E+03 0.413050E+04
-.109600E+04 -.343700E+03 0.353600E+04
-.109600E+04 0.444500E+03 0.242900E+04
-.109600E+04 0.444500E+03 0.261050E+04
-.109600E+04 0.515000E+03 0.261050E+04
-.109600E+04 0.515000E+03 0.242900E+04
-.109600E+04 0.105000E+03 0.113900E+04
-.109600E+04 -.440000E+03 0.113900E+04
-.109600E+04 -.440000E+03 0.157500E+04
-.109600E+04 0.105000E+03 0.157500E+04
-.109600E+04 0.105000E+03 0.101180E+04
-.109600E+04 -.440000E+03 0.101180E+04
-.109600E+04 -.440000E+03 0.113900E+04
-.109600E+04 0.105000E+03 0.113900E+04
-.109600E+04 0.515000E+03 0.242900E+04
-.109600E+04 0.515000E+03 0.184700E+04
-.109600E+04 0.335000E+03 0.184700E+04
-.109600E+04 0.335000E+03 0.242900E+04
-.109600E+04 0.845000E+02 0.184700E+04
-.109600E+04 0.845000E+02 0.242900E+04
-.109600E+04 0.255000E+03 0.242900E+04
-.109600E+04 0.255000E+03 0.184700E+04
-.109600E+04 0.255000E+03 0.219400E+04
-.109600E+04 0.255000E+03 0.242900E+04
-.109600E+04 0.335000E+03 0.242900E+04
-.109600E+04 0.335000E+03 0.219400E+04
-.109600E+04 0.335000E+03 0.205400E+04
-.109600E+04 0.335000E+03 0.184700E+04
-.109600E+04 0.255000E+03 0.184700E+04
-.109600E+04 0.255000E+03 0.205400E+04
-.109600E+04 0.335000E+03 0.219400E+04
-.109600E+04 0.335000E+03 0.205400E+04
-.109600E+04 0.255000E+03 0.205400E+04
-.109600E+04 0.255000E+03 0.219400E+04
-.109600E+04 -.355000E+02 0.242900E+04
-.109600E+04 -.355000E+02 0.179400E+04
-.109600E+04 -.180300E+03 0.179400E+04
-.109600E+04 -.180300E+03 0.242900E+04
-.109600E+04 -.325000E+03 0.242900E+04
-.109600E+04 -.325000E+03 0.179400E+04
-.109600E+04 -.425000E+03 0.179400E+04
-.109600E+04 -.425000E+03 0.242900E+04
-.109600E+04 -.325000E+03 0.179400E+04
-.109600E+04 -.325000E+03 0.202800E+04
-.109600E+04 -.180300E+03 0.202800E+04
-.109600E+04 -.180300E+03 0.179400E+04
-.109600E+04 -.180300E+03 0.219400E+04
-.109600E+04 -.180300E+03 0.202800E+04
-.109600E+04 -.325000E+03 0.202800E+04
-.109600E+04 -.325000E+03 0.219400E+04
-.109600E+04 -.180300E+03 0.242900E+04
-.109600E+04 -.180300E+03 0.219400E+04
-.109600E+04 -.325000E+03 0.219400E+04
-.109600E+04 -.325000E+03 0.242900E+04
-.109600E+04 -.515000E+03 0.179400E+04
-.109600E+04 -.515000E+03 0.242900E+04
-.109600E+04 -.425000E+03 0.242900E+04
-.109600E+04 -.425000E+03 0.179400E+04
-.109600E+04 0.444500E+03 0.242900E+04
-.109600E+04 -.395500E+03 0.242900E+04
-.109600E+04 -.395500E+03 0.254900E+04
-.109600E+04 0.444500E+03 0.254900E+04
-.109600E+04 -.235500E+03 0.274800E+04
-.109600E+04 -.235500E+03 0.259400E+04
-.109600E+04 -.355500E+03 0.259400E+04
-.109600E+04 -.355500E+03 0.274800E+04
-.109600E+04 -.355500E+03 0.281050E+04
-.109600E+04 -.355500E+03 0.259400E+04
-.109600E+04 -.395500E+03 0.259400E+04
-.109600E+04 -.395500E+03 0.281050E+04
-.109600E+04 -.235500E+03 0.271200E+04
-.109600E+04 0.444500E+03 0.271200E+04
-.109600E+04 0.444500E+03 0.259400E+04
-.109600E+04 -.235500E+03 0.259400E+04
-.109600E+04 -.395500E+03 0.259400E+04
-.109600E+04 -.950000E+02 0.259400E+04
-.109600E+04 -.950000E+02 0.254900E+04
-.109600E+04 -.395500E+03 0.254900E+04
-.109600E+04 0.145000E+03 0.254900E+04
-.109600E+04 -.950000E+02 0.254900E+04
-.109600E+04 -.950000E+02 0.259400E+04
-.109600E+04 0.145000E+03 0.259400E+04
-.109600E+04 0.444500E+03 0.254900E+04
-.109600E+04 0.145000E+03 0.254900E+04
-.109600E+04 0.145000E+03 0.259400E+04
-.109600E+04 0.444500E+03 0.259400E+04
-.109600E+04 -.840000E+02 0.296050E+04
-.109600E+04 -.840000E+02 0.350800E+04
-.109600E+04 0.122000E+03 0.350800E+04
-.109600E+04 0.122000E+03 0.296050E+04
-.109600E+04 0.365200E+03 0.327400E+04
-.109600E+04 0.122000E+03 0.327400E+04
-.109600E+04 0.122000E+03 0.350800E+04
-.109600E+04 0.365200E+03 0.350800E+04
-.109600E+04 0.122000E+03 0.318400E+04
-.109600E+04 0.365200E+03 0.318400E+04
-.109600E+04 0.365200E+03 0.296050E+04
-.109600E+04 0.122000E+03 0.296050E+04
-.109600E+04 0.122000E+03 0.327400E+04
-.109600E+04 0.365200E+03 0.327400E+04
-.109600E+04 0.365200E+03 0.318400E+04
-.109600E+04 0.122000E+03 0.318400E+04
-.109600E+04 -.302500E+03 0.288050E+04
-.109600E+04 -.302500E+03 0.353600E+04
-.109600E+04 -.198300E+03 0.353600E+04
-.109600E+04 -.198300E+03 0.288050E+04
-.109600E+04 -.198300E+03 0.329400E+04
-.109600E+04 -.198300E+03 0.353600E+04
-.109600E+04 -.840000E+02 0.353600E+04
-.109600E+04 -.840000E+02 0.329400E+04
-.109600E+04 -.840000E+02 0.311900E+04
-.109600E+04 -.840000E+02 0.288050E+04
-.109600E+04 -.198300E+03 0.288050E+04
-.109600E+04 -.198300E+03 0.311900E+04
-.109600E+04 -.840000E+02 0.329400E+04
-.109600E+04 -.840000E+02 0.311900E+04
-.109600E+04 -.198300E+03 0.311900E+04
-.109600E+04 -.198300E+03 0.329400E+04
-.109600E+04 -.343700E+03 0.353600E+04
-.109600E+04 -.343700E+03 0.413050E+04
-.109600E+04 -.225000E+03 0.413050E+04
-.109600E+04 -.225000E+03 0.353600E+04
-.109600E+04 -.225000E+03 0.390400E+04
-.109600E+04 -.225000E+03 0.413050E+04
-.109600E+04 -.176500E+03 0.413050E+04
-.109600E+04 -.176500E+03 0.390400E+04
-.109600E+04 -.176500E+03 0.375400E+04
-.109600E+04 -.176500E+03 0.353600E+04
-.109600E+04 -.225000E+03 0.353600E+04
-.109600E+04 -.225000E+03 0.375400E+04
-.109600E+04 -.176500E+03 0.390400E+04
-.109600E+04 -.176500E+03 0.375400E+04
-.109600E+04 -.225000E+03 0.375400E+04
-.109600E+04 -.225000E+03 0.390400E+04
-.109600E+04 -.600000E+03 0.413050E+04
-.109600E+04 -.600000E+03 0.481250E+04
-.109600E+04 -.106000E+03 0.481250E+04
-.109600E+04 -.106000E+03 0.413050E+04
-.109600E+04 -.600000E+03 0.573800E+04
-.109600E+04 0.600000E+03 0.573800E+04
-.109600E+04 0.600000E+03 0.481250E+04
-.109600E+04 -.600000E+03 0.481250E+04
-.109600E+04 -.840000E+02 0.350800E+04
-.109600E+04 -.840000E+02 0.413050E+04
-.109600E+04 0.515000E+03 0.413050E+04
-.109600E+04 0.515000E+03 0.350800E+04
-.109600E+04 0.515000E+03 0.288050E+04
-.109600E+04 -.840000E+02 0.288050E+04
-.109600E+04 -.840000E+02 0.296050E+04
-.109600E+04 0.515000E+03 0.296050E+04
-.109600E+04 -.515000E+03 0.413050E+04
-.109600E+04 -.515000E+03 0.173400E+04
-.109600E+04 -.600000E+03 0.173400E+04
-.109600E+04 -.600000E+03 0.413050E+04
-.109600E+04 -.235500E+03 0.274800E+04
-.109600E+04 -.355500E+03 0.274800E+04
-.109600E+04 -.355500E+03 0.281050E+04
-.109600E+04 -.235500E+03 0.281050E+04
-.109600E+04 0.845000E+02 0.242900E+04
-.109600E+04 0.845000E+02 0.222600E+04
-.109600E+04 -.355000E+02 0.222600E+04
-.109600E+04 -.355000E+02 0.242900E+04
-.109600E+04 0.515000E+03 0.173400E+04
-.109600E+04 0.515000E+03 0.288050E+04
-.109600E+04 0.600000E+03 0.288050E+04
-.109600E+04 0.600000E+03 0.173400E+04
-.109600E+04 0.414300E+03 0.173400E+04
-.109600E+04 0.414300E+03 0.184700E+04
-.109600E+04 0.515000E+03 0.184700E+04
-.109600E+04 0.515000E+03 0.173400E+04
-.109600E+04 -.176500E+03 0.353600E+04
-.109600E+04 -.176500E+03 0.413050E+04
-.109600E+04 -.840000E+02 0.413050E+04
-.109600E+04 -.840000E+02 0.353600E+04
-.109600E+04 0.845000E+02 0.173400E+04
-.109600E+04 -.515000E+03 0.173400E+04
-.109600E+04 -.515000E+03 0.179400E+04
-.109600E+04 0.845000E+02 0.179400E+04
-.109600E+04 0.414300E+03 0.173400E+04
-.109600E+04 0.845000E+02 0.173400E+04
-.109600E+04 0.845000E+02 0.184700E+04
-.109600E+04 0.414300E+03 0.184700E+04
-.109600E+04 0.324200E+03 0.113900E+04
-.109600E+04 0.515000E+03 0.113900E+04
-.109600E+04 0.515000E+03 0.106900E+04
-.109600E+04 0.324200E+03 0.106900E+04
-.109600E+04 0.198800E+03 0.113900E+04
-.109600E+04 0.198800E+03 0.910500E+03
-.109600E+04 0.105000E+03 0.910500E+03
-.109600E+04 0.105000E+03 0.113900E+04
-.109600E+04 0.105000E+03 0.113900E+04
-.109600E+04 0.105000E+03 0.173400E+04
-.109600E+04 0.600000E+03 0.173400E+04
-.109600E+04 0.600000E+03 0.113900E+04
-.109600E+04 0.324200E+03 0.106900E+04
-.109600E+04 0.515000E+03 0.106900E+04
-.109600E+04 0.515000E+03 0.910500E+03
-.109600E+04 0.324200E+03 0.910500E+03
-.109590E+04 0.600000E+03 0.308000E+03
-.109590E+04 -.600000E+03 0.308000E+03
-.109600E+04 -.600000E+03 0.910500E+03
-.109600E+04 0.600000E+03 0.910500E+03
-.109600E+04 0.515000E+03 0.910500E+03
-.109600E+04 0.515000E+03 0.113900E+04
-.109600E+04 0.600000E+03 0.113900E+04
-.109600E+04 0.600000E+03 0.910500E+03
-.109600E+04 0.324200E+03 0.910500E+03
-.109600E+04 0.198800E+03 0.910500E+03
-.109600E+04 0.198800E+03 0.958000E+03
-.109600E+04 0.324200E+03 0.958000E+03
-.109590E+04 0.600000E+03 0.477450E+04
-.109600E+04 -.106000E+03 0.477450E+04
-.109600E+04 -.106000E+03 0.481250E+04
-.109600E+04 0.600000E+03 0.481250E+04
-.109600E+04 0.198800E+03 0.958000E+03
-.109600E+04 0.198800E+03 0.113900E+04
-.109600E+04 0.324200E+03 0.113900E+04
-.109600E+04 0.324200E+03 0.958000E+03
-.109600E+04 -.600000E+03 0.910500E+03
-.109600E+04 -.600000E+03 0.173400E+04
-.109600E+04 -.515000E+03 0.173400E+04
-.109600E+04 -.515000E+03 0.910500E+03
-.109600E+04 -.440000E+03 0.157500E+04
-.109600E+04 -.440000E+03 0.101180E+04
-.109600E+04 -.515000E+03 0.101180E+04
-.109600E+04 -.515000E+03 0.157500E+04
-.109600E+04 0.105000E+03 0.157500E+04
-.109600E+04 -.515000E+03 0.157500E+04
-.109600E+04 -.515000E+03 0.173400E+04
-.109600E+04 0.105000E+03 0.173400E+04
-.109600E+04 -.515000E+03 0.101180E+04
-.109600E+04 0.105000E+03 0.101180E+04
-.109600E+04 0.105000E+03 0.910500E+03
-.109600E+04 -.515000E+03 0.910500E+03
-.109600E+04 0.600000E+03 0.413050E+04
-.109600E+04 0.600000E+03 0.288050E+04
-.109600E+04 0.515000E+03 0.288050E+04
-.109600E+04 0.515000E+03 0.413050E+04
-.109600E+04 -.395500E+03 0.281050E+04
-.109600E+04 -.395500E+03 0.242900E+04
-.109600E+04 -.515000E+03 0.242900E+04
-.109600E+04 -.515000E+03 0.281050E+04
-.109600E+04 0.444500E+03 0.261050E+04
-.109600E+04 0.444500E+03 0.281050E+04
-.109600E+04 0.515000E+03 0.281050E+04
-.109600E+04 0.515000E+03 0.261050E+04
-.109600E+04 0.515000E+03 0.281050E+04
-.109600E+04 -.515000E+03 0.281050E+04
-.109600E+04 -.515000E+03 0.288050E+04
-.109600E+04 0.515000E+03 0.288050E+04
-.109600E+04 0.444500E+03 0.271200E+04
-.109600E+04 -.235500E+03 0.271200E+04
-.109600E+04 -.235500E+03 0.281050E+04
-.109600E+04 0.444500E+03 0.281050E+04
0.109600E+04 0.149500E+03 0.539125E+04
0.109600E+04 0.149500E+03 0.418525E+04
0.109600E+04 0.600000E+03 0.418525E+04
0.109600E+04 0.600000E+03 0.539125E+04
0.109600E+04 0.600000E+03 0.573800E+04
0.109600E+04 -.600000E+03 0.573800E+04
0.109600E+04 -.600000E+03 0.539125E+04
0.109600E+04 0.600000E+03 0.539125E+04
0.109600E+04 0.239600E+03 0.360170E+04
0.109600E+04 0.239600E+03 0.406450E+04
0.109600E+04 0.940000E+02 0.406450E+04
0.109600E+04 0.940000E+02 0.360170E+04
0.109600E+04 -.515000E+03 0.173400E+04
0.109600E+04 -.515000E+03 0.299950E+04
0.109600E+04 -.600000E+03 0.299950E+04
0.109600E+04 -.600000E+03 0.173400E+04
0.109600E+04 -.414300E+03 0.173400E+04
0.109600E+04 -.414300E+03 0.184700E+04
0.109600E+04 -.515000E+03 0.184700E+04
0.109600E+04 -.515000E+03 0.173400E+04
0.109600E+04 0.515000E+03 0.184700E+04
0.109600E+04 0.358000E+03 0.184700E+04
0.109600E+04 0.358000E+03 0.173400E+04
0.109600E+04 0.515000E+03 0.173400E+04
0.109600E+04 0.600000E+03 0.173400E+04
0.109600E+04 0.600000E+03 0.406450E+04
0.109600E+04 0.515000E+03 0.406450E+04
0.109600E+04 0.515000E+03 0.173400E+04
0.109600E+04 0.515000E+03 0.240400E+04
0.109600E+04 0.515000E+03 0.257720E+04
0.109600E+04 0.397800E+03 0.257720E+04
0.109600E+04 0.397800E+03 0.240400E+04
0.109600E+04 -.324200E+03 0.106900E+04
0.109600E+04 -.515000E+03 0.106900E+04
0.109600E+04 -.515000E+03 0.910500E+03
0.109600E+04 -.324200E+03 0.910500E+03
0.109590E+04 -.600000E+03 0.308000E+03
0.109590E+04 0.600000E+03 0.308000E+03
0.109600E+04 0.600000E+03 0.910500E+03
0.109600E+04 -.600000E+03 0.910500E+03
0.109600E+04 -.515000E+03 0.910500E+03
0.109600E+04 -.515000E+03 0.113900E+04
0.109600E+04 -.600000E+03 0.113900E+04
0.109600E+04 -.600000E+03 0.910500E+03
0.109600E+04 -.324200E+03 0.910500E+03
0.109600E+04 -.198800E+03 0.910500E+03
0.109600E+04 -.198800E+03 0.958000E+03
0.109600E+04 -.324200E+03 0.958000E+03
0.109600E+04 -.618000E+02 0.222400E+04
0.109600E+04 0.577000E+02 0.222400E+04
0.109600E+04 0.577000E+02 0.234350E+04
0.109600E+04 -.618000E+02 0.234350E+04
0.109600E+04 -.515000E+03 0.281050E+04
0.109600E+04 -.515000E+03 0.262030E+04
0.109600E+04 -.376000E+03 0.262030E+04
0.109600E+04 -.376000E+03 0.281050E+04
0.109600E+04 -.414300E+03 0.173400E+04
0.109600E+04 -.843000E+02 0.173400E+04
0.109600E+04 -.843000E+02 0.184700E+04
0.109600E+04 -.414300E+03 0.184700E+04
0.109600E+04 -.515000E+03 0.106900E+04
0.109600E+04 -.324200E+03 0.106900E+04
0.109600E+04 -.324200E+03 0.113900E+04
0.109600E+04 -.515000E+03 0.113900E+04
0.109600E+04 -.324200E+03 0.113900E+04
0.109600E+04 -.324200E+03 0.958000E+03
0.109600E+04 -.198800E+03 0.958000E+03
0.109600E+04 -.198800E+03 0.113900E+04
0.109600E+04 0.440000E+03 0.173400E+04
0.109600E+04 0.440000E+03 0.910500E+03
0.109600E+04 0.600000E+03 0.910500E+03
0.109600E+04 0.600000E+03 0.173400E+04
0.109600E+04 -.198800E+03 0.113900E+04
0.109600E+04 -.198800E+03 0.910500E+03
0.109600E+04 -.105000E+03 0.910500E+03
0.109600E+04 -.105000E+03 0.113900E+04
0.109600E+04 -.105000E+03 0.113900E+04
0.109600E+04 -.105000E+03 0.173400E+04
0.109600E+04 -.600000E+03 0.173400E+04
0.109600E+04 -.600000E+03 0.113900E+04
0.109600E+04 0.218700E+03 0.281050E+04
0.109600E+04 0.577000E+02 0.281050E+04
0.109600E+04 0.577000E+02 0.266350E+04
0.109600E+04 0.218700E+03 0.266350E+04
0.109600E+04 0.515000E+03 0.266350E+04
0.109600E+04 0.515000E+03 0.288050E+04
0.109600E+04 0.471000E+03 0.288050E+04
0.109600E+04 0.471000E+03 0.266350E+04
0.109600E+04 -.247000E+03 0.299950E+04
0.109600E+04 -.376000E+03 0.299950E+04
0.109600E+04 -.376000E+03 0.288050E+04
0.109600E+04 -.247000E+03 0.288050E+04
0.109600E+04 0.940000E+02 0.299950E+04
0.109600E+04 -.380000E+02 0.299950E+04
0.109600E+04 -.380000E+02 0.288050E+04
0.109600E+04 0.940000E+02 0.288050E+04
0.109600E+04 -.600000E+03 0.359470E+04
0.109600E+04 -.600000E+03 0.299950E+04
0.109600E+04 -.515000E+03 0.299950E+04
0.109600E+04 -.515000E+03 0.359470E+04
0.109600E+04 -.515000E+03 0.281050E+04
0.109600E+04 0.471000E+03 0.281050E+04
0.109600E+04 0.471000E+03 0.288050E+04
0.109600E+04 -.515000E+03 0.288050E+04
0.109600E+04 -.247000E+03 0.288050E+04
0.109600E+04 -.380000E+02 0.288050E+04
0.109600E+04 -.380000E+02 0.292550E+04
0.109600E+04 -.247000E+03 0.292550E+04
0.109600E+04 -.376000E+03 0.292550E+04
0.109600E+04 -.515000E+03 0.292550E+04
0.109600E+04 -.515000E+03 0.288050E+04
0.109600E+04 -.376000E+03 0.288050E+04
0.109600E+04 0.440000E+03 0.173400E+04
0.109600E+04 -.105000E+03 0.173400E+04
0.109600E+04 -.105000E+03 0.157500E+04
0.109600E+04 0.440000E+03 0.157500E+04
0.109600E+04 -.105000E+03 0.910500E+03
0.109600E+04 0.440000E+03 0.910500E+03
0.109600E+04 0.440000E+03 0.101180E+04
0.109600E+04 -.105000E+03 0.101180E+04
0.109600E+04 -.600000E+03 0.406450E+04
0.109600E+04 0.600000E+03 0.406450E+04
0.109600E+04 0.600000E+03 0.418525E+04
0.109600E+04 -.600000E+03 0.418525E+04
0.109600E+04 -.600000E+03 0.359470E+04
0.109600E+04 0.940000E+02 0.359470E+04
0.109600E+04 0.940000E+02 0.406450E+04
0.109600E+04 -.600000E+03 0.406450E+04
0.109600E+04 -.514499E+03 0.418525E+04
0.109600E+04 -.514500E+03 0.539125E+04
0.109600E+04 -.600000E+03 0.539125E+04
0.109600E+04 -.600000E+03 0.418525E+04
0.109600E+04 -.105000E+03 0.113900E+04
0.109600E+04 0.440000E+03 0.113900E+04
0.109600E+04 0.440000E+03 0.157500E+04
0.109600E+04 -.105000E+03 0.157500E+04
0.109600E+04 -.105000E+03 0.101180E+04
0.109600E+04 0.440000E+03 0.101180E+04
0.109600E+04 0.440000E+03 0.113900E+04
0.109600E+04 -.105000E+03 0.113900E+04
0.109600E+04 -.247000E+03 0.352070E+04
0.109600E+04 -.247000E+03 0.292550E+04
0.109600E+04 -.380000E+02 0.292550E+04
0.109600E+04 -.380000E+02 0.352070E+04
0.109600E+04 0.940000E+02 0.299950E+04
0.109600E+04 0.940000E+02 0.359470E+04
0.109600E+04 -.380000E+02 0.359470E+04
0.109600E+04 -.380000E+02 0.299950E+04
0.109600E+04 -.376000E+03 0.292550E+04
0.109600E+04 -.376000E+03 0.352070E+04
0.109600E+04 -.515000E+03 0.352070E+04
0.109600E+04 -.515000E+03 0.292550E+04
0.109600E+04 -.515000E+03 0.352070E+04
0.109600E+04 -.376000E+03 0.352070E+04
0.109600E+04 -.376000E+03 0.359470E+04
0.109600E+04 -.515000E+03 0.359470E+04
0.109600E+04 0.577000E+02 0.184700E+04
0.109600E+04 0.577000E+02 0.222400E+04
0.109600E+04 -.618000E+02 0.222400E+04
0.109600E+04 -.618000E+02 0.184700E+04
0.109600E+04 -.843000E+02 0.173400E+04
0.109600E+04 0.358000E+03 0.173400E+04
0.109600E+04 0.358000E+03 0.184700E+04
0.109600E+04 -.843000E+02 0.184700E+04
0.109600E+04 0.239600E+03 0.341880E+04
0.109600E+04 0.239600E+03 0.360170E+04
0.109600E+04 0.940000E+02 0.360170E+04
0.109600E+04 0.940000E+02 0.341880E+04
0.109600E+04 0.409200E+03 0.341880E+04
0.109600E+04 0.409200E+03 0.406450E+04
0.109600E+04 0.239600E+03 0.406450E+04
0.109600E+04 0.239600E+03 0.341880E+04
0.109600E+04 -.232800E+03 0.266350E+04
0.109600E+04 -.618000E+02 0.266350E+04
0.109600E+04 -.618000E+02 0.281050E+04
0.109600E+04 -.232800E+03 0.281050E+04
0.109600E+04 0.577000E+02 0.266350E+04
0.109600E+04 0.577000E+02 0.281050E+04
0.109600E+04 -.618000E+02 0.281050E+04
0.109600E+04 -.618000E+02 0.266350E+04
0.109600E+04 0.218700E+03 0.266350E+04
0.109600E+04 0.471000E+03 0.266350E+04
0.109600E+04 0.471000E+03 0.281050E+04
0.109600E+04 0.218700E+03 0.281050E+04
0.109600E+04 -.515000E+03 0.262030E+04
0.109600E+04 -.515000E+03 0.184700E+04
0.109600E+04 -.376000E+03 0.184700E+04
0.109600E+04 -.376000E+03 0.262030E+04
0.109600E+04 0.515000E+03 0.184700E+04
0.109600E+04 0.515000E+03 0.240400E+04
0.109600E+04 0.397800E+03 0.240400E+04
0.109600E+04 0.397800E+03 0.184700E+04
0.109600E+04 0.515000E+03 0.288050E+04
0.109600E+04 0.515000E+03 0.341880E+04
0.109600E+04 0.457600E+03 0.341880E+04
0.109600E+04 0.457600E+03 0.288050E+04
0.109600E+04 0.515000E+03 0.341880E+04
0.109600E+04 0.515000E+03 0.406450E+04
0.109600E+04 0.409200E+03 0.406450E+04
0.109600E+04 0.409200E+03 0.341880E+04
0.109600E+04 -.247000E+03 0.352070E+04
0.109600E+04 -.380000E+02 0.352070E+04
0.109600E+04 -.380000E+02 0.359470E+04
0.109600E+04 -.247000E+03 0.359470E+04
0.109600E+04 -.376000E+03 0.281050E+04
0.109600E+04 -.376000E+03 0.266350E+04
0.109600E+04 -.232800E+03 0.266350E+04
0.109600E+04 -.232800E+03 0.281050E+04
0.109600E+04 0.515000E+03 0.266350E+04
0.109600E+04 -.376000E+03 0.266350E+04
0.109600E+04 -.376000E+03 0.259900E+04
0.109600E+04 0.515000E+03 0.259900E+04
0.109600E+04 0.515000E+03 0.259900E+04
0.109600E+04 0.125000E+03 0.259900E+04
0.109600E+04 0.125000E+03 0.257720E+04
0.109600E+04 0.515000E+03 0.257720E+04
0.109600E+04 -.790000E+02 0.257720E+04
0.109600E+04 0.125000E+03 0.257720E+04
0.109600E+04 0.125000E+03 0.259900E+04
0.109600E+04 -.790000E+02 0.259900E+04
0.109600E+04 -.790000E+02 0.259900E+04
0.109600E+04 -.376000E+03 0.259900E+04
0.109600E+04 -.376000E+03 0.257720E+04
0.109600E+04 -.790000E+02 0.257720E+04
0.109600E+04 0.397800E+03 0.257720E+04
0.109600E+04 -.376000E+03 0.257720E+04
0.109600E+04 -.376000E+03 0.249400E+04
0.109600E+04 0.397800E+03 0.249400E+04
0.109600E+04 0.397800E+03 0.184700E+04
0.109600E+04 0.397800E+03 0.249400E+04
0.109600E+04 0.306400E+03 0.249400E+04
0.109600E+04 0.306400E+03 0.184700E+04
0.109600E+04 0.215000E+03 0.249400E+04
0.109600E+04 0.215000E+03 0.229400E+04
0.109600E+04 0.306400E+03 0.229400E+04
0.109600E+04 0.306400E+03 0.249400E+04
0.109600E+04 0.306400E+03 0.214400E+04
0.109600E+04 0.306400E+03 0.229400E+04
0.109600E+04 0.215000E+03 0.229400E+04
0.109600E+04 0.215000E+03 0.214400E+04
0.109600E+04 0.306400E+03 0.184700E+04
0.109600E+04 0.306400E+03 0.214400E+04
0.109600E+04 0.215000E+03 0.214400E+04
0.109600E+04 0.215000E+03 0.184700E+04
0.109600E+04 0.215000E+03 0.184700E+04
0.109600E+04 0.215000E+03 0.249400E+04
0.109600E+04 0.577000E+02 0.249400E+04
0.109600E+04 0.577000E+02 0.184700E+04
0.109600E+04 -.232800E+03 0.249400E+04
0.109600E+04 -.232800E+03 0.184700E+04
0.109600E+04 -.618000E+02 0.184700E+04
0.109600E+04 -.618000E+02 0.249400E+04
0.109600E+04 -.618000E+02 0.249400E+04
0.109600E+04 -.618000E+02 0.234350E+04
0.109600E+04 0.577000E+02 0.234350E+04
0.109600E+04 0.577000E+02 0.249400E+04
0.109600E+04 -.232800E+03 0.229400E+04
0.109600E+04 -.232800E+03 0.249400E+04
0.109600E+04 -.376000E+03 0.249400E+04
0.109600E+04 -.376000E+03 0.229400E+04
0.109600E+04 -.376000E+03 0.214400E+04
0.109600E+04 -.376000E+03 0.184700E+04
0.109600E+04 -.232800E+03 0.184700E+04
0.109600E+04 -.232800E+03 0.214400E+04
0.109600E+04 -.376000E+03 0.229400E+04
0.109600E+04 -.376000E+03 0.214400E+04
0.109600E+04 -.232800E+03 0.214400E+04
0.109600E+04 -.232800E+03 0.229400E+04
0.109600E+04 0.175000E+03 0.341880E+04
0.109600E+04 0.175000E+03 0.288050E+04
0.109600E+04 0.325000E+03 0.288050E+04
0.109600E+04 0.325000E+03 0.341880E+04
0.109600E+04 0.175000E+03 0.320400E+04
0.109600E+04 0.175000E+03 0.341880E+04
0.109600E+04 0.940000E+02 0.341880E+04
0.109600E+04 0.940000E+02 0.320400E+04
0.109600E+04 0.940000E+02 0.308400E+04
0.109600E+04 0.940000E+02 0.288050E+04
0.109600E+04 0.175000E+03 0.288050E+04
0.109600E+04 0.175000E+03 0.308400E+04
0.109600E+04 0.940000E+02 0.320400E+04
0.109600E+04 0.940000E+02 0.308400E+04
0.109600E+04 0.175000E+03 0.308400E+04
0.109600E+04 0.175000E+03 0.320400E+04
0.109600E+04 -.247000E+03 0.299950E+04
0.109600E+04 -.247000E+03 0.314400E+04
0.109600E+04 -.376000E+03 0.314400E+04
0.109600E+04 -.376000E+03 0.299950E+04
0.109600E+04 -.376000E+03 0.332400E+04
0.109600E+04 -.376000E+03 0.314400E+04
0.109600E+04 -.247000E+03 0.314400E+04
0.109600E+04 -.247000E+03 0.332400E+04
0.109600E+04 -.376000E+03 0.359470E+04
0.109600E+04 -.376000E+03 0.332400E+04
0.109600E+04 -.247000E+03 0.332400E+04
0.109600E+04 -.247000E+03 0.359470E+04
0.109600E+04 0.457600E+03 0.288050E+04
0.109600E+04 0.457600E+03 0.341880E+04
0.109600E+04 0.325000E+03 0.341880E+04
0.109600E+04 0.325000E+03 0.288050E+04
0.109600E+04 -.600000E+03 0.573800E+04
0.109600E+04 0.600000E+03 0.573800E+04
0.000000E+00 0.600000E+03 0.573800E+04
0.000000E+00 -.600000E+03 0.573800E+04
-.109600E+04 0.600000E+03 0.573800E+04
-.109600E+04 -.600000E+03 0.573800E+04
0.000000E+00 -.600000E+03 0.573800E+04
0.000000E+00 0.600000E+03 0.573800E+04
-.168930E+04 0.477000E+03 0.429050E+04
-.120150E+04 0.477000E+03 0.398090E+04
-.120150E+04 0.419200E+03 0.398090E+04
-.168930E+04 0.419200E+03 0.429050E+04
-.120150E+04 0.303800E+03 0.398090E+04
-.129910E+04 0.303700E+03 0.404280E+04
-.129910E+04 0.419200E+03 0.404280E+04
-.120150E+04 0.419200E+03 0.398090E+04
-.159180E+04 0.419300E+03 0.422860E+04
-.129910E+04 0.419200E+03 0.404280E+04
-.129910E+04 0.303700E+03 0.404280E+04
-.159180E+04 0.303800E+03 0.422860E+04
-.159180E+04 0.419300E+03 0.422860E+04
-.159180E+04 0.303800E+03 0.422860E+04
-.168930E+04 0.303800E+03 0.429050E+04
-.168930E+04 0.419200E+03 0.429050E+04
-.120150E+04 0.188300E+03 0.398090E+04
-.129910E+04 0.188200E+03 0.404280E+04
-.129910E+04 0.303700E+03 0.404280E+04
-.120150E+04 0.303800E+03 0.398090E+04
-.129910E+04 0.303700E+03 0.404280E+04
-.129910E+04 0.188200E+03 0.404280E+04
-.139660E+04 0.188200E+03 0.410470E+04
-.139660E+04 0.303700E+03 0.410470E+04
-.139660E+04 0.188200E+03 0.410470E+04
-.149420E+04 0.188300E+03 0.416670E+04
-.149420E+04 0.303800E+03 0.416670E+04
-.139660E+04 0.303700E+03 0.410470E+04
-.159180E+04 0.188200E+03 0.422860E+04
-.159180E+04 0.303800E+03 0.422860E+04
-.149420E+04 0.303800E+03 0.416670E+04
-.149420E+04 0.188300E+03 0.416670E+04
-.159180E+04 0.303800E+03 0.422860E+04
-.159180E+04 0.188200E+03 0.422860E+04
-.168930E+04 0.188200E+03 0.429050E+04
-.168930E+04 0.303800E+03 0.429050E+04
-.120150E+04 0.188300E+03 0.398090E+04
-.120150E+04 0.727000E+02 0.398090E+04
-.129910E+04 0.727000E+02 0.404280E+04
-.129910E+04 0.188200E+03 0.404280E+04
-.129910E+04 0.727000E+02 0.404280E+04
-.159180E+04 0.727000E+02 0.422860E+04
-.159180E+04 0.188200E+03 0.422860E+04
-.129910E+04 0.188200E+03 0.404280E+04
-.168930E+04 0.727000E+02 0.429050E+04
-.168930E+04 0.188200E+03 0.429050E+04
-.159180E+04 0.188200E+03 0.422860E+04
-.159180E+04 0.727000E+02 0.422860E+04
-.168930E+04 0.727000E+02 0.429050E+04
-.120150E+04 0.727000E+02 0.398090E+04
-.120150E+04 0.150000E+02 0.398090E+04
-.168930E+04 0.150000E+02 0.429050E+04
-.165600E+04 -.108000E+03 0.477450E+04
-.165600E+04 0.600000E+03 0.477450E+04
-.165600E+04 0.600000E+03 0.448560E+04
-.165600E+04 -.108000E+03 0.448560E+04
-.109600E+04 0.600000E+03 0.413050E+04
-.165600E+04 0.600000E+03 0.448560E+04
-.165600E+04 0.600000E+03 0.477450E+04
-.109590E+04 0.600000E+03 0.477450E+04
-.165600E+04 -.108000E+03 0.448560E+04
-.109600E+04 -.106000E+03 0.413050E+04
-.109600E+04 -.106000E+03 0.477450E+04
-.165600E+04 -.108000E+03 0.477450E+04
-.109600E+04 -.106000E+03 0.413050E+04
-.165600E+04 -.108000E+03 0.448560E+04
-.165600E+04 0.150000E+02 0.448560E+04
-.109600E+04 0.150000E+02 0.413050E+04
-.109600E+04 0.477000E+03 0.413050E+04
-.165600E+04 0.477000E+03 0.448560E+04
-.165600E+04 0.600000E+03 0.448560E+04
-.109600E+04 0.600000E+03 0.413050E+04
-.165600E+04 0.600000E+03 0.477450E+04
-.165600E+04 -.108000E+03 0.477450E+04
-.109600E+04 -.106000E+03 0.477450E+04
-.109590E+04 0.600000E+03 0.477450E+04
-.109600E+04 0.150000E+02 0.413050E+04
-.165600E+04 0.150000E+02 0.448560E+04
-.168930E+04 0.150000E+02 0.429050E+04
-.120150E+04 0.150000E+02 0.398090E+04
-.165600E+04 0.477000E+03 0.448560E+04
-.109600E+04 0.477000E+03 0.413050E+04
-.120150E+04 0.477000E+03 0.398090E+04
-.168930E+04 0.477000E+03 0.429050E+04
-.109600E+04 0.477000E+03 0.413050E+04
-.109600E+04 0.150000E+02 0.413050E+04
-.120150E+04 0.150000E+02 0.398090E+04
-.120150E+04 0.477000E+03 0.398090E+04
-.168930E+04 0.477000E+03 0.429050E+04
-.168930E+04 0.150000E+02 0.429050E+04
-.165600E+04 0.150000E+02 0.448560E+04
-.165600E+04 0.477000E+03 0.448560E+04
-.971000E+03 0.610100E+03 0.410550E+04
-.971000E+03 0.711100E+03 0.410550E+04
-.103610E+04 0.711100E+03 0.410550E+04
-.103610E+04 0.610100E+03 0.410550E+04
-.971000E+03 0.610100E+03 0.367550E+04
-.971000E+03 0.610100E+03 0.410550E+04
-.103610E+04 0.610100E+03 0.410550E+04
-.103610E+04 0.610100E+03 0.367550E+04
-.103610E+04 0.610100E+03 0.367550E+04
-.103610E+04 0.610100E+03 0.410550E+04
-.103610E+04 0.711100E+03 0.410550E+04
-.103610E+04 0.711100E+03 0.367550E+04
-.103610E+04 0.711100E+03 0.367550E+04
-.103610E+04 0.711100E+03 0.410550E+04
-.971000E+03 0.711100E+03 0.410550E+04
-.971000E+03 0.711100E+03 0.367550E+04
-.971000E+03 0.711100E+03 0.367550E+04
-.971000E+03 0.711100E+03 0.410550E+04
-.971000E+03 0.610100E+03 0.410550E+04
-.971000E+03 0.610100E+03 0.367550E+04
-.103610E+04 0.610100E+03 0.367550E+04
-.103610E+04 0.711100E+03 0.367550E+04
-.971000E+03 0.711100E+03 0.367550E+04
-.971000E+03 0.610100E+03 0.367550E+04
0.103590E+04 0.610000E+03 0.489800E+04
0.103590E+04 0.711000E+03 0.489800E+04
0.971000E+03 0.711000E+03 0.489800E+04
0.971000E+03 0.610000E+03 0.489800E+04
0.103590E+04 0.610000E+03 0.446800E+04
0.103590E+04 0.610000E+03 0.489800E+04
0.971000E+03 0.610000E+03 0.489800E+04
0.971000E+03 0.610000E+03 0.446800E+04
0.971000E+03 0.610000E+03 0.446800E+04
0.971000E+03 0.610000E+03 0.489800E+04
0.971000E+03 0.711000E+03 0.489800E+04
0.971000E+03 0.711000E+03 0.446800E+04
0.971000E+03 0.711000E+03 0.446800E+04
0.971000E+03 0.711000E+03 0.489800E+04
0.103590E+04 0.711000E+03 0.489800E+04
0.103590E+04 0.711000E+03 0.446800E+04
0.103590E+04 0.711000E+03 0.446800E+04
0.103590E+04 0.711000E+03 0.489800E+04
0.103590E+04 0.610000E+03 0.489800E+04
0.103590E+04 0.610000E+03 0.446800E+04
0.971000E+03 0.610000E+03 0.446800E+04
0.971000E+03 0.711000E+03 0.446800E+04
0.103590E+04 0.711000E+03 0.446800E+04
0.103590E+04 0.610000E+03 0.446800E+04
0.123690E+04 0.824600E+03 0.476150E+04
0.132690E+04 0.876600E+03 0.476150E+04
0.128640E+04 0.946800E+03 0.476150E+04
0.119640E+04 0.894800E+03 0.476150E+04
0.123690E+04 0.824600E+03 0.458850E+04
0.123690E+04 0.824600E+03 0.476150E+04
0.119640E+04 0.894800E+03 0.476150E+04
0.119640E+04 0.894800E+03 0.458850E+04
0.119640E+04 0.894800E+03 0.458850E+04
0.119640E+04 0.894800E+03 0.476150E+04
0.128640E+04 0.946800E+03 0.476150E+04
0.128640E+04 0.946800E+03 0.458850E+04
0.128640E+04 0.946800E+03 0.458850E+04
0.128640E+04 0.946800E+03 0.476150E+04
0.132690E+04 0.876600E+03 0.476150E+04
0.132690E+04 0.876600E+03 0.458850E+04
0.132690E+04 0.876600E+03 0.458850E+04
0.132690E+04 0.876600E+03 0.476150E+04
0.123690E+04 0.824600E+03 0.476150E+04
0.123690E+04 0.824600E+03 0.458850E+04
0.119640E+04 0.894800E+03 0.458850E+04
0.128640E+04 0.946800E+03 0.458850E+04
0.132690E+04 0.876600E+03 0.458850E+04
0.123690E+04 0.824600E+03 0.458850E+04
0.128180E+04 0.850800E+03 0.457850E+04
0.135280E+04 0.891800E+03 0.457850E+04
0.131230E+04 0.962000E+03 0.457850E+04
0.124130E+04 0.921000E+03 0.457850E+04
0.128180E+04 0.850800E+03 0.416450E+04
0.128180E+04 0.850800E+03 0.457850E+04
0.124130E+04 0.921000E+03 0.457850E+04
0.124130E+04 0.921000E+03 0.416450E+04
0.124130E+04 0.921000E+03 0.416450E+04
0.124130E+04 0.921000E+03 0.457850E+04
0.131230E+04 0.962000E+03 0.457850E+04
0.131230E+04 0.962000E+03 0.416450E+04
0.131230E+04 0.962000E+03 0.416450E+04
0.131230E+04 0.962000E+03 0.457850E+04
0.135280E+04 0.891800E+03 0.457850E+04
0.135280E+04 0.891800E+03 0.416450E+04
0.135280E+04 0.891800E+03 0.416450E+04
0.135280E+04 0.891800E+03 0.457850E+04
0.128180E+04 0.850800E+03 0.457850E+04
0.128180E+04 0.850800E+03 0.416450E+04
0.124130E+04 0.921000E+03 0.416450E+04
0.131230E+04 0.962000E+03 0.416450E+04
0.135280E+04 0.891800E+03 0.416450E+04
0.128180E+04 0.850800E+03 0.416450E+04
0.115190E+04 0.610000E+03 0.434650E+04
0.115190E+04 0.828000E+03 0.434650E+04
0.109590E+04 0.828000E+03 0.434650E+04
0.109590E+04 0.610000E+03 0.434650E+04
0.115190E+04 0.610000E+03 0.416450E+04
0.115190E+04 0.828000E+03 0.416450E+04
0.115190E+04 0.828000E+03 0.434650E+04
0.115190E+04 0.610000E+03 0.434650E+04
0.115190E+04 0.610000E+03 0.416450E+04
0.115190E+04 0.610000E+03 0.434650E+04
0.109590E+04 0.610000E+03 0.434650E+04
0.109590E+04 0.610000E+03 0.416450E+04
0.109590E+04 0.610000E+03 0.434650E+04
0.109590E+04 0.828000E+03 0.434650E+04
0.109590E+04 0.828000E+03 0.416450E+04
0.109590E+04 0.610000E+03 0.416450E+04
0.109590E+04 0.828000E+03 0.416450E+04
0.109590E+04 0.828000E+03 0.434650E+04
0.115190E+04 0.828000E+03 0.434650E+04
0.115190E+04 0.828000E+03 0.416450E+04
0.109590E+04 0.610000E+03 0.416450E+04
0.109590E+04 0.828000E+03 0.416450E+04
0.115190E+04 0.828000E+03 0.416450E+04
0.115190E+04 0.610000E+03 0.416450E+04
-.132530E+04 0.874800E+03 0.395650E+04
-.123520E+04 0.822800E+03 0.395650E+04
-.119470E+04 0.892900E+03 0.395650E+04
-.128480E+04 0.944900E+03 0.395650E+04
-.119470E+04 0.892900E+03 0.378350E+04
-.119470E+04 0.892900E+03 0.395650E+04
-.123520E+04 0.822800E+03 0.395650E+04
-.123520E+04 0.822800E+03 0.378350E+04
-.123520E+04 0.822800E+03 0.378350E+04
-.123520E+04 0.822800E+03 0.395650E+04
-.132530E+04 0.874800E+03 0.395650E+04
-.132530E+04 0.874800E+03 0.378350E+04
-.132530E+04 0.874800E+03 0.378350E+04
-.132530E+04 0.874800E+03 0.395650E+04
-.128480E+04 0.944900E+03 0.395650E+04
-.128480E+04 0.944900E+03 0.378350E+04
-.128480E+04 0.944900E+03 0.378350E+04
-.128480E+04 0.944900E+03 0.395650E+04
-.119470E+04 0.892900E+03 0.395650E+04
-.119470E+04 0.892900E+03 0.378350E+04
-.123520E+04 0.822800E+03 0.378350E+04
-.132530E+04 0.874800E+03 0.378350E+04
-.128480E+04 0.944900E+03 0.378350E+04
-.119470E+04 0.892900E+03 0.378350E+04
-.136020E+04 0.874900E+03 0.438050E+04
-.128920E+04 0.833900E+03 0.438050E+04
-.124870E+04 0.904100E+03 0.438050E+04
-.131970E+04 0.945100E+03 0.438050E+04
-.128920E+04 0.833900E+03 0.396650E+04
-.128920E+04 0.833900E+03 0.438050E+04
-.136020E+04 0.874900E+03 0.438050E+04
-.136020E+04 0.874900E+03 0.396650E+04
-.136020E+04 0.874900E+03 0.396650E+04
-.136020E+04 0.874900E+03 0.438050E+04
-.131970E+04 0.945100E+03 0.438050E+04
-.131970E+04 0.945100E+03 0.396650E+04
-.131970E+04 0.945100E+03 0.396650E+04
-.131970E+04 0.945100E+03 0.438050E+04
-.124870E+04 0.904100E+03 0.438050E+04
-.124870E+04 0.904100E+03 0.396650E+04
-.124870E+04 0.904100E+03 0.396650E+04
-.124870E+04 0.904100E+03 0.438050E+04
-.128920E+04 0.833900E+03 0.438050E+04
-.128920E+04 0.833900E+03 0.396650E+04
-.131970E+04 0.945100E+03 0.396650E+04
-.124870E+04 0.904100E+03 0.396650E+04
-.128920E+04 0.833900E+03 0.396650E+04
-.136020E+04 0.874900E+03 0.396650E+04
-.115190E+04 0.828000E+03 0.438050E+04
-.115190E+04 0.610000E+03 0.438050E+04
-.109590E+04 0.610000E+03 0.438050E+04
-.109590E+04 0.828000E+03 0.438050E+04
-.115190E+04 0.828000E+03 0.419850E+04
-.115190E+04 0.610000E+03 0.419850E+04
-.115190E+04 0.610000E+03 0.438050E+04
-.115190E+04 0.828000E+03 0.438050E+04
-.115190E+04 0.828000E+03 0.419850E+04
-.115190E+04 0.828000E+03 0.438050E+04
-.109590E+04 0.828000E+03 0.438050E+04
-.109590E+04 0.828000E+03 0.419850E+04
-.109590E+04 0.828000E+03 0.438050E+04
-.109590E+04 0.610000E+03 0.438050E+04
-.109590E+04 0.610000E+03 0.419850E+04
-.109590E+04 0.828000E+03 0.419850E+04
-.109590E+04 0.610000E+03 0.419850E+04
-.109590E+04 0.610000E+03 0.438050E+04
-.115190E+04 0.610000E+03 0.438050E+04
-.115190E+04 0.610000E+03 0.419850E+04
-.109590E+04 0.828000E+03 0.419850E+04
-.109590E+04 0.610000E+03 0.419850E+04
-.115190E+04 0.610000E+03 0.419850E+04
-.115190E+04 0.828000E+03 0.419850E+04
0.105450E+04 0.680500E+03 0.476050E+04
0.121450E+04 0.680500E+03 0.476050E+04
0.121450E+04 0.840500E+03 0.476050E+04
0.105450E+04 0.840500E+03 0.476050E+04
0.121450E+04 0.680500E+03 0.458900E+04
0.121450E+04 0.680500E+03 0.476050E+04
0.105450E+04 0.680500E+03 0.476050E+04
0.105450E+04 0.680500E+03 0.458900E+04
0.105450E+04 0.680500E+03 0.458900E+04
0.105450E+04 0.680500E+03 0.476050E+04
0.105450E+04 0.840500E+03 0.476050E+04
0.105450E+04 0.840500E+03 0.458900E+04
0.105450E+04 0.840500E+03 0.458900E+04
0.105450E+04 0.840500E+03 0.476050E+04
0.121450E+04 0.840500E+03 0.476050E+04
0.121450E+04 0.840500E+03 0.458900E+04
0.121450E+04 0.840500E+03 0.458900E+04
0.121450E+04 0.840500E+03 0.476050E+04
0.121450E+04 0.680500E+03 0.476050E+04
0.121450E+04 0.680500E+03 0.458900E+04
0.105450E+04 0.680500E+03 0.458900E+04
0.105450E+04 0.840500E+03 0.458900E+04
0.121450E+04 0.840500E+03 0.458900E+04
0.121450E+04 0.680500E+03 0.458900E+04
-.121050E+04 0.695500E+03 0.395550E+04
-.105050E+04 0.695500E+03 0.395550E+04
-.105050E+04 0.855500E+03 0.395550E+04
-.121050E+04 0.855500E+03 0.395550E+04
-.105050E+04 0.695500E+03 0.378400E+04
-.105050E+04 0.695500E+03 0.395550E+04
-.121050E+04 0.695500E+03 0.395550E+04
-.121050E+04 0.695500E+03 0.378400E+04
-.121050E+04 0.695500E+03 0.378400E+04
-.121050E+04 0.695500E+03 0.395550E+04
-.121050E+04 0.855500E+03 0.395550E+04
-.121050E+04 0.855500E+03 0.378400E+04
-.121050E+04 0.855500E+03 0.378400E+04
-.121050E+04 0.855500E+03 0.395550E+04
-.105050E+04 0.855500E+03 0.395550E+04
-.105050E+04 0.855500E+03 0.378400E+04
-.105050E+04 0.855500E+03 0.378400E+04
-.105050E+04 0.855500E+03 0.395550E+04
-.105050E+04 0.695500E+03 0.395550E+04
-.105050E+04 0.695500E+03 0.378400E+04
-.121050E+04 0.695500E+03 0.378400E+04
-.121050E+04 0.855500E+03 0.378400E+04
-.105050E+04 0.855500E+03 0.378400E+04
-.105050E+04 0.695500E+03 0.378400E+04
0.144500E+03 0.610000E+03 0.145550E+04
0.468500E+03 0.610000E+03 0.145550E+04
0.468500E+03 0.667000E+03 0.145550E+04
0.144500E+03 0.667000E+03 0.145550E+04
0.468500E+03 0.667000E+03 0.113150E+04
0.468500E+03 0.667000E+03 0.145550E+04
0.468500E+03 0.610000E+03 0.145550E+04
0.468500E+03 0.610000E+03 0.113150E+04
0.468500E+03 0.610000E+03 0.113150E+04
0.468500E+03 0.610000E+03 0.145550E+04
0.144500E+03 0.610000E+03 0.145550E+04
0.144500E+03 0.610000E+03 0.113150E+04
0.144500E+03 0.610000E+03 0.113150E+04
0.144500E+03 0.610000E+03 0.145550E+04
0.144500E+03 0.667000E+03 0.145550E+04
0.144500E+03 0.667000E+03 0.113150E+04
0.468500E+03 0.610000E+03 0.113150E+04
0.144500E+03 0.610000E+03 0.113150E+04
0.144500E+03 0.667000E+03 0.113150E+04
0.468500E+03 0.667000E+03 0.113150E+04
0.468500E+03 0.667000E+03 0.145550E+04
0.468500E+03 0.667000E+03 0.113150E+04
0.144500E+03 0.667000E+03 0.113150E+04
0.144500E+03 0.667000E+03 0.145550E+04
-.485000E+03 0.610000E+03 0.145550E+04
-.161000E+03 0.610000E+03 0.145550E+04
-.161000E+03 0.667000E+03 0.145550E+04
-.485000E+03 0.667000E+03 0.145550E+04
-.161000E+03 0.667000E+03 0.113150E+04
-.161000E+03 0.667000E+03 0.145550E+04
-.161000E+03 0.610000E+03 0.145550E+04
-.161000E+03 0.610000E+03 0.113150E+04
-.161000E+03 0.610000E+03 0.145550E+04
-.485000E+03 0.610000E+03 0.145550E+04
-.485000E+03 0.610000E+03 0.113150E+04
-.161000E+03 0.610000E+03 0.113150E+04
-.485000E+03 0.610000E+03 0.113150E+04
-.485000E+03 0.610000E+03 0.145550E+04
-.485000E+03 0.667000E+03 0.145550E+04
-.485000E+03 0.667000E+03 0.113150E+04
-.161000E+03 0.610000E+03 0.113150E+04
-.485000E+03 0.610000E+03 0.113150E+04
-.485000E+03 0.667000E+03 0.113150E+04
-.161000E+03 0.667000E+03 0.113150E+04
-.161000E+03 0.667000E+03 0.145550E+04
-.161000E+03 0.667000E+03 0.113150E+04
-.485000E+03 0.667000E+03 0.113150E+04
-.485000E+03 0.667000E+03 0.145550E+04
-.111000E+04 0.105900E+03 0.146300E+04
-.111000E+04 0.429900E+03 0.146300E+04
-.116700E+04 0.429900E+03 0.146300E+04
-.116700E+04 0.105900E+03 0.146300E+04
-.116700E+04 0.429900E+03 0.113900E+04
-.116700E+04 0.429900E+03 0.146300E+04
-.111000E+04 0.429900E+03 0.146300E+04
-.111000E+04 0.429900E+03 0.113900E+04
-.111000E+04 0.105900E+03 0.146300E+04
-.111000E+04 0.105900E+03 0.113900E+04
-.111000E+04 0.429900E+03 0.113900E+04
-.111000E+04 0.429900E+03 0.146300E+04
-.111000E+04 0.105900E+03 0.113900E+04
-.111000E+04 0.105900E+03 0.146300E+04
-.116700E+04 0.105900E+03 0.146300E+04
-.116700E+04 0.105900E+03 0.113900E+04
-.111000E+04 0.429900E+03 0.113900E+04
-.111000E+04 0.105900E+03 0.113900E+04
-.116700E+04 0.105900E+03 0.113900E+04
-.116700E+04 0.429900E+03 0.113900E+04
-.116700E+04 0.105900E+03 0.113900E+04
-.116700E+04 0.105900E+03 0.146300E+04
-.116700E+04 0.429900E+03 0.146300E+04
-.116700E+04 0.429900E+03 0.113900E+04
0.110600E+04 -.105000E+03 0.143800E+04
0.110600E+04 -.429000E+03 0.143800E+04
0.116300E+04 -.429000E+03 0.143800E+04
0.116300E+04 -.105000E+03 0.143800E+04
0.116300E+04 -.429000E+03 0.111400E+04
0.116300E+04 -.429000E+03 0.143800E+04
0.110600E+04 -.429000E+03 0.143800E+04
0.110600E+04 -.429000E+03 0.111400E+04
0.110600E+04 -.429000E+03 0.111400E+04
0.110600E+04 -.429000E+03 0.143800E+04
0.110600E+04 -.105000E+03 0.143800E+04
0.110600E+04 -.105000E+03 0.111400E+04
0.110600E+04 -.105000E+03 0.111400E+04
0.110600E+04 -.105000E+03 0.143800E+04
0.116300E+04 -.105000E+03 0.143800E+04
0.116300E+04 -.105000E+03 0.111400E+04
0.110600E+04 -.429000E+03 0.111400E+04
0.110600E+04 -.105000E+03 0.111400E+04
0.116300E+04 -.105000E+03 0.111400E+04
0.116300E+04 -.429000E+03 0.111400E+04
0.116300E+04 -.429000E+03 0.111400E+04
0.116300E+04 -.105000E+03 0.111400E+04
0.116300E+04 -.105000E+03 0.143800E+04
0.116300E+04 -.429000E+03 0.143800E+04
-.474000E+02 -.600000E+03 0.574800E+04
0.255000E+03 -.600000E+03 0.574800E+04
0.255000E+03 -.600000E+03 0.578820E+04
-.474000E+02 -.600000E+03 0.578820E+04
-.220200E+03 -.600000E+03 0.574800E+04
-.220200E+03 -.600000E+03 0.598920E+04
-.393000E+03 -.600000E+03 0.598920E+04
-.393000E+03 -.600000E+03 0.574800E+04
-.906000E+02 -.600000E+03 0.582840E+04
-.906000E+02 -.600000E+03 0.598920E+04
-.220200E+03 -.600000E+03 0.598920E+04
-.220200E+03 -.600000E+03 0.582840E+04
0.125400E+03 -.600000E+03 0.598920E+04
0.125400E+03 -.600000E+03 0.578820E+04
0.255000E+03 -.600000E+03 0.578820E+04
0.255000E+03 -.600000E+03 0.598920E+04
-.906000E+02 -.600000E+03 0.578820E+04
0.125400E+03 -.600000E+03 0.578820E+04
0.125400E+03 -.600000E+03 0.590880E+04
-.906000E+02 -.600000E+03 0.590880E+04
-.393000E+03 -.600000E+03 0.598920E+04
0.255000E+03 -.600000E+03 0.598920E+04
0.255000E+03 -.600000E+03 0.574800E+04
-.393000E+03 -.600000E+03 0.574800E+04
-.183000E+03 0.600000E+03 0.574800E+04
-.183000E+03 0.600000E+03 0.598920E+04
-.102000E+02 0.600000E+03 0.598920E+04
-.102000E+02 0.600000E+03 0.574800E+04
0.162600E+03 0.600000E+03 0.578820E+04
0.465000E+03 0.600000E+03 0.578820E+04
0.465000E+03 0.600000E+03 0.574800E+04
0.162600E+03 0.600000E+03 0.574800E+04
-.102000E+02 0.600000E+03 0.582840E+04
-.102000E+02 0.600000E+03 0.598920E+04
0.119400E+03 0.600000E+03 0.598920E+04
0.119400E+03 0.600000E+03 0.582840E+04
0.119400E+03 0.600000E+03 0.590880E+04
0.335400E+03 0.600000E+03 0.590880E+04
0.335400E+03 0.600000E+03 0.578820E+04
0.119400E+03 0.600000E+03 0.578820E+04
0.465000E+03 0.600000E+03 0.598920E+04
0.465000E+03 0.600000E+03 0.578820E+04
0.335400E+03 0.600000E+03 0.578820E+04
0.335400E+03 0.600000E+03 0.598920E+04
-.183000E+03 0.600000E+03 0.574800E+04
0.465000E+03 0.600000E+03 0.574800E+04
0.465000E+03 0.600000E+03 0.598920E+04
-.183000E+03 0.600000E+03 0.598920E+04
-.906000E+02 -.600000E+03 0.574800E+04
-.474000E+02 -.600000E+03 0.574800E+04
-.474000E+02 -.600000E+03 0.578820E+04
-.906000E+02 -.600000E+03 0.578820E+04
-.220200E+03 -.600000E+03 0.574800E+04
-.906000E+02 -.600000E+03 0.574800E+04
-.906000E+02 -.600000E+03 0.582840E+04
-.220200E+03 -.600000E+03 0.582840E+04
-.906000E+02 -.600000E+03 0.590880E+04
0.125400E+03 -.600000E+03 0.590880E+04
0.125400E+03 -.600000E+03 0.598920E+04
-.906000E+02 -.600000E+03 0.598920E+04
0.162600E+03 0.600000E+03 0.574800E+04
0.119400E+03 0.600000E+03 0.574800E+04
0.119400E+03 0.600000E+03 0.578820E+04
0.162600E+03 0.600000E+03 0.578820E+04
0.335400E+03 0.600000E+03 0.590880E+04
0.119400E+03 0.600000E+03 0.590880E+04
0.119400E+03 0.600000E+03 0.598920E+04
0.335400E+03 0.600000E+03 0.598920E+04
0.119400E+03 0.600000E+03 0.574800E+04
-.102000E+02 0.600000E+03 0.574800E+04
-.102000E+02 0.600000E+03 0.582840E+04
0.119400E+03 0.600000E+03 0.582840E+04
0.689800E+03 -.610000E+03 0.532070E+04
0.465000E+03 -.610000E+03 0.574700E+04
0.925500E+03 -.610000E+03 0.574700E+04
0.105180E+04 -.610000E+03 0.551310E+04
0.657500E+03 -.376000E+03 0.625480E+04
0.295500E+03 -.376000E+03 0.606230E+04
0.295500E+03 -.723400E+03 0.606230E+04
0.657500E+03 -.723400E+03 0.625480E+04
0.426900E+03 -.723400E+03 0.581510E+04
0.295500E+03 -.723400E+03 0.606230E+04
0.295500E+03 -.610000E+03 0.606230E+04
0.426900E+03 -.610000E+03 0.581510E+04
0.689800E+03 -.642000E+03 0.532070E+04
0.426900E+03 -.642000E+03 0.581510E+04
0.426900E+03 -.610000E+03 0.581510E+04
0.689800E+03 -.610000E+03 0.532070E+04
0.689800E+03 -.610000E+03 0.532070E+04
0.105180E+04 -.610000E+03 0.551310E+04
0.105180E+04 -.642000E+03 0.551310E+04
0.689800E+03 -.642000E+03 0.532070E+04
0.788900E+03 -.610000E+03 0.600760E+04
0.657500E+03 -.610000E+03 0.625480E+04
0.657500E+03 -.723400E+03 0.625480E+04
0.788900E+03 -.723400E+03 0.600760E+04
0.788900E+03 -.642000E+03 0.600760E+04
0.105180E+04 -.642000E+03 0.551310E+04
0.105180E+04 -.610000E+03 0.551310E+04
0.788900E+03 -.610000E+03 0.600760E+04
0.810500E+03 -.642000E+03 0.538480E+04
0.547600E+03 -.642000E+03 0.587930E+04
0.426900E+03 -.642000E+03 0.581510E+04
0.689800E+03 -.642000E+03 0.532070E+04
0.931200E+03 -.642000E+03 0.544900E+04
0.799700E+03 -.642000E+03 0.569620E+04
0.679100E+03 -.642000E+03 0.563200E+04
0.810500E+03 -.642000E+03 0.538480E+04
0.105180E+04 -.642000E+03 0.551310E+04
0.788900E+03 -.642000E+03 0.600760E+04
0.668300E+03 -.642000E+03 0.594340E+04
0.931200E+03 -.642000E+03 0.544900E+04
0.547600E+03 -.610000E+03 0.587930E+04
0.668300E+03 -.610000E+03 0.594340E+04
0.668300E+03 -.642000E+03 0.594340E+04
0.547600E+03 -.642000E+03 0.587930E+04
0.668300E+03 -.610000E+03 0.594340E+04
0.799700E+03 -.610000E+03 0.569620E+04
0.799700E+03 -.642000E+03 0.569620E+04
0.668300E+03 -.642000E+03 0.594340E+04
0.799700E+03 -.610000E+03 0.569620E+04
0.679100E+03 -.610000E+03 0.563200E+04
0.679100E+03 -.642000E+03 0.563200E+04
0.799700E+03 -.642000E+03 0.569620E+04
0.679100E+03 -.610000E+03 0.563200E+04
0.547600E+03 -.610000E+03 0.587930E+04
0.547600E+03 -.642000E+03 0.587930E+04
0.679100E+03 -.642000E+03 0.563200E+04
0.772697E+03 -.610000E+03 0.574700E+04
0.668300E+03 -.610000E+03 0.594340E+04
0.547600E+03 -.610000E+03 0.587930E+04
0.617950E+03 -.610000E+03 0.574700E+04
0.426900E+03 -.723400E+03 0.581510E+04
0.788900E+03 -.723400E+03 0.600760E+04
0.657500E+03 -.723400E+03 0.625480E+04
0.295500E+03 -.723400E+03 0.606230E+04
0.426900E+03 -.642000E+03 0.581510E+04
0.788900E+03 -.642000E+03 0.600760E+04
0.788900E+03 -.723400E+03 0.600760E+04
0.426900E+03 -.723400E+03 0.581510E+04
0.465000E+03 -.610000E+03 0.574700E+04
0.295500E+03 -.610000E+03 0.606230E+04
0.295500E+03 -.376000E+03 0.606230E+04
0.465000E+03 -.376000E+03 0.574700E+04
0.657500E+03 -.376000E+03 0.625480E+04
0.925500E+03 -.376000E+03 0.574700E+04
0.465000E+03 -.376000E+03 0.574700E+04
0.295500E+03 -.376000E+03 0.606230E+04
0.925500E+03 -.376000E+03 0.574700E+04
0.657500E+03 -.376000E+03 0.625480E+04
0.657500E+03 -.610000E+03 0.625480E+04
0.925500E+03 -.610000E+03 0.574700E+04
0.465000E+03 -.376000E+03 0.574700E+04
0.925500E+03 -.376000E+03 0.574700E+04
0.925500E+03 -.610000E+03 0.574700E+04
0.465000E+03 -.610000E+03 0.574700E+04
0.649282E+03 -.697551E+03 0.590634E+04
0.669282E+03 -.625513E+03 0.587787E+04
0.600000E+03 -.622027E+03 0.583802E+04
0.580000E+03 -.694065E+03 0.586649E+04
0.580000E+03 -.694065E+03 0.586649E+04
0.712045E+03 -.108241E+04 0.534194E+04
0.100649E+04 -.109722E+04 0.551129E+04
0.649282E+03 -.697551E+03 0.590634E+04
0.600000E+03 -.622027E+03 0.583802E+04
0.797045E+03 -.776248E+03 0.522094E+04
0.712045E+03 -.108241E+04 0.534194E+04
0.580000E+03 -.694065E+03 0.586649E+04
0.669282E+03 -.625513E+03 0.587787E+04
0.109149E+04 -.791065E+03 0.539029E+04
0.797045E+03 -.776248E+03 0.522094E+04
0.600000E+03 -.622027E+03 0.583802E+04
0.109149E+04 -.791065E+03 0.539029E+04
0.669282E+03 -.625513E+03 0.587787E+04
0.649282E+03 -.697551E+03 0.590634E+04
0.100649E+04 -.109722E+04 0.551129E+04
0.712045E+03 -.108241E+04 0.534194E+04
0.797045E+03 -.776248E+03 0.522094E+04
0.109149E+04 -.791065E+03 0.539029E+04
0.100649E+04 -.109722E+04 0.551129E+04
-.904000E+02 -.832000E+03 0.548040E+04
-.150000E+02 -.832000E+03 0.522830E+04
0.000000E+00 -.832000E+03 0.522830E+04
-.220000E+01 -.832000E+03 0.541320E+04
0.150000E+02 -.832000E+03 0.522830E+04
0.944000E+02 -.832000E+03 0.548040E+04
-.220000E+01 -.832000E+03 0.541320E+04
0.000000E+00 -.832000E+03 0.522830E+04
-.150000E+02 -.832000E+03 0.522830E+04
-.904000E+02 -.832000E+03 0.548040E+04
-.220000E+01 -.832000E+03 0.541320E+04
0.000000E+00 -.832000E+03 0.522830E+04
0.944000E+02 -.832000E+03 0.548040E+04
0.150000E+02 -.832000E+03 0.522830E+04
0.000000E+00 -.832000E+03 0.522830E+04
-.220000E+01 -.832000E+03 0.541320E+04
-.730000E+02 -.845000E+03 0.281940E+04
0.940000E+02 -.845000E+03 0.281940E+04
0.550000E+02 -.845000E+03 0.296000E+04
-.600000E+02 -.845000E+03 0.296000E+04
0.940000E+02 -.845000E+03 0.281940E+04
-.730000E+02 -.845000E+03 0.281940E+04
-.600000E+02 -.845000E+03 0.296000E+04
0.550000E+02 -.845000E+03 0.296000E+04
-.105760E+04 -.850500E+03 0.426430E+04
-.105760E+04 -.850500E+03 0.403270E+04
-.894100E+03 -.850500E+03 0.409700E+04
-.894100E+03 -.850500E+03 0.412700E+04
-.105760E+04 -.850500E+03 0.403270E+04
-.105760E+04 -.850500E+03 0.426430E+04
-.894100E+03 -.850500E+03 0.412700E+04
-.894100E+03 -.850500E+03 0.409700E+04
0.110890E+04 -.864500E+03 0.403760E+04
0.110890E+04 -.864500E+03 0.421470E+04
0.986200E+03 -.864500E+03 0.417050E+04
0.986200E+03 -.864500E+03 0.405350E+04
0.110890E+04 -.864500E+03 0.421470E+04
0.110890E+04 -.864500E+03 0.403760E+04
0.986200E+03 -.864500E+03 0.405350E+04
0.986200E+03 -.864500E+03 0.417050E+04
-.553500E+03 -.835000E+03 0.420500E+03
-.674500E+03 -.835000E+03 0.648700E+03
-.703700E+03 -.835000E+03 0.641600E+03
-.718400E+03 -.835000E+03 0.453000E+03
-.674500E+03 -.835000E+03 0.648700E+03
-.553500E+03 -.835000E+03 0.420500E+03
-.534600E+03 -.835000E+03 0.443800E+03
-.538900E+03 -.835000E+03 0.528600E+03
-.674500E+03 -.835000E+03 0.648700E+03
-.553500E+03 -.835000E+03 0.420500E+03
-.718400E+03 -.835000E+03 0.453000E+03
-.703700E+03 -.835000E+03 0.641600E+03
-.553500E+03 -.835000E+03 0.420500E+03
-.674500E+03 -.835000E+03 0.648700E+03
-.538900E+03 -.835000E+03 0.528600E+03
-.534600E+03 -.835000E+03 0.443800E+03
0.557500E+03 -.821000E+03 0.465600E+03
0.821100E+03 -.821000E+03 0.559600E+03
0.780000E+03 -.821000E+03 0.450000E+03
0.680000E+03 -.821000E+03 0.425200E+03
0.821100E+03 -.821000E+03 0.559600E+03
0.557500E+03 -.821000E+03 0.465600E+03
0.722600E+03 -.821000E+03 0.605200E+03
0.821100E+03 -.821000E+03 0.559600E+03
0.821100E+03 -.821000E+03 0.559600E+03
0.557500E+03 -.821000E+03 0.465600E+03
0.680000E+03 -.821000E+03 0.425200E+03
0.780000E+03 -.821000E+03 0.450000E+03
0.557500E+03 -.821000E+03 0.465600E+03
0.821100E+03 -.821000E+03 0.559600E+03
0.722600E+03 -.821000E+03 0.605200E+03
0.557500E+03 -.821000E+03 0.465600E+03
-.566100E+03 -.870200E+03 0.194190E+04
-.566100E+03 -.870200E+03 0.181190E+04
-.694100E+03 -.870200E+03 0.181190E+04
-.694100E+03 -.870200E+03 0.194190E+04
-.694100E+03 -.870150E+03 0.194190E+04
-.694100E+03 -.870150E+03 0.181190E+04
-.566100E+03 -.870150E+03 0.181190E+04
-.566100E+03 -.870150E+03 0.194190E+04
0.778600E+03 -.865200E+03 0.167620E+04
0.870600E+03 -.865200E+03 0.176820E+04
0.961100E+03 -.865200E+03 0.167760E+04
0.869200E+03 -.865200E+03 0.158570E+04
0.870600E+03 -.865200E+03 0.176820E+04
0.778600E+03 -.865200E+03 0.167620E+04
0.869200E+03 -.865200E+03 0.158570E+04
0.961100E+03 -.865200E+03 0.167760E+04
-.109500E+04 -.610000E+03 0.289800E+04
-.895000E+03 -.610000E+03 0.289800E+04
-.895000E+03 -.610000E+03 0.276800E+04
-.109500E+04 -.610000E+03 0.276800E+04
-.895000E+03 -.609950E+03 0.289800E+04
-.109500E+04 -.609950E+03 0.289800E+04
-.109500E+04 -.609950E+03 0.276800E+04
-.895000E+03 -.609950E+03 0.276800E+04
0.372300E+03 -.610000E+03 0.253500E+04
0.372300E+03 -.610000E+03 0.243500E+04
0.273500E+03 -.610000E+03 0.243500E+04
0.273500E+03 -.610000E+03 0.253500E+04
0.372300E+03 -.610000E+03 0.243500E+04
0.372300E+03 -.610000E+03 0.253500E+04
0.273500E+03 -.610000E+03 0.253500E+04
0.273500E+03 -.610000E+03 0.243500E+04
-.953000E+03 -.610000E+03 0.918000E+03
-.773000E+03 -.610000E+03 0.918000E+03
-.773000E+03 -.610000E+03 0.771000E+03
-.953000E+03 -.610000E+03 0.771000E+03
-.953000E+03 -.609950E+03 0.771000E+03
-.773000E+03 -.609950E+03 0.771000E+03
-.773000E+03 -.609950E+03 0.918000E+03
-.953000E+03 -.609950E+03 0.918000E+03
0.640000E+02 -.610000E+03 0.508300E+04
0.640000E+02 -.610000E+03 0.495300E+04
-.640000E+02 -.610000E+03 0.495300E+04
-.640000E+02 -.610000E+03 0.508300E+04
-.640000E+02 -.610000E+03 0.508300E+04
-.640000E+02 -.610000E+03 0.495300E+04
0.640000E+02 -.610000E+03 0.495300E+04
0.640000E+02 -.610000E+03 0.508300E+04
-.659000E+03 -.610000E+03 0.420600E+04
-.659000E+03 -.610000E+03 0.407600E+04
-.787000E+03 -.610000E+03 0.407600E+04
-.787000E+03 -.610000E+03 0.420600E+04
-.787000E+03 -.610000E+03 0.420600E+04
-.787000E+03 -.610000E+03 0.407600E+04
-.659000E+03 -.610000E+03 0.407600E+04
-.659000E+03 -.610000E+03 0.420600E+04
0.851000E+03 -.610000E+03 0.420600E+04
0.851000E+03 -.610000E+03 0.407600E+04
0.723000E+03 -.610000E+03 0.407600E+04
0.723000E+03 -.610000E+03 0.420600E+04
0.723000E+03 -.610000E+03 0.420600E+04
0.723000E+03 -.610000E+03 0.407600E+04
0.851000E+03 -.610000E+03 0.407600E+04
0.851000E+03 -.610000E+03 0.420600E+04
0.640000E+02 -.610000E+03 0.336200E+04
0.640000E+02 -.610000E+03 0.323200E+04
-.640000E+02 -.610000E+03 0.323200E+04
-.640000E+02 -.610000E+03 0.336200E+04
-.640000E+02 -.610000E+03 0.336200E+04
-.640000E+02 -.610000E+03 0.323200E+04
0.640000E+02 -.610000E+03 0.323200E+04
0.640000E+02 -.610000E+03 0.336200E+04
-.136000E+03 -.610000E+03 0.174700E+04
-.136000E+03 -.610000E+03 0.161700E+04
-.264000E+03 -.610000E+03 0.161700E+04
-.264000E+03 -.610000E+03 0.174700E+04
-.264000E+03 -.610000E+03 0.174700E+04
-.264000E+03 -.610000E+03 0.161700E+04
-.136000E+03 -.610000E+03 0.161700E+04
-.136000E+03 -.610000E+03 0.174700E+04
-.201000E+03 -.610000E+03 0.692000E+03
-.201000E+03 -.610000E+03 0.562000E+03
-.329000E+03 -.610000E+03 0.562000E+03
-.329000E+03 -.610000E+03 0.692000E+03
-.329000E+03 -.609950E+03 0.692000E+03
-.329000E+03 -.609950E+03 0.562000E+03
-.201000E+03 -.609950E+03 0.562000E+03
-.201000E+03 -.609950E+03 0.692000E+03
0.759000E+03 -.610000E+03 0.123000E+04
0.759000E+03 -.610000E+03 0.110000E+04
0.631000E+03 -.610000E+03 0.110000E+04
0.631000E+03 -.610000E+03 0.123000E+04
0.631000E+03 -.609950E+03 0.123000E+04
0.631000E+03 -.609950E+03 0.110000E+04
0.759000E+03 -.609950E+03 0.110000E+04
0.759000E+03 -.609950E+03 0.123000E+04
-.109600E+04 -.610000E+03 0.110200E+04
-.109600E+04 -.610000E+03 0.148570E+04
-.846000E+03 -.610000E+03 0.130000E+04
-.846000E+03 -.610000E+03 0.110200E+04
-.109600E+04 -.609950E+03 0.148570E+04
-.109600E+04 -.609950E+03 0.110200E+04
-.846000E+03 -.609950E+03 0.110200E+04
-.846000E+03 -.609950E+03 0.130000E+04
0.112800E+04 -.610000E+03 0.970000E+03
0.112800E+04 -.610000E+03 0.625500E+03
0.886200E+03 -.610000E+03 0.750000E+03
0.886200E+03 -.610000E+03 0.970000E+03
0.112800E+04 -.609950E+03 0.625500E+03
0.112800E+04 -.609950E+03 0.970000E+03
0.886200E+03 -.609950E+03 0.970000E+03
0.886200E+03 -.609950E+03 0.750000E+03
0.109600E+04 -.610000E+03 0.240930E+04
0.846000E+03 -.610000E+03 0.253630E+04
0.846000E+03 -.610000E+03 0.264170E+04
0.109600E+04 -.610000E+03 0.264170E+04
0.846000E+03 -.610000E+03 0.253630E+04
0.109600E+04 -.610000E+03 0.240930E+04
0.109600E+04 -.610000E+03 0.264170E+04
0.846000E+03 -.610000E+03 0.264170E+04
0.846000E+03 -.610000E+03 0.264170E+04
0.134940E+04 -.610000E+03 0.264170E+04
0.134940E+04 -.610000E+03 0.288700E+04
0.846000E+03 -.610000E+03 0.288700E+04
0.109600E+04 -.610000E+03 0.264170E+04
0.846000E+03 -.610000E+03 0.264170E+04
0.846000E+03 -.610000E+03 0.288700E+04
0.109600E+04 -.610000E+03 0.288700E+04
0.134940E+04 -.610000E+03 0.264170E+04
0.109600E+04 -.610000E+03 0.264170E+04
0.109600E+04 -.610000E+03 0.288700E+04
0.134940E+04 -.610000E+03 0.288700E+04
-.751100E+03 -.610000E+03 0.276000E+04
-.602900E+03 -.610000E+03 0.276000E+04
-.602900E+03 -.610000E+03 0.290000E+04
-.751100E+03 -.610000E+03 0.290000E+04
-.751100E+03 -.610000E+03 0.290000E+04
-.602900E+03 -.610000E+03 0.290000E+04
-.602900E+03 -.610000E+03 0.276000E+04
-.751100E+03 -.610000E+03 0.276000E+04
0.655000E+02 0.610000E+03 0.560400E+04
-.655000E+02 0.610000E+03 0.560400E+04
-.655000E+02 0.610000E+03 0.553800E+04
0.655000E+02 0.610000E+03 0.553800E+04
0.655000E+02 0.609950E+03 0.553800E+04
-.655000E+02 0.609950E+03 0.553800E+04
-.655000E+02 0.609950E+03 0.560400E+04
0.655000E+02 0.609950E+03 0.560400E+04
0.655000E+02 0.610000E+03 0.471600E+04
-.655000E+02 0.610000E+03 0.471600E+04
-.655000E+02 0.610000E+03 0.465000E+04
0.655000E+02 0.610000E+03 0.465000E+04
0.655000E+02 0.609950E+03 0.465000E+04
-.655000E+02 0.609950E+03 0.465000E+04
-.655000E+02 0.609950E+03 0.471600E+04
0.655000E+02 0.609950E+03 0.471600E+04
0.655000E+02 0.610000E+03 0.387100E+04
-.655000E+02 0.610000E+03 0.387100E+04
-.655000E+02 0.610000E+03 0.380500E+04
0.655000E+02 0.610000E+03 0.380500E+04
0.655000E+02 0.609950E+03 0.380500E+04
-.655000E+02 0.609950E+03 0.380500E+04
-.655000E+02 0.609950E+03 0.387100E+04
0.655000E+02 0.609950E+03 0.387100E+04
0.655000E+02 0.610000E+03 0.298750E+04
-.655000E+02 0.610000E+03 0.298750E+04
-.655000E+02 0.610000E+03 0.292150E+04
0.655000E+02 0.610000E+03 0.292150E+04
0.655000E+02 0.609950E+03 0.292150E+04
-.655000E+02 0.609950E+03 0.292150E+04
-.655000E+02 0.609950E+03 0.298750E+04
0.655000E+02 0.609950E+03 0.298750E+04
0.104850E+04 0.610000E+03 0.533820E+04
0.935100E+03 0.610000E+03 0.540370E+04
0.902100E+03 0.610000E+03 0.534650E+04
0.101550E+04 0.610000E+03 0.528100E+04
0.101550E+04 0.609950E+03 0.528100E+04
0.902100E+03 0.609950E+03 0.534650E+04
0.935100E+03 0.609950E+03 0.540370E+04
0.104850E+04 0.609950E+03 0.533820E+04
0.922100E+03 0.609950E+03 0.310230E+04
0.103550E+04 0.609950E+03 0.316780E+04
0.100250E+04 0.610000E+03 0.322500E+04
0.889100E+03 0.610000E+03 0.315950E+04
0.889100E+03 0.609950E+03 0.315950E+04
0.100250E+04 0.609950E+03 0.322500E+04
0.103550E+04 0.609950E+03 0.316780E+04
0.922100E+03 0.609950E+03 0.310230E+04
-.101550E+04 0.610000E+03 0.528100E+04
-.902100E+03 0.610000E+03 0.534650E+04
-.935100E+03 0.610000E+03 0.540370E+04
-.104850E+04 0.610000E+03 0.533820E+04
-.104850E+04 0.609950E+03 0.533820E+04
-.935100E+03 0.609950E+03 0.540370E+04
-.902100E+03 0.609950E+03 0.534650E+04
-.101550E+04 0.609950E+03 0.528100E+04
-.103540E+04 0.610000E+03 0.316780E+04
-.922000E+03 0.610000E+03 0.310230E+04
-.889000E+03 0.610000E+03 0.315950E+04
-.100240E+04 0.610000E+03 0.322500E+04
-.100240E+04 0.609950E+03 0.322500E+04
-.889000E+03 0.609950E+03 0.315950E+04
-.922000E+03 0.609950E+03 0.310230E+04
-.103540E+04 0.609950E+03 0.316780E+04
-.273000E+03 0.610000E+03 0.254000E+04
-.273000E+03 0.610000E+03 0.244000E+04
-.372000E+03 0.610000E+03 0.244000E+04
-.372000E+03 0.610000E+03 0.254000E+04
-.273000E+03 0.610000E+03 0.244000E+04
-.273000E+03 0.610000E+03 0.254000E+04
-.372000E+03 0.610000E+03 0.254000E+04
-.372000E+03 0.610000E+03 0.244000E+04
0.238822E+04 -.868892E+03 0.263862E+04
0.837471E+03 -.197477E+04 0.253489E+04
0.182878E+04 -.341811E+04 0.310258E+04
0.337953E+04 -.231223E+04 0.320631E+04
0.837471E+03 -.197477E+04 0.253489E+04
0.238822E+04 -.868892E+03 0.263862E+04
0.337953E+04 -.231223E+04 0.320631E+04
0.182878E+04 -.341811E+04 0.310258E+04
-.200494E+04 -.148194E+04 0.195694E+04
-.348970E+04 -.146010E+04 0.221160E+04
-.346786E+04 -.294486E+04 0.246625E+04
-.198310E+04 -.296670E+04 0.221160E+04
-.348970E+04 -.146010E+04 0.221160E+04
-.200494E+04 -.148194E+04 0.195694E+04
-.198310E+04 -.296670E+04 0.221160E+04
-.346786E+04 -.294486E+04 0.246625E+04
0.329856E+04 0.969500E+03 0.110514E+04
0.329856E+04 -.133450E+04 0.110514E+04
0.539843E+04 -.133450E+04 0.205327E+04
0.539843E+04 0.969500E+03 0.205327E+04
0.539843E+04 0.969500E+03 0.205327E+04
0.539843E+04 -.133450E+04 0.205327E+04
0.329856E+04 -.133450E+04 0.110514E+04
0.329856E+04 0.969500E+03 0.110514E+04
-.460222E+04 -.678250E+03 0.213045E+04
-.296798E+04 -.678250E+03 0.144415E+04
-.296798E+04 0.109425E+04 0.144415E+04
-.460222E+04 0.109425E+04 0.213045E+04
-.460222E+04 0.109425E+04 0.213045E+04
-.296798E+04 0.109425E+04 0.144415E+04
-.296798E+04 -.678250E+03 0.144415E+04
-.460222E+04 -.678250E+03 0.213045E+04
0.909449E+03 0.244950E+03 0.298000E+03
0.909449E+03 0.387850E+03 0.298000E+03
0.766549E+03 0.387850E+03 0.298000E+03
0.766549E+03 0.244950E+03 0.298000E+03
0.909449E+03 0.244950E+03 0.500000E+02
0.909449E+03 0.244950E+03 0.298000E+03
0.766549E+03 0.244950E+03 0.298000E+03
0.766549E+03 0.244950E+03 0.500000E+02
0.766549E+03 0.244950E+03 0.500000E+02
0.766549E+03 0.244950E+03 0.298000E+03
0.766549E+03 0.387850E+03 0.298000E+03
0.766549E+03 0.387850E+03 0.500000E+02
0.766549E+03 0.387850E+03 0.500000E+02
0.766549E+03 0.387850E+03 0.298000E+03
0.909449E+03 0.387850E+03 0.298000E+03
0.909449E+03 0.387850E+03 0.500000E+02
0.909449E+03 0.387850E+03 0.500000E+02
0.909449E+03 0.387850E+03 0.298000E+03
0.909449E+03 0.244950E+03 0.298000E+03
0.909449E+03 0.244950E+03 0.500000E+02
0.766549E+03 0.244950E+03 0.500000E+02
0.766549E+03 0.387850E+03 0.500000E+02
0.909449E+03 0.387850E+03 0.500000E+02
0.909449E+03 0.244950E+03 0.500000E+02
0.856900E+03 0.413800E+03 0.228000E+03
0.735800E+03 0.865900E+03 0.228000E+03
0.652300E+03 0.843500E+03 0.228000E+03
0.773400E+03 0.391400E+03 0.228000E+03
0.856900E+03 0.413800E+03 0.127200E+03
0.856900E+03 0.413800E+03 0.228000E+03
0.773400E+03 0.391400E+03 0.228000E+03
0.773400E+03 0.391400E+03 0.127200E+03
0.773400E+03 0.391400E+03 0.228000E+03
0.652300E+03 0.843500E+03 0.228000E+03
0.652300E+03 0.843500E+03 0.127200E+03
0.773400E+03 0.391400E+03 0.127200E+03
0.652300E+03 0.843500E+03 0.127200E+03
0.652300E+03 0.843500E+03 0.228000E+03
0.735800E+03 0.865900E+03 0.228000E+03
0.735800E+03 0.865900E+03 0.127200E+03
0.856900E+03 0.413800E+03 0.127200E+03
0.735800E+03 0.865900E+03 0.127200E+03
0.735800E+03 0.865900E+03 0.228000E+03
0.856900E+03 0.413800E+03 0.228000E+03
0.735800E+03 0.865900E+03 0.127200E+03
0.856900E+03 0.413800E+03 0.127200E+03
0.773400E+03 0.391400E+03 0.127200E+03
0.652300E+03 0.843500E+03 0.127200E+03
0.544600E+03 0.122580E+04 0.173000E+03
0.578700E+03 0.109870E+04 0.304600E+03
0.694600E+03 0.112980E+04 0.304600E+03
0.660600E+03 0.125680E+04 0.173000E+03
0.724300E+03 0.101910E+04 0.190000E+03
0.694600E+03 0.112980E+04 0.304600E+03
0.578700E+03 0.109870E+04 0.304600E+03
0.608300E+03 0.988000E+03 0.190000E+03
0.578700E+03 0.109870E+04 0.304600E+03
0.544600E+03 0.122580E+04 0.173000E+03
0.574300E+03 0.111510E+04 0.585000E+02
0.608300E+03 0.988000E+03 0.190000E+03
0.574300E+03 0.111510E+04 0.585000E+02
0.544600E+03 0.122580E+04 0.173000E+03
0.660600E+03 0.125680E+04 0.173000E+03
0.690200E+03 0.114610E+04 0.585000E+02
0.660600E+03 0.125680E+04 0.173000E+03
0.694600E+03 0.112980E+04 0.304600E+03
0.724300E+03 0.101910E+04 0.190000E+03
0.690200E+03 0.114610E+04 0.585000E+02
0.608300E+03 0.988000E+03 0.190000E+03
0.574300E+03 0.111510E+04 0.585000E+02
0.690200E+03 0.114610E+04 0.585000E+02
0.724300E+03 0.101910E+04 0.190000E+03
0.692800E+03 0.113660E+04 0.311600E+03
0.554400E+03 0.165300E+04 0.846300E+03
0.438500E+03 0.162190E+04 0.846200E+03
0.576900E+03 0.110550E+04 0.311600E+03
0.524900E+03 0.129950E+04 0.317300E+03
0.413200E+03 0.171620E+04 0.748700E+03
0.529200E+03 0.174720E+04 0.748700E+03
0.640800E+03 0.133050E+04 0.317300E+03
0.413200E+03 0.171620E+04 0.748700E+03
0.524900E+03 0.129950E+04 0.317300E+03
0.550100E+03 0.120530E+04 0.414900E+03
0.438500E+03 0.162190E+04 0.846200E+03
0.413200E+03 0.171620E+04 0.748700E+03
0.438500E+03 0.162190E+04 0.846200E+03
0.554400E+03 0.165300E+04 0.846300E+03
0.529200E+03 0.174720E+04 0.748700E+03
0.651300E+03 0.129130E+04 0.151500E+03
0.692800E+03 0.113660E+04 0.311600E+03
0.576900E+03 0.110550E+04 0.311600E+03
0.535400E+03 0.126020E+04 0.151500E+03
0.624600E+03 0.139100E+04 0.254700E+03
0.508700E+03 0.135990E+04 0.254700E+03
0.524900E+03 0.129950E+04 0.317300E+03
0.640800E+03 0.133050E+04 0.317300E+03
0.554400E+03 0.165300E+04 0.846300E+03
0.666100E+03 0.123620E+04 0.414900E+03
0.640800E+03 0.133050E+04 0.317300E+03
0.529200E+03 0.174720E+04 0.748700E+03
0.667500E+03 0.123080E+04 0.214000E+03
0.640800E+03 0.133050E+04 0.317300E+03
0.666100E+03 0.123620E+04 0.414900E+03
0.692800E+03 0.113660E+04 0.311600E+03
0.535400E+03 0.126020E+04 0.151500E+03
0.508700E+03 0.135990E+04 0.254700E+03
0.624600E+03 0.139100E+04 0.254700E+03
0.651300E+03 0.129130E+04 0.151500E+03
0.640800E+03 0.133050E+04 0.317300E+03
0.667500E+03 0.123080E+04 0.214000E+03
0.651300E+03 0.129130E+04 0.151500E+03
0.624600E+03 0.139100E+04 0.254700E+03
0.508700E+03 0.135990E+04 0.254700E+03
0.535400E+03 0.126020E+04 0.151500E+03
0.551600E+03 0.119980E+04 0.214100E+03
0.524900E+03 0.129950E+04 0.317300E+03
0.576900E+03 0.110550E+04 0.311600E+03
0.550100E+03 0.120530E+04 0.414900E+03
0.524900E+03 0.129950E+04 0.317300E+03
0.551600E+03 0.119980E+04 0.214100E+03
0.597223E+03 0.994125E+03 0.236850E+03
0.566553E+03 0.110859E+04 0.236850E+03
0.472665E+03 0.108343E+04 0.236850E+03
0.503335E+03 0.968968E+03 0.236850E+03
0.597223E+03 0.994125E+03 0.118350E+03
0.597223E+03 0.994125E+03 0.236850E+03
0.503335E+03 0.968968E+03 0.236850E+03
0.503335E+03 0.968968E+03 0.118350E+03
0.503335E+03 0.968968E+03 0.118350E+03
0.503335E+03 0.968968E+03 0.236850E+03
0.472665E+03 0.108343E+04 0.236850E+03
0.472665E+03 0.108343E+04 0.118350E+03
0.472665E+03 0.108343E+04 0.118350E+03
0.472665E+03 0.108343E+04 0.236850E+03
0.566553E+03 0.110859E+04 0.236850E+03
0.566553E+03 0.110859E+04 0.118350E+03
0.566553E+03 0.110859E+04 0.118350E+03
0.566553E+03 0.110859E+04 0.236850E+03
0.597223E+03 0.994125E+03 0.236850E+03
0.597223E+03 0.994125E+03 0.118350E+03
0.566553E+03 0.110859E+04 0.118350E+03
0.597223E+03 0.994125E+03 0.118350E+03
0.503335E+03 0.968968E+03 0.118350E+03
0.472665E+03 0.108343E+04 0.118350E+03
0.719580E+03 0.100812E+04 0.242800E+03
0.574691E+03 0.969300E+03 0.242800E+03
0.608338E+03 0.843730E+03 0.242800E+03
0.753227E+03 0.882552E+03 0.242800E+03
0.753227E+03 0.882552E+03 0.700000E+02
0.753227E+03 0.882552E+03 0.242800E+03
0.608338E+03 0.843730E+03 0.242800E+03
0.608338E+03 0.843730E+03 0.700000E+02
0.608338E+03 0.843730E+03 0.700000E+02
0.608338E+03 0.843730E+03 0.242800E+03
0.574691E+03 0.969300E+03 0.242800E+03
0.574691E+03 0.969300E+03 0.700000E+02
0.574691E+03 0.969300E+03 0.700000E+02
0.574691E+03 0.969300E+03 0.242800E+03
0.719580E+03 0.100812E+04 0.242800E+03
0.719580E+03 0.100812E+04 0.700000E+02
0.719580E+03 0.100812E+04 0.700000E+02
0.719580E+03 0.100812E+04 0.242800E+03
0.753227E+03 0.882552E+03 0.242800E+03
0.753227E+03 0.882552E+03 0.700000E+02
0.574691E+03 0.969300E+03 0.700000E+02
0.719580E+03 0.100812E+04 0.700000E+02
0.753227E+03 0.882552E+03 0.700000E+02
0.608338E+03 0.843730E+03 0.700000E+02
0.599652E+03 0.187457E+04 0.113250E+04
0.277167E+03 0.179167E+04 0.112800E+04
0.338971E+03 0.156401E+04 0.892967E+03
0.661455E+03 0.164691E+04 0.897465E+03
0.661455E+03 0.164691E+04 0.897465E+03
0.338971E+03 0.156401E+04 0.892967E+03
0.330064E+03 0.160071E+04 0.855074E+03
0.652548E+03 0.168361E+04 0.859572E+03
0.338971E+03 0.156401E+04 0.892967E+03
0.277167E+03 0.179167E+04 0.112800E+04
0.268261E+03 0.182837E+04 0.109011E+04
0.330064E+03 0.160071E+04 0.855074E+03
0.277167E+03 0.179167E+04 0.112800E+04
0.599652E+03 0.187457E+04 0.113250E+04
0.590745E+03 0.191127E+04 0.109460E+04
0.268261E+03 0.182837E+04 0.109011E+04
0.652548E+03 0.168361E+04 0.859572E+03
0.590745E+03 0.191127E+04 0.109460E+04
0.599652E+03 0.187457E+04 0.113250E+04
0.661455E+03 0.164691E+04 0.897465E+03
0.339211E+03 0.182916E+04 0.726874E+03
0.537737E+03 0.188019E+04 0.729643E+03
0.555217E+03 0.180816E+04 0.804012E+03
0.356691E+03 0.175713E+04 0.801243E+03
0.356691E+03 0.175713E+04 0.801243E+03
0.318644E+03 0.189728E+04 0.945933E+03
0.301164E+03 0.196931E+04 0.871564E+03
0.339211E+03 0.182916E+04 0.726874E+03
0.499690E+03 0.202034E+04 0.874333E+03
0.301164E+03 0.196931E+04 0.871564E+03
0.318644E+03 0.189728E+04 0.945933E+03
0.517170E+03 0.194831E+04 0.948702E+03
0.517170E+03 0.194831E+04 0.948702E+03
0.555217E+03 0.180816E+04 0.804012E+03
0.537737E+03 0.188019E+04 0.729643E+03
0.499690E+03 0.202034E+04 0.874333E+03
0.301164E+03 0.196931E+04 0.871564E+03
0.499690E+03 0.202034E+04 0.874333E+03
0.537737E+03 0.188019E+04 0.729643E+03
0.339211E+03 0.182916E+04 0.726874E+03
0.652548E+03 0.168361E+04 0.859572E+03
0.330064E+03 0.160071E+04 0.855074E+03
0.356691E+03 0.175713E+04 0.801243E+03
0.555217E+03 0.180816E+04 0.804012E+03
0.590745E+03 0.191127E+04 0.109460E+04
0.652548E+03 0.168361E+04 0.859572E+03
0.555217E+03 0.180816E+04 0.804012E+03
0.517170E+03 0.194831E+04 0.948702E+03
0.268261E+03 0.182837E+04 0.109011E+04
0.590745E+03 0.191127E+04 0.109460E+04
0.517170E+03 0.194831E+04 0.948702E+03
0.318644E+03 0.189728E+04 0.945933E+03
0.330064E+03 0.160071E+04 0.855074E+03
0.268261E+03 0.182837E+04 0.109011E+04
0.318644E+03 0.189728E+04 0.945933E+03
0.356691E+03 0.175713E+04 0.801243E+03
-.772900E+03 0.391300E+03 0.228000E+03
-.651800E+03 0.843400E+03 0.228000E+03
-.735300E+03 0.865700E+03 0.228000E+03
-.856400E+03 0.413700E+03 0.228000E+03
-.772900E+03 0.391300E+03 0.127200E+03
-.772900E+03 0.391300E+03 0.228000E+03
-.856400E+03 0.413700E+03 0.228000E+03
-.856400E+03 0.413700E+03 0.127200E+03
-.856400E+03 0.413700E+03 0.228000E+03
-.735300E+03 0.865700E+03 0.228000E+03
-.735300E+03 0.865700E+03 0.127200E+03
-.856400E+03 0.413700E+03 0.127200E+03
-.735300E+03 0.865700E+03 0.127200E+03
-.735300E+03 0.865700E+03 0.228000E+03
-.651800E+03 0.843400E+03 0.228000E+03
-.651800E+03 0.843400E+03 0.127200E+03
-.772900E+03 0.391300E+03 0.127200E+03
-.651800E+03 0.843400E+03 0.127200E+03
-.651800E+03 0.843400E+03 0.228000E+03
-.772900E+03 0.391300E+03 0.228000E+03
-.651800E+03 0.843400E+03 0.127200E+03
-.772900E+03 0.391300E+03 0.127200E+03
-.856400E+03 0.413700E+03 0.127200E+03
-.735300E+03 0.865700E+03 0.127200E+03
-.555500E+03 0.109250E+04 0.304600E+03
-.521500E+03 0.121950E+04 0.173000E+03
-.637400E+03 0.125060E+04 0.173000E+03
-.671400E+03 0.112360E+04 0.304600E+03
-.585200E+03 0.981800E+03 0.190000E+03
-.555500E+03 0.109250E+04 0.304600E+03
-.671400E+03 0.112360E+04 0.304600E+03
-.701100E+03 0.101290E+04 0.190000E+03
-.671400E+03 0.112360E+04 0.304600E+03
-.637400E+03 0.125060E+04 0.173000E+03
-.667000E+03 0.113990E+04 0.585000E+02
-.701100E+03 0.101290E+04 0.190000E+03
-.667000E+03 0.113990E+04 0.585000E+02
-.637400E+03 0.125060E+04 0.173000E+03
-.521500E+03 0.121950E+04 0.173000E+03
-.551100E+03 0.110890E+04 0.585000E+02
-.585200E+03 0.981800E+03 0.190000E+03
-.551100E+03 0.110890E+04 0.585000E+02
-.521500E+03 0.121950E+04 0.173000E+03
-.555500E+03 0.109250E+04 0.304600E+03
-.551100E+03 0.110890E+04 0.585000E+02
-.585200E+03 0.981800E+03 0.190000E+03
-.701100E+03 0.101290E+04 0.190000E+03
-.667000E+03 0.113990E+04 0.585000E+02
-.553700E+03 0.109930E+04 0.311600E+03
-.415300E+03 0.161580E+04 0.846300E+03
-.531200E+03 0.164670E+04 0.846200E+03
-.669600E+03 0.113030E+04 0.311600E+03
-.390100E+03 0.170990E+04 0.748700E+03
-.501700E+03 0.129320E+04 0.317300E+03
-.617600E+03 0.132430E+04 0.317300E+03
-.506000E+03 0.174100E+04 0.748700E+03
-.506000E+03 0.174100E+04 0.748700E+03
-.617600E+03 0.132430E+04 0.317300E+03
-.642900E+03 0.123010E+04 0.414900E+03
-.531200E+03 0.164670E+04 0.846200E+03
-.506000E+03 0.174100E+04 0.748700E+03
-.531200E+03 0.164670E+04 0.846200E+03
-.415300E+03 0.161580E+04 0.846300E+03
-.390100E+03 0.170990E+04 0.748700E+03
-.669600E+03 0.113030E+04 0.311600E+03
-.628100E+03 0.128510E+04 0.151500E+03
-.512200E+03 0.125400E+04 0.151500E+03
-.553700E+03 0.109930E+04 0.311600E+03
-.485500E+03 0.135370E+04 0.254700E+03
-.601400E+03 0.138480E+04 0.254700E+03
-.617600E+03 0.132430E+04 0.317300E+03
-.501700E+03 0.129320E+04 0.317300E+03
-.415300E+03 0.161580E+04 0.846300E+03
-.527000E+03 0.119900E+04 0.414900E+03
-.501700E+03 0.129320E+04 0.317300E+03
-.390100E+03 0.170990E+04 0.748700E+03
-.527000E+03 0.119900E+04 0.414900E+03
-.553700E+03 0.109930E+04 0.311600E+03
-.528400E+03 0.119360E+04 0.214000E+03
-.501700E+03 0.129320E+04 0.317300E+03
-.628100E+03 0.128510E+04 0.151500E+03
-.601400E+03 0.138480E+04 0.254700E+03
-.485500E+03 0.135370E+04 0.254700E+03
-.512200E+03 0.125400E+04 0.151500E+03
-.501700E+03 0.129320E+04 0.317300E+03
-.528400E+03 0.119360E+04 0.214000E+03
-.512200E+03 0.125400E+04 0.151500E+03
-.485500E+03 0.135370E+04 0.254700E+03
-.644300E+03 0.122460E+04 0.214100E+03
-.617600E+03 0.132430E+04 0.317300E+03
-.601400E+03 0.138480E+04 0.254700E+03
-.628100E+03 0.128510E+04 0.151500E+03
-.669600E+03 0.113030E+04 0.311600E+03
-.642900E+03 0.123010E+04 0.414900E+03
-.617600E+03 0.132430E+04 0.317300E+03
-.644300E+03 0.122460E+04 0.214100E+03
-.909450E+03 0.244950E+03 0.298000E+03
-.766550E+03 0.244950E+03 0.298000E+03
-.766550E+03 0.387850E+03 0.298000E+03
-.909450E+03 0.387850E+03 0.298000E+03
-.766550E+03 0.244950E+03 0.500000E+02
-.766550E+03 0.244950E+03 0.298000E+03
-.909450E+03 0.244950E+03 0.298000E+03
-.909450E+03 0.244950E+03 0.500000E+02
-.909450E+03 0.244950E+03 0.500000E+02
-.909450E+03 0.244950E+03 0.298000E+03
-.909450E+03 0.387850E+03 0.298000E+03
-.909450E+03 0.387850E+03 0.500000E+02
-.909450E+03 0.387850E+03 0.500000E+02
-.909450E+03 0.387850E+03 0.298000E+03
-.766550E+03 0.387850E+03 0.298000E+03
-.766550E+03 0.387850E+03 0.500000E+02
-.766550E+03 0.387850E+03 0.500000E+02
-.766550E+03 0.387850E+03 0.298000E+03
-.766550E+03 0.244950E+03 0.298000E+03
-.766550E+03 0.244950E+03 0.500000E+02
-.909450E+03 0.387850E+03 0.500000E+02
-.766550E+03 0.387850E+03 0.500000E+02
-.766550E+03 0.244950E+03 0.500000E+02
-.909450E+03 0.244950E+03 0.500000E+02
-.707648E+03 0.102371E+04 0.236850E+03
-.676977E+03 0.113818E+04 0.236850E+03
-.770865E+03 0.116333E+04 0.236850E+03
-.801536E+03 0.104887E+04 0.236850E+03
-.707648E+03 0.102371E+04 0.118350E+03
-.707648E+03 0.102371E+04 0.236850E+03
-.801536E+03 0.104887E+04 0.236850E+03
-.801536E+03 0.104887E+04 0.118350E+03
-.801536E+03 0.104887E+04 0.236850E+03
-.770865E+03 0.116333E+04 0.236850E+03
-.770865E+03 0.116333E+04 0.118350E+03
-.801536E+03 0.104887E+04 0.118350E+03
-.770865E+03 0.116333E+04 0.118350E+03
-.770865E+03 0.116333E+04 0.236850E+03
-.676977E+03 0.113818E+04 0.236850E+03
-.676977E+03 0.113818E+04 0.118350E+03
-.707648E+03 0.102371E+04 0.118350E+03
-.676977E+03 0.113818E+04 0.118350E+03
-.676977E+03 0.113818E+04 0.236850E+03
-.707648E+03 0.102371E+04 0.236850E+03
-.676977E+03 0.113818E+04 0.118350E+03
-.707648E+03 0.102371E+04 0.118350E+03
-.801536E+03 0.104887E+04 0.118350E+03
-.770865E+03 0.116333E+04 0.118350E+03
-.774268E+03 0.886626E+03 0.242800E+03
-.629379E+03 0.847803E+03 0.242800E+03
-.595732E+03 0.973374E+03 0.242800E+03
-.740621E+03 0.101220E+04 0.242800E+03
-.629379E+03 0.847803E+03 0.700000E+02
-.629379E+03 0.847803E+03 0.242800E+03
-.774268E+03 0.886626E+03 0.242800E+03
-.774268E+03 0.886626E+03 0.700000E+02
-.774268E+03 0.886626E+03 0.700000E+02
-.774268E+03 0.886626E+03 0.242800E+03
-.740621E+03 0.101220E+04 0.242800E+03
-.740621E+03 0.101220E+04 0.700000E+02
-.740621E+03 0.101220E+04 0.700000E+02
-.740621E+03 0.101220E+04 0.242800E+03
-.595732E+03 0.973374E+03 0.242800E+03
-.595732E+03 0.973374E+03 0.700000E+02
-.595732E+03 0.973374E+03 0.700000E+02
-.595732E+03 0.973374E+03 0.242800E+03
-.629379E+03 0.847803E+03 0.242800E+03
-.629379E+03 0.847803E+03 0.700000E+02
-.629379E+03 0.847803E+03 0.700000E+02
-.774268E+03 0.886626E+03 0.700000E+02
-.740621E+03 0.101220E+04 0.700000E+02
-.595732E+03 0.973374E+03 0.700000E+02
-.319831E+03 0.155707E+04 0.893531E+03
-.256798E+03 0.178425E+04 0.112871E+04
-.578451E+03 0.187038E+04 0.113171E+04
-.641484E+03 0.164321E+04 0.896538E+03
-.632041E+03 0.167980E+04 0.858665E+03
-.310388E+03 0.159366E+04 0.855657E+03
-.319831E+03 0.155707E+04 0.893531E+03
-.641484E+03 0.164321E+04 0.896538E+03
-.569008E+03 0.190697E+04 0.109384E+04
-.632041E+03 0.167980E+04 0.858665E+03
-.641484E+03 0.164321E+04 0.896538E+03
-.578451E+03 0.187038E+04 0.113171E+04
-.247355E+03 0.182083E+04 0.109083E+04
-.569008E+03 0.190697E+04 0.109384E+04
-.578451E+03 0.187038E+04 0.113171E+04
-.256798E+03 0.178425E+04 0.112871E+04
-.310388E+03 0.159366E+04 0.855657E+03
-.247355E+03 0.182083E+04 0.109083E+04
-.256798E+03 0.178425E+04 0.112871E+04
-.319831E+03 0.155707E+04 0.893531E+03
-.335204E+03 0.175030E+04 0.801618E+03
-.533219E+03 0.180333E+04 0.803470E+03
-.514685E+03 0.187514E+04 0.729138E+03
-.316670E+03 0.182211E+04 0.727286E+03
-.475881E+03 0.201499E+04 0.873917E+03
-.514685E+03 0.187514E+04 0.729138E+03
-.533219E+03 0.180333E+04 0.803470E+03
-.494415E+03 0.194318E+04 0.948248E+03
-.277866E+03 0.196196E+04 0.872065E+03
-.475881E+03 0.201499E+04 0.873917E+03
-.494415E+03 0.194318E+04 0.948248E+03
-.296400E+03 0.189016E+04 0.946396E+03
-.296400E+03 0.189016E+04 0.946396E+03
-.335204E+03 0.175030E+04 0.801618E+03
-.316670E+03 0.182211E+04 0.727286E+03
-.277866E+03 0.196196E+04 0.872065E+03
-.475881E+03 0.201499E+04 0.873917E+03
-.277866E+03 0.196196E+04 0.872065E+03
-.316670E+03 0.182211E+04 0.727286E+03
-.514685E+03 0.187514E+04 0.729138E+03
-.310388E+03 0.159366E+04 0.855657E+03
-.632041E+03 0.167980E+04 0.858665E+03
-.533219E+03 0.180333E+04 0.803470E+03
-.335204E+03 0.175030E+04 0.801618E+03
-.247355E+03 0.182083E+04 0.109083E+04
-.310388E+03 0.159366E+04 0.855657E+03
-.335204E+03 0.175030E+04 0.801618E+03
-.296400E+03 0.189016E+04 0.946396E+03
-.569008E+03 0.190697E+04 0.109384E+04
-.247355E+03 0.182083E+04 0.109083E+04
-.296400E+03 0.189016E+04 0.946396E+03
-.494415E+03 0.194318E+04 0.948248E+03
-.632041E+03 0.167980E+04 0.858665E+03
-.569008E+03 0.190697E+04 0.109384E+04
-.494415E+03 0.194318E+04 0.948248E+03
-.533219E+03 0.180333E+04 0.803470E+03
-.893450E+03 -.365950E+03 0.298000E+03
-.750550E+03 -.365950E+03 0.298000E+03
-.750550E+03 -.223050E+03 0.298000E+03
-.893450E+03 -.223050E+03 0.298000E+03
-.750550E+03 -.365950E+03 0.500000E+02
-.750550E+03 -.365950E+03 0.298000E+03
-.893450E+03 -.365950E+03 0.298000E+03
-.893450E+03 -.365950E+03 0.500000E+02
-.893450E+03 -.365950E+03 0.500000E+02
-.893450E+03 -.365950E+03 0.298000E+03
-.893450E+03 -.223050E+03 0.298000E+03
-.893450E+03 -.223050E+03 0.500000E+02
-.893450E+03 -.223050E+03 0.500000E+02
-.893450E+03 -.223050E+03 0.298000E+03
-.750550E+03 -.223050E+03 0.298000E+03
-.750550E+03 -.223050E+03 0.500000E+02
-.750550E+03 -.223050E+03 0.500000E+02
-.750550E+03 -.223050E+03 0.298000E+03
-.750550E+03 -.365950E+03 0.298000E+03
-.750550E+03 -.365950E+03 0.500000E+02
-.893450E+03 -.223050E+03 0.500000E+02
-.750550E+03 -.223050E+03 0.500000E+02
-.750550E+03 -.365950E+03 0.500000E+02
-.893450E+03 -.365950E+03 0.500000E+02
-.837900E+03 -.396200E+03 0.228000E+03
-.708900E+03 -.846100E+03 0.228000E+03
-.625700E+03 -.822200E+03 0.228000E+03
-.754700E+03 -.372400E+03 0.228000E+03
-.837900E+03 -.396200E+03 0.127200E+03
-.837900E+03 -.396200E+03 0.228000E+03
-.754700E+03 -.372400E+03 0.228000E+03
-.754700E+03 -.372400E+03 0.127200E+03
-.754700E+03 -.372400E+03 0.228000E+03
-.625700E+03 -.822200E+03 0.228000E+03
-.625700E+03 -.822200E+03 0.127200E+03
-.754700E+03 -.372400E+03 0.127200E+03
-.625700E+03 -.822200E+03 0.127200E+03
-.625700E+03 -.822200E+03 0.228000E+03
-.708900E+03 -.846100E+03 0.228000E+03
-.708900E+03 -.846100E+03 0.127200E+03
-.837900E+03 -.396200E+03 0.127200E+03
-.708900E+03 -.846100E+03 0.127200E+03
-.708900E+03 -.846100E+03 0.228000E+03
-.837900E+03 -.396200E+03 0.228000E+03
-.708900E+03 -.846100E+03 0.127200E+03
-.837900E+03 -.396200E+03 0.127200E+03
-.754700E+03 -.372400E+03 0.127200E+03
-.625700E+03 -.822200E+03 0.127200E+03
-.663100E+03 -.110930E+04 0.304600E+03
-.626800E+03 -.123570E+04 0.173000E+03
-.511500E+03 -.120260E+04 0.173000E+03
-.547700E+03 -.107620E+04 0.304600E+03
-.694700E+03 -.999100E+03 0.190000E+03
-.663100E+03 -.110930E+04 0.304600E+03
-.547700E+03 -.107620E+04 0.304600E+03
-.579300E+03 -.966000E+03 0.190000E+03
-.547700E+03 -.107620E+04 0.304600E+03
-.511500E+03 -.120260E+04 0.173000E+03
-.543100E+03 -.109240E+04 0.585000E+02
-.579300E+03 -.966000E+03 0.190000E+03
-.626800E+03 -.123570E+04 0.173000E+03
-.658400E+03 -.112550E+04 0.585000E+02
-.543100E+03 -.109240E+04 0.585000E+02
-.511500E+03 -.120260E+04 0.173000E+03
-.626800E+03 -.123570E+04 0.173000E+03
-.663100E+03 -.110930E+04 0.304600E+03
-.694700E+03 -.999100E+03 0.190000E+03
-.658400E+03 -.112550E+04 0.585000E+02
-.658400E+03 -.112550E+04 0.585000E+02
-.694700E+03 -.999100E+03 0.190000E+03
-.579300E+03 -.966000E+03 0.190000E+03
-.543100E+03 -.109240E+04 0.585000E+02
-.661100E+03 -.111600E+04 0.311600E+03
-.513800E+03 -.163000E+04 0.846300E+03
-.398400E+03 -.159680E+04 0.846200E+03
-.545800E+03 -.108290E+04 0.311600E+03
-.486900E+03 -.172370E+04 0.748700E+03
-.605800E+03 -.130900E+04 0.317300E+03
-.490400E+03 -.127590E+04 0.317300E+03
-.371500E+03 -.169060E+04 0.748700E+03
-.371500E+03 -.169060E+04 0.748700E+03
-.490400E+03 -.127590E+04 0.317300E+03
-.517300E+03 -.118220E+04 0.414900E+03
-.398400E+03 -.159680E+04 0.846200E+03
-.513800E+03 -.163000E+04 0.846300E+03
-.486900E+03 -.172370E+04 0.748700E+03
-.371500E+03 -.169060E+04 0.748700E+03
-.398400E+03 -.159680E+04 0.846200E+03
-.545800E+03 -.108290E+04 0.311600E+03
-.501600E+03 -.123690E+04 0.151500E+03
-.617000E+03 -.127000E+04 0.151500E+03
-.661100E+03 -.111600E+04 0.311600E+03
-.490400E+03 -.127590E+04 0.317300E+03
-.605800E+03 -.130900E+04 0.317300E+03
-.588500E+03 -.136920E+04 0.254700E+03
-.473200E+03 -.133610E+04 0.254700E+03
-.605800E+03 -.130900E+04 0.317300E+03
-.486900E+03 -.172370E+04 0.748700E+03
-.513800E+03 -.163000E+04 0.846300E+03
-.632700E+03 -.121530E+04 0.414900E+03
-.632700E+03 -.121530E+04 0.414900E+03
-.661100E+03 -.111600E+04 0.311600E+03
-.634200E+03 -.120980E+04 0.214000E+03
-.605800E+03 -.130900E+04 0.317300E+03
-.588500E+03 -.136920E+04 0.254700E+03
-.617000E+03 -.127000E+04 0.151500E+03
-.501600E+03 -.123690E+04 0.151500E+03
-.473200E+03 -.133610E+04 0.254700E+03
-.605800E+03 -.130900E+04 0.317300E+03
-.634200E+03 -.120980E+04 0.214000E+03
-.617000E+03 -.127000E+04 0.151500E+03
-.588500E+03 -.136920E+04 0.254700E+03
-.545800E+03 -.108290E+04 0.311600E+03
-.517300E+03 -.118220E+04 0.414900E+03
-.490400E+03 -.127590E+04 0.317300E+03
-.518900E+03 -.117670E+04 0.214100E+03
-.518900E+03 -.117670E+04 0.214100E+03
-.490400E+03 -.127590E+04 0.317300E+03
-.473200E+03 -.133610E+04 0.254700E+03
-.501600E+03 -.123690E+04 0.151500E+03
-.568065E+03 -.971941E+03 0.236850E+03
-.535402E+03 -.108585E+04 0.236850E+03
-.441968E+03 -.105906E+04 0.236850E+03
-.474631E+03 -.945149E+03 0.236850E+03
-.441968E+03 -.105906E+04 0.118350E+03
-.441968E+03 -.105906E+04 0.236850E+03
-.535402E+03 -.108585E+04 0.236850E+03
-.535402E+03 -.108585E+04 0.118350E+03
-.568065E+03 -.971941E+03 0.118350E+03
-.535402E+03 -.108585E+04 0.118350E+03
-.535402E+03 -.108585E+04 0.236850E+03
-.568065E+03 -.971941E+03 0.236850E+03
-.568065E+03 -.971941E+03 0.118350E+03
-.568065E+03 -.971941E+03 0.236850E+03
-.474631E+03 -.945149E+03 0.236850E+03
-.474631E+03 -.945149E+03 0.118350E+03
-.474631E+03 -.945149E+03 0.236850E+03
-.441968E+03 -.105906E+04 0.236850E+03
-.441968E+03 -.105906E+04 0.118350E+03
-.474631E+03 -.945149E+03 0.118350E+03
-.535402E+03 -.108585E+04 0.118350E+03
-.568065E+03 -.971941E+03 0.118350E+03
-.474631E+03 -.945149E+03 0.118350E+03
-.441968E+03 -.105906E+04 0.118350E+03
-.581416E+03 -.820518E+03 0.242800E+03
-.725606E+03 -.861864E+03 0.242800E+03
-.689773E+03 -.986828E+03 0.242800E+03
-.545584E+03 -.945482E+03 0.242800E+03
-.545584E+03 -.945482E+03 0.700000E+02
-.545584E+03 -.945482E+03 0.242800E+03
-.689773E+03 -.986828E+03 0.242800E+03
-.689773E+03 -.986828E+03 0.700000E+02
-.689773E+03 -.986828E+03 0.700000E+02
-.689773E+03 -.986828E+03 0.242800E+03
-.725606E+03 -.861864E+03 0.242800E+03
-.725606E+03 -.861864E+03 0.700000E+02
-.725606E+03 -.861864E+03 0.700000E+02
-.725606E+03 -.861864E+03 0.242800E+03
-.581416E+03 -.820518E+03 0.242800E+03
-.581416E+03 -.820518E+03 0.700000E+02
-.581416E+03 -.820518E+03 0.700000E+02
-.581416E+03 -.820518E+03 0.242800E+03
-.545584E+03 -.945482E+03 0.242800E+03
-.545584E+03 -.945482E+03 0.700000E+02
-.725606E+03 -.861864E+03 0.700000E+02
-.581416E+03 -.820518E+03 0.700000E+02
-.545584E+03 -.945482E+03 0.700000E+02
-.689773E+03 -.986828E+03 0.700000E+02
-.236787E+03 -.176258E+04 0.112863E+04
-.303916E+03 -.153655E+04 0.893488E+03
-.624016E+03 -.162828E+04 0.896692E+03
-.556887E+03 -.185431E+04 0.113183E+04
-.546830E+03 -.189073E+04 0.109395E+04
-.226730E+03 -.179900E+04 0.109075E+04
-.236787E+03 -.176258E+04 0.112863E+04
-.556887E+03 -.185431E+04 0.113183E+04
-.613959E+03 -.166469E+04 0.858812E+03
-.546830E+03 -.189073E+04 0.109395E+04
-.556887E+03 -.185431E+04 0.113183E+04
-.624016E+03 -.162828E+04 0.896692E+03
-.624016E+03 -.162828E+04 0.896692E+03
-.303916E+03 -.153655E+04 0.893488E+03
-.293859E+03 -.157296E+04 0.855609E+03
-.613959E+03 -.166469E+04 0.858812E+03
-.303916E+03 -.153655E+04 0.893488E+03
-.236787E+03 -.176258E+04 0.112863E+04
-.226730E+03 -.179900E+04 0.109075E+04
-.293859E+03 -.157296E+04 0.855609E+03
-.451967E+03 -.199711E+04 0.873967E+03
-.254908E+03 -.194064E+04 0.871995E+03
-.274647E+03 -.186917E+04 0.946338E+03
-.471705E+03 -.192564E+04 0.948310E+03
-.471705E+03 -.192564E+04 0.948310E+03
-.513031E+03 -.178649E+04 0.803556E+03
-.493293E+03 -.185796E+04 0.729213E+03
-.451967E+03 -.199711E+04 0.873967E+03
-.513031E+03 -.178649E+04 0.803556E+03
-.315972E+03 -.173002E+04 0.801584E+03
-.296234E+03 -.180149E+04 0.727241E+03
-.493293E+03 -.185796E+04 0.729213E+03
-.254908E+03 -.194064E+04 0.871995E+03
-.296234E+03 -.180149E+04 0.727241E+03
-.315972E+03 -.173002E+04 0.801584E+03
-.274647E+03 -.186917E+04 0.946338E+03
-.254908E+03 -.194064E+04 0.871995E+03
-.451967E+03 -.199711E+04 0.873967E+03
-.493293E+03 -.185796E+04 0.729213E+03
-.296234E+03 -.180149E+04 0.727241E+03
-.226730E+03 -.179900E+04 0.109075E+04
-.546830E+03 -.189073E+04 0.109395E+04
-.471705E+03 -.192564E+04 0.948310E+03
-.274647E+03 -.186917E+04 0.946338E+03
-.293859E+03 -.157296E+04 0.855609E+03
-.226730E+03 -.179900E+04 0.109075E+04
-.274647E+03 -.186917E+04 0.946338E+03
-.315972E+03 -.173002E+04 0.801584E+03
-.613959E+03 -.166469E+04 0.858812E+03
-.293859E+03 -.157296E+04 0.855609E+03
-.315972E+03 -.173002E+04 0.801584E+03
-.513031E+03 -.178649E+04 0.803556E+03
-.546830E+03 -.189073E+04 0.109395E+04
-.613959E+03 -.166469E+04 0.858812E+03
-.513031E+03 -.178649E+04 0.803556E+03
-.471705E+03 -.192564E+04 0.948310E+03
0.641946E+03 -.345950E+03 0.298000E+03
0.641946E+03 -.203050E+03 0.298000E+03
0.499046E+03 -.203050E+03 0.298000E+03
0.499046E+03 -.345950E+03 0.298000E+03
0.641946E+03 -.345950E+03 0.500000E+02
0.641946E+03 -.345950E+03 0.298000E+03
0.499046E+03 -.345950E+03 0.298000E+03
0.499046E+03 -.345950E+03 0.500000E+02
0.499046E+03 -.345950E+03 0.500000E+02
0.499046E+03 -.345950E+03 0.298000E+03
0.499046E+03 -.203050E+03 0.298000E+03
0.499046E+03 -.203050E+03 0.500000E+02
0.499046E+03 -.203050E+03 0.500000E+02
0.499046E+03 -.203050E+03 0.298000E+03
0.641946E+03 -.203050E+03 0.298000E+03
0.641946E+03 -.203050E+03 0.500000E+02
0.641946E+03 -.203050E+03 0.500000E+02
0.641946E+03 -.203050E+03 0.298000E+03
0.641946E+03 -.345950E+03 0.298000E+03
0.641946E+03 -.345950E+03 0.500000E+02
0.499046E+03 -.345950E+03 0.500000E+02
0.499046E+03 -.203050E+03 0.500000E+02
0.641946E+03 -.203050E+03 0.500000E+02
0.641946E+03 -.345950E+03 0.500000E+02
0.509100E+03 -.362900E+03 0.228000E+03
0.468300E+03 -.829100E+03 0.228000E+03
0.554400E+03 -.836600E+03 0.228000E+03
0.595200E+03 -.370400E+03 0.228000E+03
0.509100E+03 -.362900E+03 0.127200E+03
0.509100E+03 -.362900E+03 0.228000E+03
0.595200E+03 -.370400E+03 0.228000E+03
0.595200E+03 -.370400E+03 0.127200E+03
0.595200E+03 -.370400E+03 0.228000E+03
0.554400E+03 -.836600E+03 0.228000E+03
0.554400E+03 -.836600E+03 0.127200E+03
0.595200E+03 -.370400E+03 0.127200E+03
0.554400E+03 -.836600E+03 0.127200E+03
0.554400E+03 -.836600E+03 0.228000E+03
0.468300E+03 -.829100E+03 0.228000E+03
0.468300E+03 -.829100E+03 0.127200E+03
0.509100E+03 -.362900E+03 0.127200E+03
0.468300E+03 -.829100E+03 0.127200E+03
0.468300E+03 -.829100E+03 0.228000E+03
0.509100E+03 -.362900E+03 0.228000E+03
0.468300E+03 -.829100E+03 0.127200E+03
0.509100E+03 -.362900E+03 0.127200E+03
0.595200E+03 -.370400E+03 0.127200E+03
0.554400E+03 -.836600E+03 0.127200E+03
0.524800E+03 -.123270E+04 0.173000E+03
0.536300E+03 -.110170E+04 0.304600E+03
0.416700E+03 -.109120E+04 0.304600E+03
0.405300E+03 -.122220E+04 0.173000E+03
0.426700E+03 -.977000E+03 0.190000E+03
0.416700E+03 -.109120E+04 0.304600E+03
0.536300E+03 -.110170E+04 0.304600E+03
0.546300E+03 -.987500E+03 0.190000E+03
0.536300E+03 -.110170E+04 0.304600E+03
0.524800E+03 -.123270E+04 0.173000E+03
0.534800E+03 -.111850E+04 0.585000E+02
0.546300E+03 -.987500E+03 0.190000E+03
0.534800E+03 -.111850E+04 0.585000E+02
0.524800E+03 -.123270E+04 0.173000E+03
0.405300E+03 -.122220E+04 0.173000E+03
0.415300E+03 -.110800E+04 0.585000E+02
0.405300E+03 -.122220E+04 0.173000E+03
0.416700E+03 -.109120E+04 0.304600E+03
0.426700E+03 -.977000E+03 0.190000E+03
0.415300E+03 -.110800E+04 0.585000E+02
0.546300E+03 -.987500E+03 0.190000E+03
0.534800E+03 -.111850E+04 0.585000E+02
0.415300E+03 -.110800E+04 0.585000E+02
0.426700E+03 -.977000E+03 0.190000E+03
0.416100E+03 -.109820E+04 0.311600E+03
0.369500E+03 -.163080E+04 0.846300E+03
0.489100E+03 -.164120E+04 0.846200E+03
0.535700E+03 -.110860E+04 0.311600E+03
0.361000E+03 -.172800E+04 0.748700E+03
0.398600E+03 -.129820E+04 0.317300E+03
0.518200E+03 -.130870E+04 0.317300E+03
0.480600E+03 -.173840E+04 0.748700E+03
0.480600E+03 -.173840E+04 0.748700E+03
0.518200E+03 -.130870E+04 0.317300E+03
0.526700E+03 -.121150E+04 0.414900E+03
0.489100E+03 -.164120E+04 0.846200E+03
0.369500E+03 -.163080E+04 0.846300E+03
0.361000E+03 -.172800E+04 0.748700E+03
0.480600E+03 -.173840E+04 0.748700E+03
0.489100E+03 -.164120E+04 0.846200E+03
0.535700E+03 -.110860E+04 0.311600E+03
0.521700E+03 -.126820E+04 0.151500E+03
0.402200E+03 -.125780E+04 0.151500E+03
0.416100E+03 -.109820E+04 0.311600E+03
0.518200E+03 -.130870E+04 0.317300E+03
0.398600E+03 -.129820E+04 0.317300E+03
0.393200E+03 -.136060E+04 0.254700E+03
0.512700E+03 -.137100E+04 0.254700E+03
0.398600E+03 -.129820E+04 0.317300E+03
0.361000E+03 -.172800E+04 0.748700E+03
0.369500E+03 -.163080E+04 0.846300E+03
0.407100E+03 -.120110E+04 0.414900E+03
0.407100E+03 -.120110E+04 0.414900E+03
0.416100E+03 -.109820E+04 0.311600E+03
0.407600E+03 -.119540E+04 0.214000E+03
0.398600E+03 -.129820E+04 0.317300E+03
0.521700E+03 -.126820E+04 0.151500E+03
0.512700E+03 -.137100E+04 0.254700E+03
0.393200E+03 -.136060E+04 0.254700E+03
0.402200E+03 -.125780E+04 0.151500E+03
0.398600E+03 -.129820E+04 0.317300E+03
0.407600E+03 -.119540E+04 0.214000E+03
0.402200E+03 -.125780E+04 0.151500E+03
0.393200E+03 -.136060E+04 0.254700E+03
0.535700E+03 -.110860E+04 0.311600E+03
0.526700E+03 -.121150E+04 0.414900E+03
0.518200E+03 -.130870E+04 0.317300E+03
0.527200E+03 -.120590E+04 0.214100E+03
0.512700E+03 -.137100E+04 0.254700E+03
0.521700E+03 -.126820E+04 0.151500E+03
0.527200E+03 -.120590E+04 0.214100E+03
0.518200E+03 -.130870E+04 0.317300E+03
0.554634E+03 -.997007E+03 0.236850E+03
0.544306E+03 -.111506E+04 0.236850E+03
0.641136E+03 -.112353E+04 0.236850E+03
0.651464E+03 -.100548E+04 0.236850E+03
0.641136E+03 -.112353E+04 0.118350E+03
0.641136E+03 -.112353E+04 0.236850E+03
0.544306E+03 -.111506E+04 0.236850E+03
0.544306E+03 -.111506E+04 0.118350E+03
0.554634E+03 -.997007E+03 0.236850E+03
0.554634E+03 -.997007E+03 0.118350E+03
0.544306E+03 -.111506E+04 0.118350E+03
0.544306E+03 -.111506E+04 0.236850E+03
0.554634E+03 -.997007E+03 0.118350E+03
0.554634E+03 -.997007E+03 0.236850E+03
0.651464E+03 -.100548E+04 0.236850E+03
0.651464E+03 -.100548E+04 0.118350E+03
0.651464E+03 -.100548E+04 0.118350E+03
0.651464E+03 -.100548E+04 0.236850E+03
0.641136E+03 -.112353E+04 0.236850E+03
0.641136E+03 -.112353E+04 0.118350E+03
0.544306E+03 -.111506E+04 0.118350E+03
0.554634E+03 -.997007E+03 0.118350E+03
0.651464E+03 -.100548E+04 0.118350E+03
0.641136E+03 -.112353E+04 0.118350E+03
0.434335E+03 -.967631E+03 0.234921E+03
0.583764E+03 -.980705E+03 0.234921E+03
0.595094E+03 -.851199E+03 0.234921E+03
0.445665E+03 -.838126E+03 0.234921E+03
0.583764E+03 -.980705E+03 0.621210E+02
0.583764E+03 -.980705E+03 0.234921E+03
0.434335E+03 -.967631E+03 0.234921E+03
0.434335E+03 -.967631E+03 0.621210E+02
0.434335E+03 -.967631E+03 0.621210E+02
0.434335E+03 -.967631E+03 0.234921E+03
0.445665E+03 -.838126E+03 0.234921E+03
0.445665E+03 -.838126E+03 0.621210E+02
0.445665E+03 -.838126E+03 0.621210E+02
0.445665E+03 -.838126E+03 0.234921E+03
0.595094E+03 -.851199E+03 0.234921E+03
0.595094E+03 -.851199E+03 0.621210E+02
0.595094E+03 -.851199E+03 0.621210E+02
0.595094E+03 -.851199E+03 0.234921E+03
0.583764E+03 -.980705E+03 0.234921E+03
0.583764E+03 -.980705E+03 0.621210E+02
0.583764E+03 -.980705E+03 0.621210E+02
0.434335E+03 -.967631E+03 0.621210E+02
0.445665E+03 -.838126E+03 0.621210E+02
0.595094E+03 -.851199E+03 0.621210E+02
0.597813E+03 -.162029E+04 0.900386E+03
0.266080E+03 -.159127E+04 0.900386E+03
0.245203E+03 -.182990E+04 0.113171E+04
0.576936E+03 -.185892E+04 0.113171E+04
0.241964E+03 -.186692E+04 0.109322E+04
0.573697E+03 -.189594E+04 0.109322E+04
0.576936E+03 -.185892E+04 0.113171E+04
0.245203E+03 -.182990E+04 0.113171E+04
0.262841E+03 -.162829E+04 0.861901E+03
0.241964E+03 -.186692E+04 0.109322E+04
0.245203E+03 -.182990E+04 0.113171E+04
0.266080E+03 -.159127E+04 0.900386E+03
0.266080E+03 -.159127E+04 0.900386E+03
0.597813E+03 -.162029E+04 0.900386E+03
0.594574E+03 -.165731E+04 0.861901E+03
0.262841E+03 -.162829E+04 0.861901E+03
0.573697E+03 -.189594E+04 0.109322E+04
0.594574E+03 -.165731E+04 0.861901E+03
0.597813E+03 -.162029E+04 0.900386E+03
0.576936E+03 -.185892E+04 0.113171E+04
0.294839E+03 -.199687E+04 0.871807E+03
0.499059E+03 -.201474E+04 0.871807E+03
0.505416E+03 -.194207E+04 0.947338E+03
0.301196E+03 -.192421E+04 0.947338E+03
0.307692E+03 -.184997E+04 0.729402E+03
0.294839E+03 -.199687E+04 0.871807E+03
0.301196E+03 -.192421E+04 0.947338E+03
0.314049E+03 -.177731E+04 0.804933E+03
0.314049E+03 -.177731E+04 0.804933E+03
0.518269E+03 -.179517E+04 0.804933E+03
0.511911E+03 -.186783E+04 0.729402E+03
0.307692E+03 -.184997E+04 0.729402E+03
0.499059E+03 -.201474E+04 0.871807E+03
0.511911E+03 -.186783E+04 0.729402E+03
0.518269E+03 -.179517E+04 0.804933E+03
0.505416E+03 -.194207E+04 0.947338E+03
0.294839E+03 -.199687E+04 0.871807E+03
0.307692E+03 -.184997E+04 0.729402E+03
0.511911E+03 -.186783E+04 0.729402E+03
0.499059E+03 -.201474E+04 0.871807E+03
0.573697E+03 -.189594E+04 0.109322E+04
0.241964E+03 -.186692E+04 0.109322E+04
0.301196E+03 -.192421E+04 0.947338E+03
0.505416E+03 -.194207E+04 0.947338E+03
0.594574E+03 -.165731E+04 0.861901E+03
0.573697E+03 -.189594E+04 0.109322E+04
0.505416E+03 -.194207E+04 0.947338E+03
0.518269E+03 -.179517E+04 0.804933E+03
0.262841E+03 -.162829E+04 0.861901E+03
0.594574E+03 -.165731E+04 0.861901E+03
0.518269E+03 -.179517E+04 0.804933E+03
0.314049E+03 -.177731E+04 0.804933E+03
0.241964E+03 -.186692E+04 0.109322E+04
0.262841E+03 -.162829E+04 0.861901E+03
0.314049E+03 -.177731E+04 0.804933E+03
0.301196E+03 -.192421E+04 0.947338E+03
-.109600E+04 -.610000E+03 0.573800E+04
-.109640E+04 -.610000E+03 0.507500E+04
-.591000E+03 -.610000E+03 0.541550E+04
-.591000E+03 -.610000E+03 0.573800E+04
-.109640E+04 -.610000E+03 0.507500E+04
-.109600E+04 -.610000E+03 0.573800E+04
-.591000E+03 -.610000E+03 0.573800E+04
-.591100E+03 -.610000E+03 0.541550E+04
-.110640E+04 -.599500E+03 0.573800E+04
-.110640E+04 -.600000E+03 0.507500E+04
-.110640E+04 -.946000E+02 0.541550E+04
-.110640E+04 -.946000E+02 0.573800E+04
-.110635E+04 -.600000E+03 0.507500E+04
-.110635E+04 -.599500E+03 0.573800E+04
-.110635E+04 -.946000E+02 0.573800E+04
-.110635E+04 -.946000E+02 0.541550E+04
-.140000E+04 -.160000E+04 0.583800E+04
-.591000E+03 -.610000E+03 0.573800E+04
-.591000E+03 -.610000E+03 0.541550E+04
-.140000E+04 -.160000E+04 0.541550E+04
-.140000E+04 -.160000E+04 0.541550E+04
-.591000E+03 -.610000E+03 0.541550E+04
-.109640E+04 -.610000E+03 0.507500E+04
-.140000E+04 -.160000E+04 0.541550E+04
-.110635E+04 -.946000E+02 0.573800E+04
-.210000E+04 -.800000E+03 0.590000E+04
-.210000E+04 -.800000E+03 0.541550E+04
-.110635E+04 -.946000E+02 0.541550E+04
-.110635E+04 -.946000E+02 0.541550E+04
-.210000E+04 -.800000E+03 0.541550E+04
-.110635E+04 -.600000E+03 0.507500E+04
-.110635E+04 -.946000E+02 0.541550E+04
0.987500E+03 0.415000E+03 0.298000E+03
0.987500E+03 0.590000E+03 0.298000E+03
0.115250E+04 0.590000E+03 0.298000E+03
0.115250E+04 0.415000E+03 0.298000E+03
0.987500E+03 0.590000E+03 0.298000E+03
0.987500E+03 0.415000E+03 0.298000E+03
0.115250E+04 0.415000E+03 0.298000E+03
0.115250E+04 0.590000E+03 0.298000E+03
0.987500E+03 -.587500E+03 0.298000E+03
0.987500E+03 -.412500E+03 0.298000E+03
0.115250E+04 -.412500E+03 0.298000E+03
0.115250E+04 -.587500E+03 0.298000E+03
0.987500E+03 -.412500E+03 0.298000E+03
0.987500E+03 -.587500E+03 0.298000E+03
0.115250E+04 -.587500E+03 0.298000E+03
0.115250E+04 -.412500E+03 0.298000E+03
-.115050E+04 0.415000E+03 0.298000E+03
-.115050E+04 0.590000E+03 0.298000E+03
-.985500E+03 0.590000E+03 0.298000E+03
-.985500E+03 0.415000E+03 0.298000E+03
-.115050E+04 0.590000E+03 0.298000E+03
-.115050E+04 0.415000E+03 0.298000E+03
-.985500E+03 0.415000E+03 0.298000E+03
-.985500E+03 0.590000E+03 0.298000E+03
-.115050E+04 -.587500E+03 0.298000E+03
-.115050E+04 -.412500E+03 0.298000E+03
-.985500E+03 -.412500E+03 0.298000E+03
-.985500E+03 -.587500E+03 0.298000E+03
-.115050E+04 -.412500E+03 0.298000E+03
-.115050E+04 -.587500E+03 0.298000E+03
-.985500E+03 -.587500E+03 0.298000E+03
-.985500E+03 -.412500E+03 0.298000E+03
-.137000E+04 0.688330E+04 0.259610E+04
0.137000E+04 0.688330E+04 0.259610E+04
0.137000E+04 0.537010E+04 0.259610E+04
-.137000E+04 0.537010E+04 0.259610E+04
-.137000E+04 0.844730E+04 0.259610E+04
0.137000E+04 0.844730E+04 0.259610E+04
0.137000E+04 0.693330E+04 0.259610E+04
-.137000E+04 0.693330E+04 0.259610E+04
-.137000E+04 0.100113E+05 0.259610E+04
0.137000E+04 0.100113E+05 0.259610E+04
0.137000E+04 0.849730E+04 0.259610E+04
-.137000E+04 0.849730E+04 0.259610E+04
-.137000E+04 0.115773E+05 0.259610E+04
0.137000E+04 0.115773E+05 0.259610E+04
0.137000E+04 0.100613E+05 0.259610E+04
-.137000E+04 0.100613E+05 0.259610E+04
-.137000E+04 0.131413E+05 0.259610E+04
0.137000E+04 0.131413E+05 0.259610E+04
0.137000E+04 0.116273E+05 0.259610E+04
-.137000E+04 0.116273E+05 0.259610E+04
-.137000E+04 0.147093E+05 0.259610E+04
0.137000E+04 0.147093E+05 0.259610E+04
0.137000E+04 0.131913E+05 0.259610E+04
-.137000E+04 0.131913E+05 0.259610E+04
-.137000E+04 0.162738E+05 0.259610E+04
0.137000E+04 0.162738E+05 0.259610E+04
0.137000E+04 0.147593E+05 0.259610E+04
-.137000E+04 0.147593E+05 0.259610E+04
-.137000E+04 0.178418E+05 0.259610E+04
0.137000E+04 0.178418E+05 0.259610E+04
0.137000E+04 0.163238E+05 0.259610E+04
-.137000E+04 0.163238E+05 0.259610E+04
-.137000E+04 0.194078E+05 0.259610E+04
0.137000E+04 0.194078E+05 0.259610E+04
0.137000E+04 0.178918E+05 0.259610E+04
-.137000E+04 0.178918E+05 0.259610E+04
-.137000E+04 0.209758E+05 0.259610E+04
0.137000E+04 0.209758E+05 0.259610E+04
0.137000E+04 0.194578E+05 0.259610E+04
-.137000E+04 0.194578E+05 0.259610E+04
-.137000E+04 0.225418E+05 0.259610E+04
0.137000E+04 0.225418E+05 0.259610E+04
0.137000E+04 0.210258E+05 0.259610E+04
-.137000E+04 0.210258E+05 0.259610E+04
-.137000E+04 0.241078E+05 0.259610E+04
0.137000E+04 0.241078E+05 0.259610E+04
0.137000E+04 0.225918E+05 0.259610E+04
-.137000E+04 0.225918E+05 0.259610E+04
-.137000E+04 0.256738E+05 0.259610E+04
0.137000E+04 0.256738E+05 0.259610E+04
0.137000E+04 0.241578E+05 0.259610E+04
-.137000E+04 0.241578E+05 0.259610E+04
-.137000E+04 0.272398E+05 0.259610E+04
0.137000E+04 0.272398E+05 0.259610E+04
0.137000E+04 0.257238E+05 0.259610E+04
-.137000E+04 0.257238E+05 0.259610E+04
-.137000E+04 0.288058E+05 0.259610E+04
0.137000E+04 0.288058E+05 0.259610E+04
0.137000E+04 0.272898E+05 0.259610E+04
-.137000E+04 0.272898E+05 0.259610E+04
-.137000E+04 0.537010E+04 0.259610E+04
0.137000E+04 0.537010E+04 0.259610E+04
0.137000E+04 0.688330E+04 0.259610E+04
-.137000E+04 0.688330E+04 0.259610E+04
-.137000E+04 0.693330E+04 0.259610E+04
0.137000E+04 0.693330E+04 0.259610E+04
0.137000E+04 0.844730E+04 0.259610E+04
-.137000E+04 0.844730E+04 0.259610E+04
-.137000E+04 0.849730E+04 0.259610E+04
0.137000E+04 0.849730E+04 0.259610E+04
0.137000E+04 0.100113E+05 0.259610E+04
-.137000E+04 0.100113E+05 0.259610E+04
-.137000E+04 0.100613E+05 0.259610E+04
0.137000E+04 0.100613E+05 0.259610E+04
0.137000E+04 0.115773E+05 0.259610E+04
-.137000E+04 0.115773E+05 0.259610E+04
-.137000E+04 0.116273E+05 0.259610E+04
0.137000E+04 0.116273E+05 0.259610E+04
0.137000E+04 0.131413E+05 0.259610E+04
-.137000E+04 0.131413E+05 0.259610E+04
-.137000E+04 0.131913E+05 0.259610E+04
0.137000E+04 0.131913E+05 0.259610E+04
0.137000E+04 0.147093E+05 0.259610E+04
-.137000E+04 0.147093E+05 0.259610E+04
-.137000E+04 0.147593E+05 0.259610E+04
0.137000E+04 0.147593E+05 0.259610E+04
0.137000E+04 0.162738E+05 0.259610E+04
-.137000E+04 0.162738E+05 0.259610E+04
-.137000E+04 0.163238E+05 0.259610E+04
0.137000E+04 0.163238E+05 0.259610E+04
0.137000E+04 0.178418E+05 0.259610E+04
-.137000E+04 0.178418E+05 0.259610E+04
-.137000E+04 0.178918E+05 0.259610E+04
0.137000E+04 0.178918E+05 0.259610E+04
0.137000E+04 0.194078E+05 0.259610E+04
-.137000E+04 0.194078E+05 0.259610E+04
-.137000E+04 0.194578E+05 0.259610E+04
0.137000E+04 0.194578E+05 0.259610E+04
0.137000E+04 0.209758E+05 0.259610E+04
-.137000E+04 0.209758E+05 0.259610E+04
-.137000E+04 0.210258E+05 0.259610E+04
0.137000E+04 0.210258E+05 0.259610E+04
0.137000E+04 0.225418E+05 0.259610E+04
-.137000E+04 0.225418E+05 0.259610E+04
-.137000E+04 0.225918E+05 0.259610E+04
0.137000E+04 0.225918E+05 0.259610E+04
0.137000E+04 0.241078E+05 0.259610E+04
-.137000E+04 0.241078E+05 0.259610E+04
-.137000E+04 0.241578E+05 0.259610E+04
0.137000E+04 0.241578E+05 0.259610E+04
0.137000E+04 0.256738E+05 0.259610E+04
-.137000E+04 0.256738E+05 0.259610E+04
-.137000E+04 0.257238E+05 0.259610E+04
0.137000E+04 0.257238E+05 0.259610E+04
0.137000E+04 0.272398E+05 0.259610E+04
-.137000E+04 0.272398E+05 0.259610E+04
-.137000E+04 0.272898E+05 0.259610E+04
0.137000E+04 0.272898E+05 0.259610E+04
0.137000E+04 0.288058E+05 0.259610E+04
-.137000E+04 0.288058E+05 0.259610E+04
-.149290E+04 0.339070E+04 0.260060E+04
-.100000E+03 0.339070E+04 0.260060E+04
-.100000E+03 0.345610E+04 0.260060E+04
-.149290E+04 0.345610E+04 0.260060E+04
-.100000E+03 0.339070E+04 0.260060E+04
-.149290E+04 0.339070E+04 0.260060E+04
-.149290E+04 0.345610E+04 0.260060E+04
-.100000E+03 0.345610E+04 0.260060E+04
-.100000E+03 0.339070E+04 0.260060E+04
0.100000E+03 0.339070E+04 0.260060E+04
0.100000E+03 0.345610E+04 0.260060E+04
-.100000E+03 0.345610E+04 0.260060E+04
0.100000E+03 0.339070E+04 0.260060E+04
-.100000E+03 0.339070E+04 0.260060E+04
-.100000E+03 0.345610E+04 0.260060E+04
0.100000E+03 0.345610E+04 0.260060E+04
0.149320E+04 0.345610E+04 0.260060E+04
0.100000E+03 0.345610E+04 0.260060E+04
0.100000E+03 0.339070E+04 0.260060E+04
0.149320E+04 0.339070E+04 0.260060E+04
0.100000E+03 0.345610E+04 0.260060E+04
0.149320E+04 0.345610E+04 0.260060E+04
0.149320E+04 0.339070E+04 0.260060E+04
0.100000E+03 0.339070E+04 0.260060E+04
0.645000E+02 0.254900E+04 0.254800E+04
0.645000E+02 0.337070E+04 0.254800E+04
-.645000E+02 0.337070E+04 0.254800E+04
-.645000E+02 0.254900E+04 0.254800E+04
0.645000E+02 0.337070E+04 0.254800E+04
0.645000E+02 0.254900E+04 0.254800E+04
-.645000E+02 0.254900E+04 0.254800E+04
-.645000E+02 0.337070E+04 0.254800E+04
-.115500E+03 0.781000E+03 0.254800E+04
0.115500E+03 0.781000E+03 0.254800E+04
0.645000E+02 0.981100E+03 0.254800E+04
-.645000E+02 0.981100E+03 0.254800E+04
-.645000E+02 0.254900E+04 0.254800E+04
-.645000E+02 0.981100E+03 0.254800E+04
0.645000E+02 0.981100E+03 0.254800E+04
0.645000E+02 0.254900E+04 0.254800E+04
-.645000E+02 0.981100E+03 0.254800E+04
-.645000E+02 0.254900E+04 0.254800E+04
0.645000E+02 0.254900E+04 0.254800E+04
0.645000E+02 0.981100E+03 0.254800E+04
0.115500E+03 0.781000E+03 0.254800E+04
-.115500E+03 0.781000E+03 0.254800E+04
-.645000E+02 0.981100E+03 0.254800E+04
0.645000E+02 0.981100E+03 0.254800E+04
0.137000E+04 0.380410E+04 0.259610E+04
-.137000E+04 0.380410E+04 0.259610E+04
-.137000E+04 0.532010E+04 0.259610E+04
0.137000E+04 0.532010E+04 0.259610E+04
-.137000E+04 0.380410E+04 0.259610E+04
0.137000E+04 0.380410E+04 0.259610E+04
0.137000E+04 0.532010E+04 0.259610E+04
-.137000E+04 0.532010E+04 0.259610E+04
-.149900E+03 0.610000E+03 0.265990E+04
0.149900E+03 0.610000E+03 0.265990E+04
0.149900E+03 0.716000E+03 0.265990E+04
-.149900E+03 0.716000E+03 0.265990E+04
0.149900E+03 0.610000E+03 0.236010E+04
0.149900E+03 0.610000E+03 0.265990E+04
-.149900E+03 0.610000E+03 0.265990E+04
-.149900E+03 0.610000E+03 0.236010E+04
-.149900E+03 0.610000E+03 0.236010E+04
-.149900E+03 0.610000E+03 0.265990E+04
-.149900E+03 0.716000E+03 0.265990E+04
-.149900E+03 0.716000E+03 0.236010E+04
-.149900E+03 0.716000E+03 0.236010E+04
-.149900E+03 0.716000E+03 0.265990E+04
0.000000E+00 0.716000E+03 0.251000E+04
-.149900E+03 0.716000E+03 0.236010E+04
0.149900E+03 0.716000E+03 0.236010E+04
0.149900E+03 0.716000E+03 0.265990E+04
0.149900E+03 0.610000E+03 0.265990E+04
0.149900E+03 0.610000E+03 0.236010E+04
-.149900E+03 0.716000E+03 0.236010E+04
0.149900E+03 0.716000E+03 0.236010E+04
0.149900E+03 0.610000E+03 0.236010E+04
-.149900E+03 0.610000E+03 0.236010E+04
-.149900E+03 0.716000E+03 0.265990E+04
0.149900E+03 0.716000E+03 0.265990E+04
0.000000E+00 0.716000E+03 0.251000E+04
-.149900E+03 0.716000E+03 0.265990E+04
0.149900E+03 0.716000E+03 0.265990E+04
0.149900E+03 0.716000E+03 0.236010E+04
0.000000E+00 0.716000E+03 0.251000E+04
0.149900E+03 0.716000E+03 0.265990E+04
0.149900E+03 0.716000E+03 0.236010E+04
-.149900E+03 0.716000E+03 0.236010E+04
0.000000E+00 0.716000E+03 0.251000E+04
0.149900E+03 0.716000E+03 0.236010E+04
0.180000E+04 0.375970E+04 0.291200E+04
-.180000E+04 0.375970E+04 0.291200E+04
-.180000E+04 0.357930E+04 0.291200E+04
0.180000E+04 0.357930E+04 0.291200E+04
0.180000E+04 0.375970E+04 0.273160E+04
-.180000E+04 0.375970E+04 0.273160E+04
-.180000E+04 0.375970E+04 0.291200E+04
0.180000E+04 0.375970E+04 0.291200E+04
0.180000E+04 0.357930E+04 0.291200E+04
-.180000E+04 0.357930E+04 0.291200E+04
-.180000E+04 0.357930E+04 0.273160E+04
0.180000E+04 0.357930E+04 0.273160E+04
0.180000E+04 0.357930E+04 0.273160E+04
-.180000E+04 0.357930E+04 0.273160E+04
-.180000E+04 0.375970E+04 0.273160E+04
0.180000E+04 0.375970E+04 0.273160E+04
0.137000E+04 -.688330E+04 0.259610E+04
-.137000E+04 -.688330E+04 0.259610E+04
-.137000E+04 -.537010E+04 0.259610E+04
0.137000E+04 -.537010E+04 0.259610E+04
0.137000E+04 -.844730E+04 0.259610E+04
-.137000E+04 -.844730E+04 0.259610E+04
-.137000E+04 -.693330E+04 0.259610E+04
0.137000E+04 -.693330E+04 0.259610E+04
0.137000E+04 -.100113E+05 0.259610E+04
-.137000E+04 -.100113E+05 0.259610E+04
-.137000E+04 -.849730E+04 0.259610E+04
0.137000E+04 -.849730E+04 0.259610E+04
0.137000E+04 -.115773E+05 0.259610E+04
-.137000E+04 -.115773E+05 0.259610E+04
-.137000E+04 -.100613E+05 0.259610E+04
0.137000E+04 -.100613E+05 0.259610E+04
0.137000E+04 -.131413E+05 0.259610E+04
-.137000E+04 -.131413E+05 0.259610E+04
-.137000E+04 -.116273E+05 0.259610E+04
0.137000E+04 -.116273E+05 0.259610E+04
0.137000E+04 -.147093E+05 0.259610E+04
-.137000E+04 -.147093E+05 0.259610E+04
-.137000E+04 -.131913E+05 0.259610E+04
0.137000E+04 -.131913E+05 0.259610E+04
0.137000E+04 -.162738E+05 0.259610E+04
-.137000E+04 -.162738E+05 0.259610E+04
-.137000E+04 -.147593E+05 0.259610E+04
0.137000E+04 -.147593E+05 0.259610E+04
0.137000E+04 -.178418E+05 0.259610E+04
-.137000E+04 -.178418E+05 0.259610E+04
-.137000E+04 -.163238E+05 0.259610E+04
0.137000E+04 -.163238E+05 0.259610E+04
0.137000E+04 -.194078E+05 0.259610E+04
-.137000E+04 -.194078E+05 0.259610E+04
-.137000E+04 -.178918E+05 0.259610E+04
0.137000E+04 -.178918E+05 0.259610E+04
0.137000E+04 -.209758E+05 0.259610E+04
-.137000E+04 -.209758E+05 0.259610E+04
-.137000E+04 -.194578E+05 0.259610E+04
0.137000E+04 -.194578E+05 0.259610E+04
0.137000E+04 -.225418E+05 0.259610E+04
-.137000E+04 -.225418E+05 0.259610E+04
-.137000E+04 -.210258E+05 0.259610E+04
0.137000E+04 -.210258E+05 0.259610E+04
0.137000E+04 -.241078E+05 0.259610E+04
-.137000E+04 -.241078E+05 0.259610E+04
-.137000E+04 -.225918E+05 0.259610E+04
0.137000E+04 -.225918E+05 0.259610E+04
0.137000E+04 -.256738E+05 0.259610E+04
-.137000E+04 -.256738E+05 0.259610E+04
-.137000E+04 -.241578E+05 0.259610E+04
0.137000E+04 -.241578E+05 0.259610E+04
0.137000E+04 -.272398E+05 0.259610E+04
-.137000E+04 -.272398E+05 0.259610E+04
-.137000E+04 -.257238E+05 0.259610E+04
0.137000E+04 -.257238E+05 0.259610E+04
0.137000E+04 -.288058E+05 0.259610E+04
-.137000E+04 -.288058E+05 0.259610E+04
-.137000E+04 -.272898E+05 0.259610E+04
0.137000E+04 -.272898E+05 0.259610E+04
0.137000E+04 -.537010E+04 0.259610E+04
-.137000E+04 -.537010E+04 0.259610E+04
-.137000E+04 -.688330E+04 0.259610E+04
0.137000E+04 -.688330E+04 0.259610E+04
0.137000E+04 -.693330E+04 0.259610E+04
-.137000E+04 -.693330E+04 0.259610E+04
-.137000E+04 -.844730E+04 0.259610E+04
0.137000E+04 -.844730E+04 0.259610E+04
0.137000E+04 -.849730E+04 0.259610E+04
-.137000E+04 -.849730E+04 0.259610E+04
-.137000E+04 -.100113E+05 0.259610E+04
0.137000E+04 -.100113E+05 0.259610E+04
0.137000E+04 -.100613E+05 0.259610E+04
-.137000E+04 -.100613E+05 0.259610E+04
-.137000E+04 -.115773E+05 0.259610E+04
0.137000E+04 -.115773E+05 0.259610E+04
0.137000E+04 -.116273E+05 0.259610E+04
-.137000E+04 -.116273E+05 0.259610E+04
-.137000E+04 -.131413E+05 0.259610E+04
0.137000E+04 -.131413E+05 0.259610E+04
0.137000E+04 -.131913E+05 0.259610E+04
-.137000E+04 -.131913E+05 0.259610E+04
-.137000E+04 -.147093E+05 0.259610E+04
0.137000E+04 -.147093E+05 0.259610E+04
0.137000E+04 -.147593E+05 0.259610E+04
-.137000E+04 -.147593E+05 0.259610E+04
-.137000E+04 -.162738E+05 0.259610E+04
0.137000E+04 -.162738E+05 0.259610E+04
0.137000E+04 -.163238E+05 0.259610E+04
-.137000E+04 -.163238E+05 0.259610E+04
-.137000E+04 -.178418E+05 0.259610E+04
0.137000E+04 -.178418E+05 0.259610E+04
0.137000E+04 -.178918E+05 0.259610E+04
-.137000E+04 -.178918E+05 0.259610E+04
-.137000E+04 -.194078E+05 0.259610E+04
0.137000E+04 -.194078E+05 0.259610E+04
0.137000E+04 -.194578E+05 0.259610E+04
-.137000E+04 -.194578E+05 0.259610E+04
-.137000E+04 -.209758E+05 0.259610E+04
0.137000E+04 -.209758E+05 0.259610E+04
0.137000E+04 -.210258E+05 0.259610E+04
-.137000E+04 -.210258E+05 0.259610E+04
-.137000E+04 -.225418E+05 0.259610E+04
0.137000E+04 -.225418E+05 0.259610E+04
0.137000E+04 -.225918E+05 0.259610E+04
-.137000E+04 -.225918E+05 0.259610E+04
-.137000E+04 -.241078E+05 0.259610E+04
0.137000E+04 -.241078E+05 0.259610E+04
0.137000E+04 -.241578E+05 0.259610E+04
-.137000E+04 -.241578E+05 0.259610E+04
-.137000E+04 -.256738E+05 0.259610E+04
0.137000E+04 -.256738E+05 0.259610E+04
0.137000E+04 -.257238E+05 0.259610E+04
-.137000E+04 -.257238E+05 0.259610E+04
-.137000E+04 -.272398E+05 0.259610E+04
0.137000E+04 -.272398E+05 0.259610E+04
0.137000E+04 -.272898E+05 0.259610E+04
-.137000E+04 -.272898E+05 0.259610E+04
-.137000E+04 -.288058E+05 0.259610E+04
0.137000E+04 -.288058E+05 0.259610E+04
0.100000E+03 -.345610E+04 0.260060E+04
0.149290E+04 -.345610E+04 0.260060E+04
0.149290E+04 -.339070E+04 0.260060E+04
0.100000E+03 -.339070E+04 0.260060E+04
0.149290E+04 -.345610E+04 0.260060E+04
0.100000E+03 -.345610E+04 0.260060E+04
0.100000E+03 -.339070E+04 0.260060E+04
0.149290E+04 -.339070E+04 0.260060E+04
-.100000E+03 -.345610E+04 0.260060E+04
0.100000E+03 -.345610E+04 0.260060E+04
0.100000E+03 -.339070E+04 0.260060E+04
-.100000E+03 -.339070E+04 0.260060E+04
0.100000E+03 -.345610E+04 0.260060E+04
-.100000E+03 -.345610E+04 0.260060E+04
-.100000E+03 -.339070E+04 0.260060E+04
0.100000E+03 -.339070E+04 0.260060E+04
-.149320E+04 -.345610E+04 0.260060E+04
-.100000E+03 -.345610E+04 0.260060E+04
-.100000E+03 -.339070E+04 0.260060E+04
-.149320E+04 -.339070E+04 0.260060E+04
-.149320E+04 -.339070E+04 0.260060E+04
-.100000E+03 -.339070E+04 0.260060E+04
-.100000E+03 -.345610E+04 0.260060E+04
-.149320E+04 -.345610E+04 0.260060E+04
0.645000E+02 -.337070E+04 0.254800E+04
0.645000E+02 -.254900E+04 0.254800E+04
-.645000E+02 -.254900E+04 0.254800E+04
-.645000E+02 -.337070E+04 0.254800E+04
-.645000E+02 -.337070E+04 0.254800E+04
-.645000E+02 -.254900E+04 0.254800E+04
0.645000E+02 -.254900E+04 0.254800E+04
0.645000E+02 -.337070E+04 0.254800E+04
0.115500E+03 -.781000E+03 0.254800E+04
-.115500E+03 -.781000E+03 0.254800E+04
-.645000E+02 -.981100E+03 0.254800E+04
0.645000E+02 -.981100E+03 0.254800E+04
0.645000E+02 -.254900E+04 0.254800E+04
0.645000E+02 -.981100E+03 0.254800E+04
-.645000E+02 -.981100E+03 0.254800E+04
-.645000E+02 -.254900E+04 0.254800E+04
0.645000E+02 -.981100E+03 0.254800E+04
0.645000E+02 -.254900E+04 0.254800E+04
-.645000E+02 -.254900E+04 0.254800E+04
-.645000E+02 -.981100E+03 0.254800E+04
-.115500E+03 -.781000E+03 0.254800E+04
0.115500E+03 -.781000E+03 0.254800E+04
0.645000E+02 -.981100E+03 0.254800E+04
-.645000E+02 -.981100E+03 0.254800E+04
-.137000E+04 -.380410E+04 0.259610E+04
0.137000E+04 -.380410E+04 0.259610E+04
0.137000E+04 -.532010E+04 0.259610E+04
-.137000E+04 -.532010E+04 0.259610E+04
0.137000E+04 -.380410E+04 0.259610E+04
-.137000E+04 -.380410E+04 0.259610E+04
-.137000E+04 -.532010E+04 0.259610E+04
0.137000E+04 -.532010E+04 0.259610E+04
0.149900E+03 -.610000E+03 0.265990E+04
-.149900E+03 -.610000E+03 0.265990E+04
-.149900E+03 -.716000E+03 0.265990E+04
0.149900E+03 -.716000E+03 0.265990E+04
-.149900E+03 -.610000E+03 0.236010E+04
-.149900E+03 -.610000E+03 0.265990E+04
0.149900E+03 -.610000E+03 0.265990E+04
0.149900E+03 -.610000E+03 0.236010E+04
0.149900E+03 -.610000E+03 0.236010E+04
0.149900E+03 -.610000E+03 0.265990E+04
0.149900E+03 -.716000E+03 0.265990E+04
0.149900E+03 -.716000E+03 0.236010E+04
0.149900E+03 -.716000E+03 0.236010E+04
0.149900E+03 -.716000E+03 0.265990E+04
0.000000E+00 -.716000E+03 0.251000E+04
0.149900E+03 -.716000E+03 0.236010E+04
-.149900E+03 -.716000E+03 0.236010E+04
-.149900E+03 -.716000E+03 0.265990E+04
-.149900E+03 -.610000E+03 0.265990E+04
-.149900E+03 -.610000E+03 0.236010E+04
0.149900E+03 -.716000E+03 0.236010E+04
-.149900E+03 -.716000E+03 0.236010E+04
-.149900E+03 -.610000E+03 0.236010E+04
0.149900E+03 -.610000E+03 0.236010E+04
0.149900E+03 -.716000E+03 0.265990E+04
-.149900E+03 -.716000E+03 0.265990E+04
0.000000E+00 -.716000E+03 0.251000E+04
0.149900E+03 -.716000E+03 0.265990E+04
-.149900E+03 -.716000E+03 0.265990E+04
-.149900E+03 -.716000E+03 0.236010E+04
0.000000E+00 -.716000E+03 0.251000E+04
-.149900E+03 -.716000E+03 0.265990E+04
-.149900E+03 -.716000E+03 0.236010E+04
0.149900E+03 -.716000E+03 0.236010E+04
0.000000E+00 -.716000E+03 0.251000E+04
-.149900E+03 -.716000E+03 0.236010E+04
-.180000E+04 -.375970E+04 0.291200E+04
0.180000E+04 -.375970E+04 0.291200E+04
0.180000E+04 -.357930E+04 0.291200E+04
-.180000E+04 -.357930E+04 0.291200E+04
-.180000E+04 -.375970E+04 0.273160E+04
0.180000E+04 -.375970E+04 0.273160E+04
0.180000E+04 -.375970E+04 0.291200E+04
-.180000E+04 -.375970E+04 0.291200E+04
-.180000E+04 -.357930E+04 0.291200E+04
0.180000E+04 -.357930E+04 0.291200E+04
0.180000E+04 -.357930E+04 0.273160E+04
-.180000E+04 -.357930E+04 0.273160E+04
-.180000E+04 -.357930E+04 0.273160E+04
0.180000E+04 -.357930E+04 0.273160E+04
0.180000E+04 -.375970E+04 0.273160E+04
-.180000E+04 -.375970E+04 0.273160E+04
-.110600E+04 0.600000E+03 0.397090E+04
-.110600E+04 0.600000E+03 0.350800E+04
-.126340E+04 0.409200E+03 0.350800E+04
-.126340E+04 0.409200E+03 0.396000E+04
-.110600E+04 0.600000E+03 0.397090E+04
-.110600E+04 -.161500E+03 0.397090E+04
-.110600E+04 -.161500E+03 0.350800E+04
-.110600E+04 0.600000E+03 0.350800E+04
-.110600E+04 0.219200E+03 0.350800E+04
-.110600E+04 0.219200E+03 0.397090E+04
-.126340E+04 0.409200E+03 0.396000E+04
-.126340E+04 0.409200E+03 0.350800E+04
-.110600E+04 0.219200E+03 0.397090E+04
-.110600E+04 0.219200E+03 0.350800E+04
-.126340E+04 0.152000E+02 0.350800E+04
-.126340E+04 0.152000E+02 0.396000E+04
-.110600E+04 -.161500E+03 0.350800E+04
-.110600E+04 -.161500E+03 0.397090E+04
-.126340E+04 0.152000E+02 0.396000E+04
-.126340E+04 0.152000E+02 0.350800E+04
-.110600E+04 0.600000E+03 0.350800E+04
-.110600E+04 0.219200E+03 0.350800E+04
-.126340E+04 0.409200E+03 0.350800E+04
-.110600E+04 0.600000E+03 0.350800E+04
-.110600E+04 0.219200E+03 0.350800E+04
-.110600E+04 -.161500E+03 0.350800E+04
-.126340E+04 0.152000E+02 0.350800E+04
-.110600E+04 0.219200E+03 0.350800E+04
-.110600E+04 0.219200E+03 0.397090E+04
-.110600E+04 0.600000E+03 0.397090E+04
-.126340E+04 0.409200E+03 0.396000E+04
-.110600E+04 0.219200E+03 0.397090E+04
-.110600E+04 -.161500E+03 0.397090E+04
-.110600E+04 0.219200E+03 0.397090E+04
-.126340E+04 0.152000E+02 0.396000E+04
-.110600E+04 -.161500E+03 0.397090E+04
0.110600E+04 -.600000E+03 0.401800E+04
0.110600E+04 0.211700E+03 0.401800E+04
0.110600E+04 0.211700E+03 0.359550E+04
0.110600E+04 -.600000E+03 0.359550E+04
0.126800E+04 -.397100E+03 0.359550E+04
0.126800E+04 -.397100E+03 0.401800E+04
0.110600E+04 -.600000E+03 0.401800E+04
0.110600E+04 -.600000E+03 0.359550E+04
0.110600E+04 -.194100E+03 0.359550E+04
0.110600E+04 -.194100E+03 0.401800E+04
0.126800E+04 -.397100E+03 0.401800E+04
0.126800E+04 -.397100E+03 0.359550E+04
0.110600E+04 -.194100E+03 0.401800E+04
0.110600E+04 -.194100E+03 0.359550E+04
0.126800E+04 0.880000E+01 0.359550E+04
0.126800E+04 0.880000E+01 0.401800E+04
0.126800E+04 0.880000E+01 0.401800E+04
0.126800E+04 0.880000E+01 0.359550E+04
0.110600E+04 0.211700E+03 0.359550E+04
0.110600E+04 0.211700E+03 0.401800E+04
0.110600E+04 -.194100E+03 0.401800E+04
0.110600E+04 -.600000E+03 0.401800E+04
0.126800E+04 -.397100E+03 0.401800E+04
0.110600E+04 -.194100E+03 0.401800E+04
0.110600E+04 0.211700E+03 0.401800E+04
0.110600E+04 -.194100E+03 0.401800E+04
0.126800E+04 0.880000E+01 0.401800E+04
0.110600E+04 0.211700E+03 0.401800E+04
0.110600E+04 -.600000E+03 0.359550E+04
0.110600E+04 -.194100E+03 0.359550E+04
0.126800E+04 -.397100E+03 0.359550E+04
0.110600E+04 -.600000E+03 0.359550E+04
0.110600E+04 -.194100E+03 0.359550E+04
0.110600E+04 0.211700E+03 0.359550E+04
0.126800E+04 0.880000E+01 0.359550E+04
0.110600E+04 -.194100E+03 0.359550E+04
0.211340E+04 0.142920E+04 0.310750E+04
0.283440E+04 0.184540E+04 0.310750E+04
0.283440E+04 0.184540E+04 0.299050E+04
0.211340E+04 0.142920E+04 0.299050E+04
0.211340E+04 0.142920E+04 0.322450E+04
0.277120E+04 0.180890E+04 0.322450E+04
0.277120E+04 0.180890E+04 0.310750E+04
0.211340E+04 0.142920E+04 0.310750E+04
0.277120E+04 0.180890E+04 0.322450E+04
0.211340E+04 0.142920E+04 0.322450E+04
0.211340E+04 0.142920E+04 0.334150E+04
0.277120E+04 0.180890E+04 0.334150E+04
0.211340E+04 0.142920E+04 0.345850E+04
0.283440E+04 0.184540E+04 0.345850E+04
0.283440E+04 0.184540E+04 0.334150E+04
0.211340E+04 0.142920E+04 0.334150E+04
0.283440E+04 0.184540E+04 0.345850E+04
0.211340E+04 0.142920E+04 0.345850E+04
0.211340E+04 0.142920E+04 0.357550E+04
0.283440E+04 0.184540E+04 0.357550E+04
0.211340E+04 0.142920E+04 0.369250E+04
0.250150E+04 0.165330E+04 0.369250E+04
0.250150E+04 0.165330E+04 0.357550E+04
0.211340E+04 0.142920E+04 0.357550E+04
0.211340E+04 0.142920E+04 0.380950E+04
0.250150E+04 0.165330E+04 0.380950E+04
0.250150E+04 0.165330E+04 0.369250E+04
0.211340E+04 0.142920E+04 0.369250E+04
0.211340E+04 0.142920E+04 0.392650E+04
0.250150E+04 0.165330E+04 0.392650E+04
0.250150E+04 0.165330E+04 0.380950E+04
0.211340E+04 0.142920E+04 0.380950E+04
0.211340E+04 0.142920E+04 0.404350E+04
0.250150E+04 0.165330E+04 0.404350E+04
0.250150E+04 0.165330E+04 0.392650E+04
0.211340E+04 0.142920E+04 0.392650E+04
0.211340E+04 0.142920E+04 0.416050E+04
0.250150E+04 0.165330E+04 0.416050E+04
0.250150E+04 0.165330E+04 0.404350E+04
0.211340E+04 0.142920E+04 0.404350E+04
0.201150E+04 0.137030E+04 0.430400E+04
0.250150E+04 0.165330E+04 0.430400E+04
0.250150E+04 0.165330E+04 0.416050E+04
0.201150E+04 0.137030E+04 0.416050E+04
0.201150E+04 0.137030E+04 0.444750E+04
0.250150E+04 0.165330E+04 0.444750E+04
0.250150E+04 0.165330E+04 0.430400E+04
0.201150E+04 0.137030E+04 0.430400E+04
0.211340E+04 0.142920E+04 0.456450E+04
0.250150E+04 0.165330E+04 0.456450E+04
0.250150E+04 0.165330E+04 0.444750E+04
0.211340E+04 0.142920E+04 0.444750E+04
0.211340E+04 0.142920E+04 0.468150E+04
0.250150E+04 0.165330E+04 0.468150E+04
0.250150E+04 0.165330E+04 0.456450E+04
0.211340E+04 0.142920E+04 0.456450E+04
0.211340E+04 0.142920E+04 0.479850E+04
0.250150E+04 0.165330E+04 0.479850E+04
0.250150E+04 0.165330E+04 0.468150E+04
0.211340E+04 0.142920E+04 0.468150E+04
0.211340E+04 0.142920E+04 0.491550E+04
0.250150E+04 0.165330E+04 0.491550E+04
0.250150E+04 0.165330E+04 0.479850E+04
0.211340E+04 0.142920E+04 0.479850E+04
0.211340E+04 0.142920E+04 0.503250E+04
0.250150E+04 0.165330E+04 0.503250E+04
0.250150E+04 0.165330E+04 0.491550E+04
0.211340E+04 0.142920E+04 0.491550E+04
0.283440E+04 0.184540E+04 0.503250E+04
0.211340E+04 0.142920E+04 0.503250E+04
0.211340E+04 0.142920E+04 0.514950E+04
0.283440E+04 0.184540E+04 0.514950E+04
0.211340E+04 0.142920E+04 0.526650E+04
0.283440E+04 0.184540E+04 0.526650E+04
0.283440E+04 0.184540E+04 0.514950E+04
0.211340E+04 0.142920E+04 0.514950E+04
0.211340E+04 0.142920E+04 0.538350E+04
0.277120E+04 0.180890E+04 0.538350E+04
0.277120E+04 0.180890E+04 0.526650E+04
0.211340E+04 0.142920E+04 0.526650E+04
0.211340E+04 0.142920E+04 0.550050E+04
0.277120E+04 0.180890E+04 0.550050E+04
0.277120E+04 0.180890E+04 0.538350E+04
0.211340E+04 0.142920E+04 0.538350E+04
0.211340E+04 0.142920E+04 0.561750E+04
0.283440E+04 0.184540E+04 0.561750E+04
0.283440E+04 0.184540E+04 0.550050E+04
0.211340E+04 0.142920E+04 0.550050E+04
0.261600E+04 0.171930E+04 0.362300E+04
0.291950E+04 0.189450E+04 0.362300E+04
0.291950E+04 0.189450E+04 0.357550E+04
0.261600E+04 0.171930E+04 0.357550E+04
0.261600E+04 0.171930E+04 0.503250E+04
0.291950E+04 0.189450E+04 0.503250E+04
0.291950E+04 0.189450E+04 0.498500E+04
0.261600E+04 0.171930E+04 0.498500E+04
0.122710E+04 0.917400E+03 0.468150E+04
0.122710E+04 0.917400E+03 0.479850E+04
0.128870E+04 0.953000E+03 0.479850E+04
0.128870E+04 0.953000E+03 0.468150E+04
0.122710E+04 0.917400E+03 0.479850E+04
0.122710E+04 0.917400E+03 0.491550E+04
0.128870E+04 0.953000E+03 0.491550E+04
0.128870E+04 0.953000E+03 0.479850E+04
0.122710E+04 0.917400E+03 0.491550E+04
0.122710E+04 0.917400E+03 0.503250E+04
0.128870E+04 0.953000E+03 0.503250E+04
0.128870E+04 0.953000E+03 0.491550E+04
0.193290E+04 0.132490E+04 0.322450E+04
0.193290E+04 0.132490E+04 0.334150E+04
0.202320E+04 0.137700E+04 0.334150E+04
0.202320E+04 0.137700E+04 0.322450E+04
0.202320E+04 0.137700E+04 0.322450E+04
0.202320E+04 0.137700E+04 0.334150E+04
0.211340E+04 0.142920E+04 0.334150E+04
0.211340E+04 0.142920E+04 0.322450E+04
0.193290E+04 0.132490E+04 0.334150E+04
0.193290E+04 0.132490E+04 0.345850E+04
0.202320E+04 0.137700E+04 0.345850E+04
0.202320E+04 0.137700E+04 0.334150E+04
0.202320E+04 0.137700E+04 0.334150E+04
0.202320E+04 0.137700E+04 0.345850E+04
0.211340E+04 0.142920E+04 0.345850E+04
0.211340E+04 0.142920E+04 0.334150E+04
0.193290E+04 0.132490E+04 0.345850E+04
0.193290E+04 0.132490E+04 0.357550E+04
0.202320E+04 0.137700E+04 0.357550E+04
0.202320E+04 0.137700E+04 0.345850E+04
0.202320E+04 0.137700E+04 0.345850E+04
0.202320E+04 0.137700E+04 0.357550E+04
0.211340E+04 0.142920E+04 0.357550E+04
0.211340E+04 0.142920E+04 0.345850E+04
0.193290E+04 0.132490E+04 0.357550E+04
0.193290E+04 0.132490E+04 0.369250E+04
0.202320E+04 0.137700E+04 0.369250E+04
0.202320E+04 0.137700E+04 0.357550E+04
0.202320E+04 0.137700E+04 0.357550E+04
0.202320E+04 0.137700E+04 0.369250E+04
0.211340E+04 0.142920E+04 0.369250E+04
0.211340E+04 0.142920E+04 0.357550E+04
0.193290E+04 0.132490E+04 0.392650E+04
0.193290E+04 0.132490E+04 0.404350E+04
0.202320E+04 0.137700E+04 0.404350E+04
0.202320E+04 0.137700E+04 0.392650E+04
0.202320E+04 0.137700E+04 0.392650E+04
0.202320E+04 0.137700E+04 0.404350E+04
0.211340E+04 0.142920E+04 0.404350E+04
0.211340E+04 0.142920E+04 0.392650E+04
0.193290E+04 0.132490E+04 0.404350E+04
0.193290E+04 0.132490E+04 0.416050E+04
0.202320E+04 0.137700E+04 0.416050E+04
0.202320E+04 0.137700E+04 0.404350E+04
0.202320E+04 0.137700E+04 0.404350E+04
0.202320E+04 0.137700E+04 0.416050E+04
0.211340E+04 0.142920E+04 0.416050E+04
0.211340E+04 0.142920E+04 0.404350E+04
0.193280E+04 0.132490E+04 0.444750E+04
0.193280E+04 0.132490E+04 0.456450E+04
0.202320E+04 0.137700E+04 0.456450E+04
0.202320E+04 0.137700E+04 0.444750E+04
0.202320E+04 0.137700E+04 0.444750E+04
0.202320E+04 0.137700E+04 0.456450E+04
0.211340E+04 0.142920E+04 0.456450E+04
0.211340E+04 0.142920E+04 0.444750E+04
0.193280E+04 0.132490E+04 0.456450E+04
0.193280E+04 0.132490E+04 0.468150E+04
0.202320E+04 0.137700E+04 0.468150E+04
0.202320E+04 0.137700E+04 0.456450E+04
0.202320E+04 0.137700E+04 0.456450E+04
0.202320E+04 0.137700E+04 0.468150E+04
0.211340E+04 0.142920E+04 0.468150E+04
0.211340E+04 0.142920E+04 0.456450E+04
0.193280E+04 0.132490E+04 0.491550E+04
0.193280E+04 0.132490E+04 0.503250E+04
0.202320E+04 0.137700E+04 0.503250E+04
0.202320E+04 0.137700E+04 0.491550E+04
0.202320E+04 0.137700E+04 0.491550E+04
0.202320E+04 0.137700E+04 0.503250E+04
0.211340E+04 0.142920E+04 0.503250E+04
0.211340E+04 0.142920E+04 0.491550E+04
0.193280E+04 0.132490E+04 0.503250E+04
0.193280E+04 0.132490E+04 0.514950E+04
0.202320E+04 0.137700E+04 0.514950E+04
0.202320E+04 0.137700E+04 0.503250E+04
0.202320E+04 0.137700E+04 0.503250E+04
0.202320E+04 0.137700E+04 0.514950E+04
0.211340E+04 0.142920E+04 0.514950E+04
0.211340E+04 0.142920E+04 0.503250E+04
0.193280E+04 0.132490E+04 0.514950E+04
0.193280E+04 0.132490E+04 0.526650E+04
0.202320E+04 0.137700E+04 0.526650E+04
0.202320E+04 0.137700E+04 0.514950E+04
0.202320E+04 0.137700E+04 0.514950E+04
0.202320E+04 0.137700E+04 0.526650E+04
0.211340E+04 0.142920E+04 0.526650E+04
0.211340E+04 0.142920E+04 0.514950E+04
0.193280E+04 0.132490E+04 0.526650E+04
0.193280E+04 0.132490E+04 0.538350E+04
0.202320E+04 0.137700E+04 0.538350E+04
0.202320E+04 0.137700E+04 0.526650E+04
0.202320E+04 0.137700E+04 0.526650E+04
0.202320E+04 0.137700E+04 0.538350E+04
0.211340E+04 0.142920E+04 0.538350E+04
0.211340E+04 0.142920E+04 0.526650E+04
0.125280E+04 0.932200E+03 0.357550E+04
0.125280E+04 0.932200E+03 0.369250E+04
0.128870E+04 0.953000E+03 0.369250E+04
0.128870E+04 0.953000E+03 0.357550E+04
0.120750E+04 0.906200E+03 0.310750E+04
0.120750E+04 0.906200E+03 0.322450E+04
0.127080E+04 0.942600E+03 0.322450E+04
0.127080E+04 0.942600E+03 0.310750E+04
0.120750E+04 0.906200E+03 0.322450E+04
0.120750E+04 0.906200E+03 0.334150E+04
0.127080E+04 0.942600E+03 0.334150E+04
0.127080E+04 0.942600E+03 0.322450E+04
0.120750E+04 0.906200E+03 0.526650E+04
0.120750E+04 0.906200E+03 0.538350E+04
0.127080E+04 0.942600E+03 0.538350E+04
0.127080E+04 0.942600E+03 0.526650E+04
0.120750E+04 0.906200E+03 0.538350E+04
0.120750E+04 0.906200E+03 0.550050E+04
0.127080E+04 0.942600E+03 0.550050E+04
0.127080E+04 0.942600E+03 0.538350E+04
0.277120E+04 0.180890E+04 0.322450E+04
0.277120E+04 0.180890E+04 0.334150E+04
0.283440E+04 0.184540E+04 0.334150E+04
0.283440E+04 0.184540E+04 0.322450E+04
0.277120E+04 0.180890E+04 0.310750E+04
0.277120E+04 0.180890E+04 0.322450E+04
0.283440E+04 0.184540E+04 0.322450E+04
0.283440E+04 0.184540E+04 0.310750E+04
0.277120E+04 0.180890E+04 0.526650E+04
0.277120E+04 0.180890E+04 0.538350E+04
0.283440E+04 0.184540E+04 0.538350E+04
0.283440E+04 0.184540E+04 0.526650E+04
0.277120E+04 0.180890E+04 0.538350E+04
0.277120E+04 0.180890E+04 0.550050E+04
0.283440E+04 0.184540E+04 0.550050E+04
0.283440E+04 0.184540E+04 0.538350E+04
0.283440E+04 0.184540E+04 0.287400E+04
0.291950E+04 0.189450E+04 0.287400E+04
0.291950E+04 0.189450E+04 0.280800E+04
0.283440E+04 0.184540E+04 0.280800E+04
0.202320E+04 0.137700E+04 0.287400E+04
0.283440E+04 0.184540E+04 0.287400E+04
0.283440E+04 0.184540E+04 0.280800E+04
0.202320E+04 0.137700E+04 0.280800E+04
0.202320E+04 0.137700E+04 0.299050E+04
0.283440E+04 0.184540E+04 0.299050E+04
0.283440E+04 0.184540E+04 0.287400E+04
0.202320E+04 0.137700E+04 0.287400E+04
0.112250E+04 0.857000E+03 0.287400E+04
0.120750E+04 0.906200E+03 0.287400E+04
0.120750E+04 0.906200E+03 0.280800E+04
0.112250E+04 0.857000E+03 0.280800E+04
0.291950E+04 0.189450E+04 0.573400E+04
0.283440E+04 0.184540E+04 0.573400E+04
0.283440E+04 0.184540E+04 0.580000E+04
0.291950E+04 0.189450E+04 0.580000E+04
0.202320E+04 0.137700E+04 0.573400E+04
0.283440E+04 0.184540E+04 0.573400E+04
0.283440E+04 0.184540E+04 0.561750E+04
0.202320E+04 0.137700E+04 0.561750E+04
0.202320E+04 0.137700E+04 0.580000E+04
0.283440E+04 0.184540E+04 0.580000E+04
0.283440E+04 0.184540E+04 0.573400E+04
0.202320E+04 0.137700E+04 0.573400E+04
0.120750E+04 0.906200E+03 0.573400E+04
0.112250E+04 0.857000E+03 0.573400E+04
0.112250E+04 0.857000E+03 0.580000E+04
0.120750E+04 0.906200E+03 0.580000E+04
0.112250E+04 0.857000E+03 0.287400E+04
0.112250E+04 0.857000E+03 0.299050E+04
0.116800E+04 0.883300E+03 0.299050E+04
0.116800E+04 0.883300E+03 0.287400E+04
0.116800E+04 0.883300E+03 0.287400E+04
0.116800E+04 0.883300E+03 0.299050E+04
0.120750E+04 0.906200E+03 0.299050E+04
0.120750E+04 0.906200E+03 0.287400E+04
0.112250E+04 0.857000E+03 0.299050E+04
0.112250E+04 0.857000E+03 0.310750E+04
0.116800E+04 0.883300E+03 0.310750E+04
0.116800E+04 0.883300E+03 0.299050E+04
0.116800E+04 0.883300E+03 0.299050E+04
0.116800E+04 0.883300E+03 0.310750E+04
0.120750E+04 0.906200E+03 0.310750E+04
0.120750E+04 0.906200E+03 0.299050E+04
0.112250E+04 0.857000E+03 0.334150E+04
0.112250E+04 0.857000E+03 0.345850E+04
0.116800E+04 0.883300E+03 0.345850E+04
0.116800E+04 0.883300E+03 0.334150E+04
0.116800E+04 0.883300E+03 0.334150E+04
0.116800E+04 0.883300E+03 0.345850E+04
0.120750E+04 0.906200E+03 0.345850E+04
0.120750E+04 0.906200E+03 0.334150E+04
0.112250E+04 0.857000E+03 0.345850E+04
0.112250E+04 0.857000E+03 0.357550E+04
0.116800E+04 0.883300E+03 0.357550E+04
0.116800E+04 0.883300E+03 0.345850E+04
0.116800E+04 0.883300E+03 0.345850E+04
0.116800E+04 0.883300E+03 0.357550E+04
0.120750E+04 0.906200E+03 0.357550E+04
0.120750E+04 0.906200E+03 0.345850E+04
0.112250E+04 0.857000E+03 0.363350E+04
0.125280E+04 0.932200E+03 0.363350E+04
0.125280E+04 0.932200E+03 0.357550E+04
0.112250E+04 0.857000E+03 0.357550E+04
0.112250E+04 0.857000E+03 0.561750E+04
0.112250E+04 0.857000E+03 0.573400E+04
0.116800E+04 0.883300E+03 0.573400E+04
0.116800E+04 0.883300E+03 0.561750E+04
0.116800E+04 0.883300E+03 0.561750E+04
0.116800E+04 0.883300E+03 0.573400E+04
0.120750E+04 0.906200E+03 0.573400E+04
0.120750E+04 0.906200E+03 0.561750E+04
0.112250E+04 0.857000E+03 0.550050E+04
0.112250E+04 0.857000E+03 0.561750E+04
0.116800E+04 0.883300E+03 0.561750E+04
0.116800E+04 0.883300E+03 0.550050E+04
0.116800E+04 0.883300E+03 0.550050E+04
0.116800E+04 0.883300E+03 0.561750E+04
0.120750E+04 0.906200E+03 0.561750E+04
0.120750E+04 0.906200E+03 0.550050E+04
0.112250E+04 0.857000E+03 0.514950E+04
0.112250E+04 0.857000E+03 0.526650E+04
0.116800E+04 0.883300E+03 0.526650E+04
0.116800E+04 0.883300E+03 0.514950E+04
0.116800E+04 0.883300E+03 0.514950E+04
0.116800E+04 0.883300E+03 0.526650E+04
0.120750E+04 0.906200E+03 0.526650E+04
0.120750E+04 0.906200E+03 0.514950E+04
0.112250E+04 0.857000E+03 0.503250E+04
0.112250E+04 0.857000E+03 0.514950E+04
0.116800E+04 0.883300E+03 0.514950E+04
0.116800E+04 0.883300E+03 0.503250E+04
0.116800E+04 0.883300E+03 0.503250E+04
0.116800E+04 0.883300E+03 0.514950E+04
0.120750E+04 0.906200E+03 0.514950E+04
0.120750E+04 0.906200E+03 0.503250E+04
0.112250E+04 0.857000E+03 0.503250E+04
0.122710E+04 0.917400E+03 0.503250E+04
0.122710E+04 0.917400E+03 0.497450E+04
0.112250E+04 0.857000E+03 0.497450E+04
0.283440E+04 0.184540E+04 0.561750E+04
0.283440E+04 0.184540E+04 0.573400E+04
0.287400E+04 0.186830E+04 0.573400E+04
0.287400E+04 0.186830E+04 0.561750E+04
0.287400E+04 0.186830E+04 0.561750E+04
0.287400E+04 0.186830E+04 0.573400E+04
0.291950E+04 0.189450E+04 0.573400E+04
0.291950E+04 0.189450E+04 0.561750E+04
0.283440E+04 0.184540E+04 0.550050E+04
0.283440E+04 0.184540E+04 0.561750E+04
0.287400E+04 0.186830E+04 0.561750E+04
0.287400E+04 0.186830E+04 0.550050E+04
0.287400E+04 0.186830E+04 0.550050E+04
0.287400E+04 0.186830E+04 0.561750E+04
0.291950E+04 0.189450E+04 0.561750E+04
0.291950E+04 0.189450E+04 0.550050E+04
0.283440E+04 0.184540E+04 0.514950E+04
0.283440E+04 0.184540E+04 0.526650E+04
0.287400E+04 0.186830E+04 0.526650E+04
0.287400E+04 0.186830E+04 0.514950E+04
0.287400E+04 0.186830E+04 0.514950E+04
0.287400E+04 0.186830E+04 0.526650E+04
0.291950E+04 0.189450E+04 0.526650E+04
0.291950E+04 0.189450E+04 0.514950E+04
0.283440E+04 0.184540E+04 0.503250E+04
0.283440E+04 0.184540E+04 0.514950E+04
0.287400E+04 0.186830E+04 0.514950E+04
0.287400E+04 0.186830E+04 0.503250E+04
0.287400E+04 0.186830E+04 0.503250E+04
0.287400E+04 0.186830E+04 0.514950E+04
0.291950E+04 0.189450E+04 0.514950E+04
0.291950E+04 0.189450E+04 0.503250E+04
0.283440E+04 0.184540E+04 0.345850E+04
0.283440E+04 0.184540E+04 0.357550E+04
0.287400E+04 0.186830E+04 0.357550E+04
0.287400E+04 0.186830E+04 0.345850E+04
0.287400E+04 0.186830E+04 0.345850E+04
0.287400E+04 0.186830E+04 0.357550E+04
0.291950E+04 0.189450E+04 0.357550E+04
0.291950E+04 0.189450E+04 0.345850E+04
0.283440E+04 0.184540E+04 0.334150E+04
0.283440E+04 0.184540E+04 0.345850E+04
0.287400E+04 0.186830E+04 0.345850E+04
0.287400E+04 0.186830E+04 0.334150E+04
0.287400E+04 0.186830E+04 0.334150E+04
0.287400E+04 0.186830E+04 0.345850E+04
0.291950E+04 0.189450E+04 0.345850E+04
0.291950E+04 0.189450E+04 0.334150E+04
0.283440E+04 0.184540E+04 0.299050E+04
0.283440E+04 0.184540E+04 0.310750E+04
0.287400E+04 0.186830E+04 0.310750E+04
0.287400E+04 0.186830E+04 0.299050E+04
0.287400E+04 0.186830E+04 0.299050E+04
0.287400E+04 0.186830E+04 0.310750E+04
0.291950E+04 0.189450E+04 0.310750E+04
0.291950E+04 0.189450E+04 0.299050E+04
0.283440E+04 0.184540E+04 0.287400E+04
0.283440E+04 0.184540E+04 0.299050E+04
0.287400E+04 0.186830E+04 0.299050E+04
0.287400E+04 0.186830E+04 0.287400E+04
0.287400E+04 0.186830E+04 0.287400E+04
0.287400E+04 0.186830E+04 0.299050E+04
0.291950E+04 0.189450E+04 0.299050E+04
0.291950E+04 0.189450E+04 0.287400E+04
0.250150E+04 0.165330E+04 0.491550E+04
0.250150E+04 0.165330E+04 0.503250E+04
0.255790E+04 0.168580E+04 0.503250E+04
0.255790E+04 0.168580E+04 0.491550E+04
0.255790E+04 0.168580E+04 0.491550E+04
0.255790E+04 0.168580E+04 0.503250E+04
0.261600E+04 0.171930E+04 0.503250E+04
0.261600E+04 0.171930E+04 0.491550E+04
0.250150E+04 0.165330E+04 0.479850E+04
0.250150E+04 0.165330E+04 0.491550E+04
0.255790E+04 0.168580E+04 0.491550E+04
0.255790E+04 0.168580E+04 0.479850E+04
0.255790E+04 0.168580E+04 0.479850E+04
0.255790E+04 0.168580E+04 0.491550E+04
0.261600E+04 0.171930E+04 0.491550E+04
0.261600E+04 0.171930E+04 0.479850E+04
0.250150E+04 0.165330E+04 0.468150E+04
0.250150E+04 0.165330E+04 0.479850E+04
0.255790E+04 0.168580E+04 0.479850E+04
0.255790E+04 0.168580E+04 0.468150E+04
0.255790E+04 0.168580E+04 0.468150E+04
0.255790E+04 0.168580E+04 0.479850E+04
0.261600E+04 0.171930E+04 0.479850E+04
0.261600E+04 0.171930E+04 0.468150E+04
0.250150E+04 0.165330E+04 0.456450E+04
0.250150E+04 0.165330E+04 0.468150E+04
0.255790E+04 0.168580E+04 0.468150E+04
0.255790E+04 0.168580E+04 0.456450E+04
0.255790E+04 0.168580E+04 0.456450E+04
0.255790E+04 0.168580E+04 0.468150E+04
0.261600E+04 0.171930E+04 0.468150E+04
0.261600E+04 0.171930E+04 0.456450E+04
0.250150E+04 0.165330E+04 0.444750E+04
0.250150E+04 0.165330E+04 0.456450E+04
0.255790E+04 0.168580E+04 0.456450E+04
0.255790E+04 0.168580E+04 0.444750E+04
0.255790E+04 0.168580E+04 0.444750E+04
0.255790E+04 0.168580E+04 0.456450E+04
0.261600E+04 0.171930E+04 0.456450E+04
0.261600E+04 0.171930E+04 0.444750E+04
0.250150E+04 0.165330E+04 0.430400E+04
0.250150E+04 0.165330E+04 0.444750E+04
0.255790E+04 0.168580E+04 0.444750E+04
0.255790E+04 0.168580E+04 0.430400E+04
0.255790E+04 0.168580E+04 0.430400E+04
0.255790E+04 0.168580E+04 0.444750E+04
0.261600E+04 0.171930E+04 0.444750E+04
0.261600E+04 0.171930E+04 0.430400E+04
0.250150E+04 0.165330E+04 0.416050E+04
0.250150E+04 0.165330E+04 0.430400E+04
0.255790E+04 0.168580E+04 0.430400E+04
0.255790E+04 0.168580E+04 0.416050E+04
0.255790E+04 0.168580E+04 0.416050E+04
0.255790E+04 0.168580E+04 0.430400E+04
0.261600E+04 0.171930E+04 0.430400E+04
0.261600E+04 0.171930E+04 0.416050E+04
0.250150E+04 0.165330E+04 0.404350E+04
0.250150E+04 0.165330E+04 0.416050E+04
0.255790E+04 0.168580E+04 0.416050E+04
0.255790E+04 0.168580E+04 0.404350E+04
0.255790E+04 0.168580E+04 0.404350E+04
0.255790E+04 0.168580E+04 0.416050E+04
0.261600E+04 0.171930E+04 0.416050E+04
0.261600E+04 0.171930E+04 0.404350E+04
0.250150E+04 0.165330E+04 0.392650E+04
0.250150E+04 0.165330E+04 0.404350E+04
0.255790E+04 0.168580E+04 0.404350E+04
0.255790E+04 0.168580E+04 0.392650E+04
0.255790E+04 0.168580E+04 0.392650E+04
0.255790E+04 0.168580E+04 0.404350E+04
0.261600E+04 0.171930E+04 0.404350E+04
0.261600E+04 0.171930E+04 0.392650E+04
0.250150E+04 0.165330E+04 0.380950E+04
0.250150E+04 0.165330E+04 0.392650E+04
0.255790E+04 0.168580E+04 0.392650E+04
0.255790E+04 0.168580E+04 0.380950E+04
0.255790E+04 0.168580E+04 0.380950E+04
0.255790E+04 0.168580E+04 0.392650E+04
0.261600E+04 0.171930E+04 0.392650E+04
0.261600E+04 0.171930E+04 0.380950E+04
0.250150E+04 0.165330E+04 0.369250E+04
0.250150E+04 0.165330E+04 0.380950E+04
0.255790E+04 0.168580E+04 0.380950E+04
0.255790E+04 0.168580E+04 0.369250E+04
0.255790E+04 0.168580E+04 0.369250E+04
0.255790E+04 0.168580E+04 0.380950E+04
0.261600E+04 0.171930E+04 0.380950E+04
0.261600E+04 0.171930E+04 0.369250E+04
0.250150E+04 0.165330E+04 0.357550E+04
0.250150E+04 0.165330E+04 0.369250E+04
0.255790E+04 0.168580E+04 0.369250E+04
0.255790E+04 0.168580E+04 0.357550E+04
0.255790E+04 0.168580E+04 0.357550E+04
0.255790E+04 0.168580E+04 0.369250E+04
0.261600E+04 0.171930E+04 0.369250E+04
0.261600E+04 0.171930E+04 0.357550E+04
0.142210E+04 0.103000E+04 0.573400E+04
0.120750E+04 0.906200E+03 0.573400E+04
0.120750E+04 0.906200E+03 0.580000E+04
0.142210E+04 0.103000E+04 0.580000E+04
0.120750E+04 0.906200E+03 0.573400E+04
0.142210E+04 0.103000E+04 0.573400E+04
0.142210E+04 0.103000E+04 0.561750E+04
0.120750E+04 0.906200E+03 0.561750E+04
0.120750E+04 0.906200E+03 0.561750E+04
0.142210E+04 0.103000E+04 0.561750E+04
0.142210E+04 0.103000E+04 0.550050E+04
0.120750E+04 0.906200E+03 0.550050E+04
0.127080E+04 0.942600E+03 0.550050E+04
0.142210E+04 0.103000E+04 0.550050E+04
0.142210E+04 0.103000E+04 0.538350E+04
0.127080E+04 0.942600E+03 0.538350E+04
0.120750E+04 0.906200E+03 0.526650E+04
0.142210E+04 0.103000E+04 0.526650E+04
0.142210E+04 0.103000E+04 0.514950E+04
0.120750E+04 0.906200E+03 0.514950E+04
0.127080E+04 0.942600E+03 0.538350E+04
0.142210E+04 0.103000E+04 0.538350E+04
0.142210E+04 0.103000E+04 0.526650E+04
0.127080E+04 0.942600E+03 0.526650E+04
0.120750E+04 0.906200E+03 0.514950E+04
0.142210E+04 0.103000E+04 0.514950E+04
0.142210E+04 0.103000E+04 0.503250E+04
0.120750E+04 0.906200E+03 0.503250E+04
0.128870E+04 0.953000E+03 0.503250E+04
0.142210E+04 0.103000E+04 0.503250E+04
0.142210E+04 0.103000E+04 0.491550E+04
0.128870E+04 0.953000E+03 0.491550E+04
0.128870E+04 0.953000E+03 0.491550E+04
0.142210E+04 0.103000E+04 0.491550E+04
0.142210E+04 0.103000E+04 0.479850E+04
0.128870E+04 0.953000E+03 0.479850E+04
0.128870E+04 0.953000E+03 0.479850E+04
0.142210E+04 0.103000E+04 0.479850E+04
0.142210E+04 0.103000E+04 0.468150E+04
0.128870E+04 0.953000E+03 0.468150E+04
0.128870E+04 0.953000E+03 0.468150E+04
0.142210E+04 0.103000E+04 0.468150E+04
0.142210E+04 0.103000E+04 0.456450E+04
0.128870E+04 0.953000E+03 0.456450E+04
0.128870E+04 0.953000E+03 0.380950E+04
0.142210E+04 0.103000E+04 0.380950E+04
0.142210E+04 0.103000E+04 0.369250E+04
0.128870E+04 0.953000E+03 0.369250E+04
0.128870E+04 0.953000E+03 0.369250E+04
0.142210E+04 0.103000E+04 0.369250E+04
0.142210E+04 0.103000E+04 0.357550E+04
0.128870E+04 0.953000E+03 0.357550E+04
0.120750E+04 0.906200E+03 0.357550E+04
0.142210E+04 0.103000E+04 0.357550E+04
0.142210E+04 0.103000E+04 0.345850E+04
0.120750E+04 0.906200E+03 0.345850E+04
0.120750E+04 0.906200E+03 0.345850E+04
0.142210E+04 0.103000E+04 0.345850E+04
0.142210E+04 0.103000E+04 0.334150E+04
0.120750E+04 0.906200E+03 0.334150E+04
0.127080E+04 0.942600E+03 0.334150E+04
0.142210E+04 0.103000E+04 0.334150E+04
0.142210E+04 0.103000E+04 0.322450E+04
0.127080E+04 0.942600E+03 0.322450E+04
0.127080E+04 0.942600E+03 0.322450E+04
0.142210E+04 0.103000E+04 0.322450E+04
0.142210E+04 0.103000E+04 0.310750E+04
0.127080E+04 0.942600E+03 0.310750E+04
0.120750E+04 0.906200E+03 0.310750E+04
0.142210E+04 0.103000E+04 0.310750E+04
0.142210E+04 0.103000E+04 0.299050E+04
0.120750E+04 0.906200E+03 0.299050E+04
0.120750E+04 0.906200E+03 0.299050E+04
0.142210E+04 0.103000E+04 0.299050E+04
0.142210E+04 0.103000E+04 0.287400E+04
0.120750E+04 0.906200E+03 0.287400E+04
0.120750E+04 0.906200E+03 0.287400E+04
0.142210E+04 0.103000E+04 0.287400E+04
0.142210E+04 0.103000E+04 0.280800E+04
0.120750E+04 0.906200E+03 0.280800E+04
0.142210E+04 0.103000E+04 0.287400E+04
0.173520E+04 0.121080E+04 0.287400E+04
0.173520E+04 0.121080E+04 0.280800E+04
0.142210E+04 0.103000E+04 0.280800E+04
0.173520E+04 0.121080E+04 0.287400E+04
0.202320E+04 0.137700E+04 0.287400E+04
0.202320E+04 0.137700E+04 0.280800E+04
0.173520E+04 0.121080E+04 0.280800E+04
0.142210E+04 0.103000E+04 0.299050E+04
0.173520E+04 0.121080E+04 0.299050E+04
0.173520E+04 0.121080E+04 0.287400E+04
0.142210E+04 0.103000E+04 0.287400E+04
0.173520E+04 0.121080E+04 0.299050E+04
0.202320E+04 0.137700E+04 0.299050E+04
0.202320E+04 0.137700E+04 0.287400E+04
0.173520E+04 0.121080E+04 0.287400E+04
0.142210E+04 0.103000E+04 0.310750E+04
0.173520E+04 0.121080E+04 0.310750E+04
0.173520E+04 0.121080E+04 0.299050E+04
0.142210E+04 0.103000E+04 0.299050E+04
0.173520E+04 0.121080E+04 0.310750E+04
0.193290E+04 0.132490E+04 0.310750E+04
0.193290E+04 0.132490E+04 0.299050E+04
0.173520E+04 0.121080E+04 0.299050E+04
0.142210E+04 0.103000E+04 0.322450E+04
0.173520E+04 0.121080E+04 0.322450E+04
0.173520E+04 0.121080E+04 0.310750E+04
0.142210E+04 0.103000E+04 0.310750E+04
0.173520E+04 0.121080E+04 0.322450E+04
0.193290E+04 0.132490E+04 0.322450E+04
0.193290E+04 0.132490E+04 0.310750E+04
0.173520E+04 0.121080E+04 0.310750E+04
0.142210E+04 0.103000E+04 0.334150E+04
0.173520E+04 0.121080E+04 0.334150E+04
0.173520E+04 0.121080E+04 0.322450E+04
0.142210E+04 0.103000E+04 0.322450E+04
0.193290E+04 0.132490E+04 0.322450E+04
0.173520E+04 0.121080E+04 0.322450E+04
0.173520E+04 0.121080E+04 0.334150E+04
0.193290E+04 0.132490E+04 0.334150E+04
0.142210E+04 0.103000E+04 0.345850E+04
0.173520E+04 0.121080E+04 0.345850E+04
0.173520E+04 0.121080E+04 0.334150E+04
0.142210E+04 0.103000E+04 0.334150E+04
0.173520E+04 0.121080E+04 0.345850E+04
0.193290E+04 0.132490E+04 0.345850E+04
0.193290E+04 0.132490E+04 0.334150E+04
0.173520E+04 0.121080E+04 0.334150E+04
0.142210E+04 0.103000E+04 0.357550E+04
0.173520E+04 0.121080E+04 0.357550E+04
0.173520E+04 0.121080E+04 0.345850E+04
0.142210E+04 0.103000E+04 0.345850E+04
0.173520E+04 0.121080E+04 0.357550E+04
0.193290E+04 0.132490E+04 0.357550E+04
0.193290E+04 0.132490E+04 0.345850E+04
0.173520E+04 0.121080E+04 0.345850E+04
0.142210E+04 0.103000E+04 0.369250E+04
0.173520E+04 0.121080E+04 0.369250E+04
0.173520E+04 0.121080E+04 0.357550E+04
0.142210E+04 0.103000E+04 0.357550E+04
0.173520E+04 0.121080E+04 0.369250E+04
0.193290E+04 0.132490E+04 0.369250E+04
0.193290E+04 0.132490E+04 0.357550E+04
0.173520E+04 0.121080E+04 0.357550E+04
0.142210E+04 0.103000E+04 0.380950E+04
0.173520E+04 0.121080E+04 0.380950E+04
0.173520E+04 0.121080E+04 0.369250E+04
0.142210E+04 0.103000E+04 0.369250E+04
0.173520E+04 0.121080E+04 0.380950E+04
0.193290E+04 0.132490E+04 0.380950E+04
0.193290E+04 0.132490E+04 0.369250E+04
0.173520E+04 0.121080E+04 0.369250E+04
0.142210E+04 0.103000E+04 0.392650E+04
0.173520E+04 0.121080E+04 0.392650E+04
0.173520E+04 0.121080E+04 0.380950E+04
0.142210E+04 0.103000E+04 0.380950E+04
0.173520E+04 0.121080E+04 0.392650E+04
0.193290E+04 0.132490E+04 0.392650E+04
0.193290E+04 0.132490E+04 0.380950E+04
0.173520E+04 0.121080E+04 0.380950E+04
0.142210E+04 0.103000E+04 0.404350E+04
0.173520E+04 0.121080E+04 0.404350E+04
0.173520E+04 0.121080E+04 0.392650E+04
0.142210E+04 0.103000E+04 0.392650E+04
0.173520E+04 0.121080E+04 0.404350E+04
0.193290E+04 0.132490E+04 0.404350E+04
0.193290E+04 0.132490E+04 0.392650E+04
0.173520E+04 0.121080E+04 0.392650E+04
0.142210E+04 0.103000E+04 0.416050E+04
0.173520E+04 0.121080E+04 0.416050E+04
0.173520E+04 0.121080E+04 0.404350E+04
0.142210E+04 0.103000E+04 0.404350E+04
0.173520E+04 0.121080E+04 0.416050E+04
0.193290E+04 0.132490E+04 0.416050E+04
0.193290E+04 0.132490E+04 0.404350E+04
0.173520E+04 0.121080E+04 0.404350E+04
0.142210E+04 0.103000E+04 0.430400E+04
0.173520E+04 0.121080E+04 0.430400E+04
0.173520E+04 0.121080E+04 0.416050E+04
0.142210E+04 0.103000E+04 0.416050E+04
0.201150E+04 0.137030E+04 0.416050E+04
0.173520E+04 0.121080E+04 0.416050E+04
0.173520E+04 0.121080E+04 0.430400E+04
0.201150E+04 0.137030E+04 0.430400E+04
0.142210E+04 0.103000E+04 0.444750E+04
0.173520E+04 0.121080E+04 0.444750E+04
0.173520E+04 0.121080E+04 0.430400E+04
0.142210E+04 0.103000E+04 0.430400E+04
0.173520E+04 0.121080E+04 0.444750E+04
0.201150E+04 0.137030E+04 0.444750E+04
0.201150E+04 0.137030E+04 0.430400E+04
0.173520E+04 0.121080E+04 0.430400E+04
0.142210E+04 0.103000E+04 0.456450E+04
0.173520E+04 0.121080E+04 0.456450E+04
0.173520E+04 0.121080E+04 0.444750E+04
0.142210E+04 0.103000E+04 0.444750E+04
0.173520E+04 0.121080E+04 0.456450E+04
0.193280E+04 0.132490E+04 0.456450E+04
0.193280E+04 0.132490E+04 0.444750E+04
0.173520E+04 0.121080E+04 0.444750E+04
0.142210E+04 0.103000E+04 0.479850E+04
0.173520E+04 0.121080E+04 0.479850E+04
0.173520E+04 0.121080E+04 0.468150E+04
0.142210E+04 0.103000E+04 0.468150E+04
0.173520E+04 0.121080E+04 0.479850E+04
0.193280E+04 0.132490E+04 0.479850E+04
0.193280E+04 0.132490E+04 0.468150E+04
0.173520E+04 0.121080E+04 0.468150E+04
0.142210E+04 0.103000E+04 0.468150E+04
0.173520E+04 0.121080E+04 0.468150E+04
0.173520E+04 0.121080E+04 0.456450E+04
0.142210E+04 0.103000E+04 0.456450E+04
0.173520E+04 0.121080E+04 0.468150E+04
0.193280E+04 0.132490E+04 0.468150E+04
0.193280E+04 0.132490E+04 0.456450E+04
0.173520E+04 0.121080E+04 0.456450E+04
0.142210E+04 0.103000E+04 0.491550E+04
0.173520E+04 0.121080E+04 0.491550E+04
0.173520E+04 0.121080E+04 0.479850E+04
0.142210E+04 0.103000E+04 0.479850E+04
0.173520E+04 0.121080E+04 0.491550E+04
0.193280E+04 0.132490E+04 0.491550E+04
0.193280E+04 0.132490E+04 0.479850E+04
0.173520E+04 0.121080E+04 0.479850E+04
0.142210E+04 0.103000E+04 0.503250E+04
0.173520E+04 0.121080E+04 0.503250E+04
0.173520E+04 0.121080E+04 0.491550E+04
0.142210E+04 0.103000E+04 0.491550E+04
0.173520E+04 0.121080E+04 0.503250E+04
0.193280E+04 0.132490E+04 0.503250E+04
0.193280E+04 0.132490E+04 0.491550E+04
0.173520E+04 0.121080E+04 0.491550E+04
0.142210E+04 0.103000E+04 0.514950E+04
0.173520E+04 0.121080E+04 0.514950E+04
0.173520E+04 0.121080E+04 0.503250E+04
0.142210E+04 0.103000E+04 0.503250E+04
0.173520E+04 0.121080E+04 0.514950E+04
0.193280E+04 0.132490E+04 0.514950E+04
0.193280E+04 0.132490E+04 0.503250E+04
0.173520E+04 0.121080E+04 0.503250E+04
0.142210E+04 0.103000E+04 0.526650E+04
0.173520E+04 0.121080E+04 0.526650E+04
0.173520E+04 0.121080E+04 0.514950E+04
0.142210E+04 0.103000E+04 0.514950E+04
0.173520E+04 0.121080E+04 0.526650E+04
0.193280E+04 0.132490E+04 0.526650E+04
0.193280E+04 0.132490E+04 0.514950E+04
0.173520E+04 0.121080E+04 0.514950E+04
0.142210E+04 0.103000E+04 0.538350E+04
0.173520E+04 0.121080E+04 0.538350E+04
0.173520E+04 0.121080E+04 0.526650E+04
0.142210E+04 0.103000E+04 0.526650E+04
0.173520E+04 0.121080E+04 0.538350E+04
0.193280E+04 0.132490E+04 0.538350E+04
0.193280E+04 0.132490E+04 0.526650E+04
0.173520E+04 0.121080E+04 0.526650E+04
0.142210E+04 0.103000E+04 0.550050E+04
0.173520E+04 0.121080E+04 0.550050E+04
0.173520E+04 0.121080E+04 0.538350E+04
0.142210E+04 0.103000E+04 0.538350E+04
0.173520E+04 0.121080E+04 0.550050E+04
0.193280E+04 0.132490E+04 0.550050E+04
0.193280E+04 0.132490E+04 0.538350E+04
0.173520E+04 0.121080E+04 0.538350E+04
0.142210E+04 0.103000E+04 0.561750E+04
0.173520E+04 0.121080E+04 0.561750E+04
0.173520E+04 0.121080E+04 0.550050E+04
0.142210E+04 0.103000E+04 0.550050E+04
0.173520E+04 0.121080E+04 0.561750E+04
0.193280E+04 0.132490E+04 0.561750E+04
0.193280E+04 0.132490E+04 0.550050E+04
0.173520E+04 0.121080E+04 0.550050E+04
0.142210E+04 0.103000E+04 0.573400E+04
0.173520E+04 0.121080E+04 0.573400E+04
0.173520E+04 0.121080E+04 0.561750E+04
0.142210E+04 0.103000E+04 0.561750E+04
0.173520E+04 0.121080E+04 0.573400E+04
0.202320E+04 0.137700E+04 0.573400E+04
0.202320E+04 0.137700E+04 0.561750E+04
0.173520E+04 0.121080E+04 0.561750E+04
0.142210E+04 0.103000E+04 0.580000E+04
0.173520E+04 0.121080E+04 0.580000E+04
0.173520E+04 0.121080E+04 0.573400E+04
0.142210E+04 0.103000E+04 0.573400E+04
0.173520E+04 0.121080E+04 0.580000E+04
0.202320E+04 0.137700E+04 0.580000E+04
0.202320E+04 0.137700E+04 0.573400E+04
0.173520E+04 0.121080E+04 0.573400E+04
0.122710E+04 0.917400E+03 0.456450E+04
0.122710E+04 0.917400E+03 0.468150E+04
0.128870E+04 0.953000E+03 0.468150E+04
0.128870E+04 0.953000E+03 0.456450E+04
0.131620E+04 0.968900E+03 0.416050E+04
0.142210E+04 0.103000E+04 0.416050E+04
0.142210E+04 0.103000E+04 0.404350E+04
0.131620E+04 0.968900E+03 0.404350E+04
0.131620E+04 0.968900E+03 0.456450E+04
0.142210E+04 0.103000E+04 0.456450E+04
0.142210E+04 0.103000E+04 0.444750E+04
0.131620E+04 0.968900E+03 0.444750E+04
0.120720E+04 0.905900E+03 0.456450E+04
0.131620E+04 0.968900E+03 0.456450E+04
0.131620E+04 0.968900E+03 0.444750E+04
0.120720E+04 0.905900E+03 0.444750E+04
0.137150E+04 0.100080E+04 0.392650E+04
0.137150E+04 0.100080E+04 0.404350E+04
0.142210E+04 0.103000E+04 0.404350E+04
0.142210E+04 0.103000E+04 0.392650E+04
0.128870E+04 0.953000E+03 0.380950E+04
0.128870E+04 0.953000E+03 0.392650E+04
0.137150E+04 0.100080E+04 0.392650E+04
0.137150E+04 0.100080E+04 0.380950E+04
0.137150E+04 0.100080E+04 0.380950E+04
0.137150E+04 0.100080E+04 0.392650E+04
0.142210E+04 0.103000E+04 0.392650E+04
0.142210E+04 0.103000E+04 0.380950E+04
0.205130E+04 0.139330E+04 0.310750E+04
0.205130E+04 0.139330E+04 0.322450E+04
0.211340E+04 0.142920E+04 0.322450E+04
0.211340E+04 0.142920E+04 0.310750E+04
0.193290E+04 0.132490E+04 0.299050E+04
0.193290E+04 0.132490E+04 0.310750E+04
0.199070E+04 0.135830E+04 0.310750E+04
0.199070E+04 0.135830E+04 0.299050E+04
0.193290E+04 0.132490E+04 0.310750E+04
0.193290E+04 0.132490E+04 0.322450E+04
0.199070E+04 0.135830E+04 0.322450E+04
0.199070E+04 0.135830E+04 0.310750E+04
0.205130E+04 0.139330E+04 0.369250E+04
0.205130E+04 0.139330E+04 0.380950E+04
0.211340E+04 0.142920E+04 0.380950E+04
0.211340E+04 0.142920E+04 0.369250E+04
0.205130E+04 0.139330E+04 0.380950E+04
0.205130E+04 0.139330E+04 0.392650E+04
0.211340E+04 0.142920E+04 0.392650E+04
0.211340E+04 0.142920E+04 0.380950E+04
0.193290E+04 0.132490E+04 0.369250E+04
0.193290E+04 0.132490E+04 0.380950E+04
0.199070E+04 0.135830E+04 0.380950E+04
0.199070E+04 0.135830E+04 0.369250E+04
0.193290E+04 0.132490E+04 0.380950E+04
0.193290E+04 0.132490E+04 0.392650E+04
0.199070E+04 0.135830E+04 0.392650E+04
0.199070E+04 0.135830E+04 0.380950E+04
0.205130E+04 0.139330E+04 0.468150E+04
0.205130E+04 0.139330E+04 0.479850E+04
0.211340E+04 0.142920E+04 0.479850E+04
0.211340E+04 0.142920E+04 0.468150E+04
0.205130E+04 0.139330E+04 0.479850E+04
0.205130E+04 0.139330E+04 0.491550E+04
0.211340E+04 0.142920E+04 0.491550E+04
0.211340E+04 0.142920E+04 0.479850E+04
0.193280E+04 0.132490E+04 0.468150E+04
0.193280E+04 0.132490E+04 0.479850E+04
0.199070E+04 0.135830E+04 0.479850E+04
0.199070E+04 0.135830E+04 0.468150E+04
0.193280E+04 0.132490E+04 0.479850E+04
0.193280E+04 0.132490E+04 0.491550E+04
0.199070E+04 0.135830E+04 0.491550E+04
0.199070E+04 0.135830E+04 0.479850E+04
0.205130E+04 0.139330E+04 0.538350E+04
0.205130E+04 0.139330E+04 0.550050E+04
0.211340E+04 0.142920E+04 0.550050E+04
0.211340E+04 0.142920E+04 0.538350E+04
0.205130E+04 0.139330E+04 0.550050E+04
0.205130E+04 0.139330E+04 0.561750E+04
0.211340E+04 0.142920E+04 0.561750E+04
0.211340E+04 0.142920E+04 0.550050E+04
0.193280E+04 0.132490E+04 0.538350E+04
0.193280E+04 0.132490E+04 0.550050E+04
0.199070E+04 0.135830E+04 0.550050E+04
0.199070E+04 0.135830E+04 0.538350E+04
0.193280E+04 0.132490E+04 0.550050E+04
0.193280E+04 0.132490E+04 0.561750E+04
0.199070E+04 0.135830E+04 0.561750E+04
0.199070E+04 0.135830E+04 0.550050E+04
0.125280E+04 0.932200E+03 0.380950E+04
0.125280E+04 0.932200E+03 0.392650E+04
0.128870E+04 0.953000E+03 0.392650E+04
0.128870E+04 0.953000E+03 0.380950E+04
0.125280E+04 0.932200E+03 0.369250E+04
0.125280E+04 0.932200E+03 0.380950E+04
0.128870E+04 0.953000E+03 0.380950E+04
0.128870E+04 0.953000E+03 0.369250E+04
0.125280E+04 0.932200E+03 0.392650E+04
0.125280E+04 0.932200E+03 0.404350E+04
0.128870E+04 0.953000E+03 0.404350E+04
0.128870E+04 0.953000E+03 0.392650E+04
0.128870E+04 0.953000E+03 0.392650E+04
0.128870E+04 0.953000E+03 0.404350E+04
0.137150E+04 0.100080E+04 0.404350E+04
0.137150E+04 0.100080E+04 0.392650E+04
0.120720E+04 0.905900E+03 0.416050E+04
0.131620E+04 0.968900E+03 0.416050E+04
0.131620E+04 0.968900E+03 0.404350E+04
0.120720E+04 0.905900E+03 0.404350E+04
-.211340E+04 0.142910E+04 0.550050E+04
-.283440E+04 0.184540E+04 0.550050E+04
-.283440E+04 0.184540E+04 0.561750E+04
-.211340E+04 0.142910E+04 0.561750E+04
-.211340E+04 0.142910E+04 0.538350E+04
-.277120E+04 0.180890E+04 0.538350E+04
-.277120E+04 0.180890E+04 0.550050E+04
-.211340E+04 0.142910E+04 0.550050E+04
-.211340E+04 0.142910E+04 0.526650E+04
-.277120E+04 0.180890E+04 0.526650E+04
-.277120E+04 0.180890E+04 0.538350E+04
-.211340E+04 0.142910E+04 0.538350E+04
-.211340E+04 0.142910E+04 0.514950E+04
-.283440E+04 0.184540E+04 0.514950E+04
-.283440E+04 0.184540E+04 0.526650E+04
-.211340E+04 0.142910E+04 0.526650E+04
-.283440E+04 0.184540E+04 0.514950E+04
-.211340E+04 0.142910E+04 0.514950E+04
-.211340E+04 0.142910E+04 0.503250E+04
-.283440E+04 0.184540E+04 0.503250E+04
-.211340E+04 0.142910E+04 0.491550E+04
-.250150E+04 0.165330E+04 0.491550E+04
-.250150E+04 0.165330E+04 0.503250E+04
-.211340E+04 0.142910E+04 0.503250E+04
-.211340E+04 0.142910E+04 0.479850E+04
-.250150E+04 0.165330E+04 0.479850E+04
-.250150E+04 0.165330E+04 0.491550E+04
-.211340E+04 0.142910E+04 0.491550E+04
-.211340E+04 0.142910E+04 0.468150E+04
-.250150E+04 0.165330E+04 0.468150E+04
-.250150E+04 0.165330E+04 0.479850E+04
-.211340E+04 0.142910E+04 0.479850E+04
-.211340E+04 0.142910E+04 0.456450E+04
-.250150E+04 0.165330E+04 0.456450E+04
-.250150E+04 0.165330E+04 0.468150E+04
-.211340E+04 0.142910E+04 0.468150E+04
-.211340E+04 0.142910E+04 0.444750E+04
-.250150E+04 0.165330E+04 0.444750E+04
-.250150E+04 0.165330E+04 0.456450E+04
-.211340E+04 0.142910E+04 0.456450E+04
-.201150E+04 0.137030E+04 0.430400E+04
-.250150E+04 0.165330E+04 0.430400E+04
-.250150E+04 0.165330E+04 0.444750E+04
-.201150E+04 0.137030E+04 0.444750E+04
-.250150E+04 0.165330E+04 0.430400E+04
-.201150E+04 0.137030E+04 0.430400E+04
-.201150E+04 0.137030E+04 0.416050E+04
-.250150E+04 0.165330E+04 0.416050E+04
-.211340E+04 0.142910E+04 0.404350E+04
-.250150E+04 0.165330E+04 0.404350E+04
-.250150E+04 0.165330E+04 0.416050E+04
-.211340E+04 0.142910E+04 0.416050E+04
-.211340E+04 0.142910E+04 0.392650E+04
-.250150E+04 0.165330E+04 0.392650E+04
-.250150E+04 0.165330E+04 0.404350E+04
-.211340E+04 0.142910E+04 0.404350E+04
-.211340E+04 0.142910E+04 0.380950E+04
-.250150E+04 0.165330E+04 0.380950E+04
-.250150E+04 0.165330E+04 0.392650E+04
-.211340E+04 0.142910E+04 0.392650E+04
-.211340E+04 0.142910E+04 0.369250E+04
-.250150E+04 0.165330E+04 0.369250E+04
-.250150E+04 0.165330E+04 0.380950E+04
-.211340E+04 0.142910E+04 0.380950E+04
-.211340E+04 0.142910E+04 0.357550E+04
-.250150E+04 0.165330E+04 0.357550E+04
-.250150E+04 0.165330E+04 0.369250E+04
-.211340E+04 0.142910E+04 0.369250E+04
-.211340E+04 0.142910E+04 0.345850E+04
-.283440E+04 0.184540E+04 0.345850E+04
-.283440E+04 0.184540E+04 0.357550E+04
-.211340E+04 0.142910E+04 0.357550E+04
-.211340E+04 0.142910E+04 0.334150E+04
-.283440E+04 0.184540E+04 0.334150E+04
-.283440E+04 0.184540E+04 0.345850E+04
-.211340E+04 0.142910E+04 0.345850E+04
-.277120E+04 0.180890E+04 0.334150E+04
-.211340E+04 0.142910E+04 0.334150E+04
-.211340E+04 0.142910E+04 0.322450E+04
-.277120E+04 0.180890E+04 0.322450E+04
-.211340E+04 0.142910E+04 0.310750E+04
-.277120E+04 0.180890E+04 0.310750E+04
-.277120E+04 0.180890E+04 0.322450E+04
-.211340E+04 0.142910E+04 0.322450E+04
-.211340E+04 0.142910E+04 0.299050E+04
-.283440E+04 0.184540E+04 0.299050E+04
-.283440E+04 0.184540E+04 0.310750E+04
-.211340E+04 0.142910E+04 0.310750E+04
-.261600E+04 0.171930E+04 0.498500E+04
-.291950E+04 0.189450E+04 0.498500E+04
-.291950E+04 0.189450E+04 0.503250E+04
-.261600E+04 0.171930E+04 0.503250E+04
-.261600E+04 0.171930E+04 0.357550E+04
-.291950E+04 0.189450E+04 0.357550E+04
-.291950E+04 0.189450E+04 0.362300E+04
-.261600E+04 0.171930E+04 0.362300E+04
-.122710E+04 0.917500E+03 0.392650E+04
-.122710E+04 0.917500E+03 0.380950E+04
-.128870E+04 0.953000E+03 0.380950E+04
-.128870E+04 0.953000E+03 0.392650E+04
-.122710E+04 0.917500E+03 0.380950E+04
-.122710E+04 0.917500E+03 0.369250E+04
-.128870E+04 0.953000E+03 0.369250E+04
-.128870E+04 0.953000E+03 0.380950E+04
-.122710E+04 0.917500E+03 0.369250E+04
-.122710E+04 0.917500E+03 0.357550E+04
-.128870E+04 0.953000E+03 0.357550E+04
-.128870E+04 0.953000E+03 0.369250E+04
-.193290E+04 0.132490E+04 0.538350E+04
-.193290E+04 0.132490E+04 0.526650E+04
-.202310E+04 0.137710E+04 0.526650E+04
-.202310E+04 0.137710E+04 0.538350E+04
-.202310E+04 0.137710E+04 0.538350E+04
-.202310E+04 0.137710E+04 0.526650E+04
-.211340E+04 0.142910E+04 0.526650E+04
-.211340E+04 0.142910E+04 0.538350E+04
-.193290E+04 0.132490E+04 0.526650E+04
-.193290E+04 0.132490E+04 0.514950E+04
-.202310E+04 0.137710E+04 0.514950E+04
-.202310E+04 0.137710E+04 0.526650E+04
-.202310E+04 0.137710E+04 0.526650E+04
-.202310E+04 0.137710E+04 0.514950E+04
-.211340E+04 0.142910E+04 0.514950E+04
-.211340E+04 0.142910E+04 0.526650E+04
-.193290E+04 0.132490E+04 0.514950E+04
-.193290E+04 0.132490E+04 0.503250E+04
-.202310E+04 0.137710E+04 0.503250E+04
-.202310E+04 0.137710E+04 0.514950E+04
-.202310E+04 0.137710E+04 0.514950E+04
-.202310E+04 0.137710E+04 0.503250E+04
-.211340E+04 0.142910E+04 0.503250E+04
-.211340E+04 0.142910E+04 0.514950E+04
-.193290E+04 0.132490E+04 0.503250E+04
-.193290E+04 0.132490E+04 0.491550E+04
-.202310E+04 0.137710E+04 0.491550E+04
-.202310E+04 0.137710E+04 0.503250E+04
-.202310E+04 0.137710E+04 0.503250E+04
-.202310E+04 0.137710E+04 0.491550E+04
-.211340E+04 0.142910E+04 0.491550E+04
-.211340E+04 0.142910E+04 0.503250E+04
-.193290E+04 0.132490E+04 0.468150E+04
-.193290E+04 0.132490E+04 0.456450E+04
-.202310E+04 0.137710E+04 0.456450E+04
-.202310E+04 0.137710E+04 0.468150E+04
-.202310E+04 0.137710E+04 0.468150E+04
-.202310E+04 0.137710E+04 0.456450E+04
-.211340E+04 0.142910E+04 0.456450E+04
-.211340E+04 0.142910E+04 0.468150E+04
-.193290E+04 0.132490E+04 0.456450E+04
-.193290E+04 0.132490E+04 0.444750E+04
-.202310E+04 0.137710E+04 0.444750E+04
-.202310E+04 0.137710E+04 0.456450E+04
-.202310E+04 0.137710E+04 0.456450E+04
-.202310E+04 0.137710E+04 0.444750E+04
-.211340E+04 0.142910E+04 0.444750E+04
-.211340E+04 0.142910E+04 0.456450E+04
-.193280E+04 0.132490E+04 0.416050E+04
-.193280E+04 0.132490E+04 0.404350E+04
-.202310E+04 0.137710E+04 0.404350E+04
-.202310E+04 0.137710E+04 0.416050E+04
-.202310E+04 0.137710E+04 0.416050E+04
-.202310E+04 0.137710E+04 0.404350E+04
-.211340E+04 0.142910E+04 0.404350E+04
-.211340E+04 0.142910E+04 0.416050E+04
-.193280E+04 0.132490E+04 0.404350E+04
-.193280E+04 0.132490E+04 0.392650E+04
-.202310E+04 0.137710E+04 0.392650E+04
-.202310E+04 0.137710E+04 0.404350E+04
-.202310E+04 0.137710E+04 0.404350E+04
-.202310E+04 0.137710E+04 0.392650E+04
-.211340E+04 0.142910E+04 0.392650E+04
-.211340E+04 0.142910E+04 0.404350E+04
-.193280E+04 0.132490E+04 0.369250E+04
-.193280E+04 0.132490E+04 0.357550E+04
-.202310E+04 0.137710E+04 0.357550E+04
-.202310E+04 0.137710E+04 0.369250E+04
-.202310E+04 0.137710E+04 0.369250E+04
-.202310E+04 0.137710E+04 0.357550E+04
-.211340E+04 0.142910E+04 0.357550E+04
-.211340E+04 0.142910E+04 0.369250E+04
-.193280E+04 0.132490E+04 0.357550E+04
-.193280E+04 0.132490E+04 0.345850E+04
-.202310E+04 0.137710E+04 0.345850E+04
-.202310E+04 0.137710E+04 0.357550E+04
-.202310E+04 0.137710E+04 0.357550E+04
-.202310E+04 0.137710E+04 0.345850E+04
-.211340E+04 0.142910E+04 0.345850E+04
-.211340E+04 0.142910E+04 0.357550E+04
-.193280E+04 0.132490E+04 0.345850E+04
-.193280E+04 0.132490E+04 0.334150E+04
-.202310E+04 0.137710E+04 0.334150E+04
-.202310E+04 0.137710E+04 0.345850E+04
-.202310E+04 0.137710E+04 0.345850E+04
-.202310E+04 0.137710E+04 0.334150E+04
-.211340E+04 0.142910E+04 0.334150E+04
-.211340E+04 0.142910E+04 0.345850E+04
-.193280E+04 0.132490E+04 0.334150E+04
-.193280E+04 0.132490E+04 0.322450E+04
-.202310E+04 0.137710E+04 0.322450E+04
-.202310E+04 0.137710E+04 0.334150E+04
-.202310E+04 0.137710E+04 0.334150E+04
-.202310E+04 0.137710E+04 0.322450E+04
-.211340E+04 0.142910E+04 0.322450E+04
-.211340E+04 0.142910E+04 0.334150E+04
-.125280E+04 0.932300E+03 0.503250E+04
-.125280E+04 0.932300E+03 0.491550E+04
-.128870E+04 0.953000E+03 0.491550E+04
-.128870E+04 0.953000E+03 0.503250E+04
-.120750E+04 0.906200E+03 0.550050E+04
-.120750E+04 0.906200E+03 0.538350E+04
-.127070E+04 0.942700E+03 0.538350E+04
-.127070E+04 0.942700E+03 0.550050E+04
-.120750E+04 0.906200E+03 0.538350E+04
-.120750E+04 0.906200E+03 0.526650E+04
-.127070E+04 0.942700E+03 0.526650E+04
-.127070E+04 0.942700E+03 0.538350E+04
-.120750E+04 0.906200E+03 0.334150E+04
-.120750E+04 0.906200E+03 0.322450E+04
-.127070E+04 0.942700E+03 0.322450E+04
-.127070E+04 0.942700E+03 0.334150E+04
-.120750E+04 0.906200E+03 0.322450E+04
-.120750E+04 0.906200E+03 0.310750E+04
-.127070E+04 0.942700E+03 0.310750E+04
-.127070E+04 0.942700E+03 0.322450E+04
-.277120E+04 0.180890E+04 0.538350E+04
-.277120E+04 0.180890E+04 0.526650E+04
-.283440E+04 0.184540E+04 0.526650E+04
-.283440E+04 0.184540E+04 0.538350E+04
-.277120E+04 0.180890E+04 0.550050E+04
-.277120E+04 0.180890E+04 0.538350E+04
-.283440E+04 0.184540E+04 0.538350E+04
-.283440E+04 0.184540E+04 0.550050E+04
-.277120E+04 0.180890E+04 0.334150E+04
-.277120E+04 0.180890E+04 0.322450E+04
-.283440E+04 0.184540E+04 0.322450E+04
-.283440E+04 0.184540E+04 0.334150E+04
-.277120E+04 0.180890E+04 0.322450E+04
-.277120E+04 0.180890E+04 0.310750E+04
-.283440E+04 0.184540E+04 0.310750E+04
-.283440E+04 0.184540E+04 0.322450E+04
-.283440E+04 0.184540E+04 0.573400E+04
-.291950E+04 0.189450E+04 0.573400E+04
-.291950E+04 0.189450E+04 0.580000E+04
-.283440E+04 0.184540E+04 0.580000E+04
-.283440E+04 0.184540E+04 0.580000E+04
-.202310E+04 0.137710E+04 0.580000E+04
-.202310E+04 0.137710E+04 0.573400E+04
-.283440E+04 0.184540E+04 0.573400E+04
-.202310E+04 0.137710E+04 0.561750E+04
-.283440E+04 0.184540E+04 0.561750E+04
-.283440E+04 0.184540E+04 0.573400E+04
-.202310E+04 0.137710E+04 0.573400E+04
-.120750E+04 0.906200E+03 0.580000E+04
-.112250E+04 0.857100E+03 0.580000E+04
-.112250E+04 0.857100E+03 0.573400E+04
-.120750E+04 0.906200E+03 0.573400E+04
-.283440E+04 0.184540E+04 0.280800E+04
-.291950E+04 0.189450E+04 0.280800E+04
-.291950E+04 0.189450E+04 0.287400E+04
-.283440E+04 0.184540E+04 0.287400E+04
-.202310E+04 0.137710E+04 0.287400E+04
-.283440E+04 0.184540E+04 0.287400E+04
-.283440E+04 0.184540E+04 0.299050E+04
-.202310E+04 0.137710E+04 0.299050E+04
-.202310E+04 0.137710E+04 0.280800E+04
-.283440E+04 0.184540E+04 0.280800E+04
-.283440E+04 0.184540E+04 0.287400E+04
-.202310E+04 0.137710E+04 0.287400E+04
-.112250E+04 0.857000E+03 0.280800E+04
-.120750E+04 0.906200E+03 0.280800E+04
-.120750E+04 0.906200E+03 0.287400E+04
-.112250E+04 0.857000E+03 0.287400E+04
-.112250E+04 0.857100E+03 0.573400E+04
-.112250E+04 0.857100E+03 0.561750E+04
-.116800E+04 0.883300E+03 0.561750E+04
-.116800E+04 0.883300E+03 0.573400E+04
-.116800E+04 0.883300E+03 0.573400E+04
-.116800E+04 0.883300E+03 0.561750E+04
-.120750E+04 0.906200E+03 0.561750E+04
-.120750E+04 0.906200E+03 0.573400E+04
-.112250E+04 0.857100E+03 0.561750E+04
-.112250E+04 0.857100E+03 0.550050E+04
-.116800E+04 0.883300E+03 0.550050E+04
-.116800E+04 0.883300E+03 0.561750E+04
-.116800E+04 0.883300E+03 0.561750E+04
-.116800E+04 0.883300E+03 0.550050E+04
-.120750E+04 0.906200E+03 0.550050E+04
-.120750E+04 0.906200E+03 0.561750E+04
-.112250E+04 0.857000E+03 0.526650E+04
-.112250E+04 0.857000E+03 0.514950E+04
-.116800E+04 0.883300E+03 0.514950E+04
-.116800E+04 0.883300E+03 0.526650E+04
-.116800E+04 0.883300E+03 0.526650E+04
-.116800E+04 0.883300E+03 0.514950E+04
-.120750E+04 0.906200E+03 0.514950E+04
-.120750E+04 0.906200E+03 0.526650E+04
-.112250E+04 0.857000E+03 0.514950E+04
-.112250E+04 0.857000E+03 0.503250E+04
-.116800E+04 0.883300E+03 0.503250E+04
-.116800E+04 0.883300E+03 0.514950E+04
-.116800E+04 0.883300E+03 0.514950E+04
-.116800E+04 0.883300E+03 0.503250E+04
-.120750E+04 0.906200E+03 0.503250E+04
-.120750E+04 0.906200E+03 0.514950E+04
-.125280E+04 0.932300E+03 0.503250E+04
-.112250E+04 0.857000E+03 0.503250E+04
-.112250E+04 0.857000E+03 0.497450E+04
-.125280E+04 0.932300E+03 0.497450E+04
-.112250E+04 0.857000E+03 0.299050E+04
-.112250E+04 0.857000E+03 0.287400E+04
-.116800E+04 0.883300E+03 0.287400E+04
-.116800E+04 0.883300E+03 0.299050E+04
-.116800E+04 0.883300E+03 0.299050E+04
-.116800E+04 0.883300E+03 0.287400E+04
-.120750E+04 0.906200E+03 0.287400E+04
-.120750E+04 0.906200E+03 0.299050E+04
-.112250E+04 0.857000E+03 0.310750E+04
-.112250E+04 0.857000E+03 0.299050E+04
-.116800E+04 0.883300E+03 0.299050E+04
-.116800E+04 0.883300E+03 0.310750E+04
-.116800E+04 0.883300E+03 0.310750E+04
-.116800E+04 0.883300E+03 0.299050E+04
-.120750E+04 0.906200E+03 0.299050E+04
-.120750E+04 0.906200E+03 0.310750E+04
-.112250E+04 0.857000E+03 0.345850E+04
-.112250E+04 0.857000E+03 0.334150E+04
-.116800E+04 0.883300E+03 0.334150E+04
-.116800E+04 0.883300E+03 0.345850E+04
-.116800E+04 0.883300E+03 0.345850E+04
-.116800E+04 0.883300E+03 0.334150E+04
-.120750E+04 0.906200E+03 0.334150E+04
-.120750E+04 0.906200E+03 0.345850E+04
-.112250E+04 0.857000E+03 0.357550E+04
-.112250E+04 0.857000E+03 0.345850E+04
-.116800E+04 0.883300E+03 0.345850E+04
-.116800E+04 0.883300E+03 0.357550E+04
-.116800E+04 0.883300E+03 0.357550E+04
-.116800E+04 0.883300E+03 0.345850E+04
-.120750E+04 0.906200E+03 0.345850E+04
-.120750E+04 0.906200E+03 0.357550E+04
-.112250E+04 0.857000E+03 0.357550E+04
-.122710E+04 0.917500E+03 0.357550E+04
-.122710E+04 0.917500E+03 0.363350E+04
-.112250E+04 0.857000E+03 0.363350E+04
-.283440E+04 0.184540E+04 0.299050E+04
-.283440E+04 0.184540E+04 0.287400E+04
-.287400E+04 0.186830E+04 0.287400E+04
-.287400E+04 0.186830E+04 0.299050E+04
-.287400E+04 0.186830E+04 0.299050E+04
-.287400E+04 0.186830E+04 0.287400E+04
-.291950E+04 0.189450E+04 0.287400E+04
-.291950E+04 0.189450E+04 0.299050E+04
-.283440E+04 0.184540E+04 0.310750E+04
-.283440E+04 0.184540E+04 0.299050E+04
-.287400E+04 0.186830E+04 0.299050E+04
-.287400E+04 0.186830E+04 0.310750E+04
-.287400E+04 0.186830E+04 0.310750E+04
-.287400E+04 0.186830E+04 0.299050E+04
-.291950E+04 0.189450E+04 0.299050E+04
-.291950E+04 0.189450E+04 0.310750E+04
-.283440E+04 0.184540E+04 0.345850E+04
-.283440E+04 0.184540E+04 0.334150E+04
-.287400E+04 0.186830E+04 0.334150E+04
-.287400E+04 0.186830E+04 0.345850E+04
-.287400E+04 0.186830E+04 0.345850E+04
-.287400E+04 0.186830E+04 0.334150E+04
-.291950E+04 0.189450E+04 0.334150E+04
-.291950E+04 0.189450E+04 0.345850E+04
-.283440E+04 0.184540E+04 0.357550E+04
-.283440E+04 0.184540E+04 0.345850E+04
-.287400E+04 0.186830E+04 0.345850E+04
-.287400E+04 0.186830E+04 0.357550E+04
-.287400E+04 0.186830E+04 0.357550E+04
-.287400E+04 0.186830E+04 0.345850E+04
-.291950E+04 0.189450E+04 0.345850E+04
-.291950E+04 0.189450E+04 0.357550E+04
-.283440E+04 0.184540E+04 0.514950E+04
-.283440E+04 0.184540E+04 0.503250E+04
-.287400E+04 0.186830E+04 0.503250E+04
-.287400E+04 0.186830E+04 0.514950E+04
-.287400E+04 0.186830E+04 0.514950E+04
-.287400E+04 0.186830E+04 0.503250E+04
-.291950E+04 0.189450E+04 0.503250E+04
-.291950E+04 0.189450E+04 0.514950E+04
-.283440E+04 0.184540E+04 0.526650E+04
-.283440E+04 0.184540E+04 0.514950E+04
-.287400E+04 0.186830E+04 0.514950E+04
-.287400E+04 0.186830E+04 0.526650E+04
-.287400E+04 0.186830E+04 0.526650E+04
-.287400E+04 0.186830E+04 0.514950E+04
-.291950E+04 0.189450E+04 0.514950E+04
-.291950E+04 0.189450E+04 0.526650E+04
-.283440E+04 0.184540E+04 0.561750E+04
-.283440E+04 0.184540E+04 0.550050E+04
-.287400E+04 0.186830E+04 0.550050E+04
-.287400E+04 0.186830E+04 0.561750E+04
-.287400E+04 0.186830E+04 0.561750E+04
-.287400E+04 0.186830E+04 0.550050E+04
-.291950E+04 0.189450E+04 0.550050E+04
-.291950E+04 0.189450E+04 0.561750E+04
-.283440E+04 0.184540E+04 0.573400E+04
-.283440E+04 0.184540E+04 0.561750E+04
-.287400E+04 0.186830E+04 0.561750E+04
-.287400E+04 0.186830E+04 0.573400E+04
-.287400E+04 0.186830E+04 0.573400E+04
-.287400E+04 0.186830E+04 0.561750E+04
-.291950E+04 0.189450E+04 0.561750E+04
-.291950E+04 0.189450E+04 0.573400E+04
-.250150E+04 0.165330E+04 0.369250E+04
-.250150E+04 0.165330E+04 0.357550E+04
-.255790E+04 0.168580E+04 0.357550E+04
-.255790E+04 0.168580E+04 0.369250E+04
-.255790E+04 0.168580E+04 0.369250E+04
-.255790E+04 0.168580E+04 0.357550E+04
-.261600E+04 0.171930E+04 0.357550E+04
-.261600E+04 0.171930E+04 0.369250E+04
-.250150E+04 0.165330E+04 0.380950E+04
-.250150E+04 0.165330E+04 0.369250E+04
-.255790E+04 0.168580E+04 0.369250E+04
-.255790E+04 0.168580E+04 0.380950E+04
-.255790E+04 0.168580E+04 0.380950E+04
-.255790E+04 0.168580E+04 0.369250E+04
-.261600E+04 0.171930E+04 0.369250E+04
-.261600E+04 0.171930E+04 0.380950E+04
-.250150E+04 0.165330E+04 0.392650E+04
-.250150E+04 0.165330E+04 0.380950E+04
-.255790E+04 0.168580E+04 0.380950E+04
-.255790E+04 0.168580E+04 0.392650E+04
-.255790E+04 0.168580E+04 0.392650E+04
-.255790E+04 0.168580E+04 0.380950E+04
-.261600E+04 0.171930E+04 0.380950E+04
-.261600E+04 0.171930E+04 0.392650E+04
-.250150E+04 0.165330E+04 0.404350E+04
-.250150E+04 0.165330E+04 0.392650E+04
-.255790E+04 0.168580E+04 0.392650E+04
-.255790E+04 0.168580E+04 0.404350E+04
-.255790E+04 0.168580E+04 0.404350E+04
-.255790E+04 0.168580E+04 0.392650E+04
-.261600E+04 0.171930E+04 0.392650E+04
-.261600E+04 0.171930E+04 0.404350E+04
-.250150E+04 0.165330E+04 0.416050E+04
-.250150E+04 0.165330E+04 0.404350E+04
-.255790E+04 0.168580E+04 0.404350E+04
-.255790E+04 0.168580E+04 0.416050E+04
-.255790E+04 0.168580E+04 0.416050E+04
-.255790E+04 0.168580E+04 0.404350E+04
-.261600E+04 0.171930E+04 0.404350E+04
-.261600E+04 0.171930E+04 0.416050E+04
-.250150E+04 0.165330E+04 0.430400E+04
-.250150E+04 0.165330E+04 0.416050E+04
-.255790E+04 0.168580E+04 0.416050E+04
-.255790E+04 0.168580E+04 0.430400E+04
-.255790E+04 0.168580E+04 0.430400E+04
-.255790E+04 0.168580E+04 0.416050E+04
-.261600E+04 0.171930E+04 0.416050E+04
-.261600E+04 0.171930E+04 0.430400E+04
-.250150E+04 0.165330E+04 0.444750E+04
-.250150E+04 0.165330E+04 0.430400E+04
-.255790E+04 0.168580E+04 0.430400E+04
-.255790E+04 0.168580E+04 0.444750E+04
-.255790E+04 0.168580E+04 0.444750E+04
-.255790E+04 0.168580E+04 0.430400E+04
-.261600E+04 0.171930E+04 0.430400E+04
-.261600E+04 0.171930E+04 0.444750E+04
-.250150E+04 0.165330E+04 0.456450E+04
-.250150E+04 0.165330E+04 0.444750E+04
-.255790E+04 0.168580E+04 0.444750E+04
-.255790E+04 0.168580E+04 0.456450E+04
-.255790E+04 0.168580E+04 0.456450E+04
-.255790E+04 0.168580E+04 0.444750E+04
-.261600E+04 0.171930E+04 0.444750E+04
-.261600E+04 0.171930E+04 0.456450E+04
-.250150E+04 0.165330E+04 0.468150E+04
-.250150E+04 0.165330E+04 0.456450E+04
-.255790E+04 0.168580E+04 0.456450E+04
-.255790E+04 0.168580E+04 0.468150E+04
-.255790E+04 0.168580E+04 0.468150E+04
-.255790E+04 0.168580E+04 0.456450E+04
-.261600E+04 0.171930E+04 0.456450E+04
-.261600E+04 0.171930E+04 0.468150E+04
-.250150E+04 0.165330E+04 0.479850E+04
-.250150E+04 0.165330E+04 0.468150E+04
-.255790E+04 0.168580E+04 0.468150E+04
-.255790E+04 0.168580E+04 0.479850E+04
-.255790E+04 0.168580E+04 0.479850E+04
-.255790E+04 0.168580E+04 0.468150E+04
-.261600E+04 0.171930E+04 0.468150E+04
-.261600E+04 0.171930E+04 0.479850E+04
-.250150E+04 0.165330E+04 0.491550E+04
-.250150E+04 0.165330E+04 0.479850E+04
-.255790E+04 0.168580E+04 0.479850E+04
-.255790E+04 0.168580E+04 0.491550E+04
-.255790E+04 0.168580E+04 0.491550E+04
-.255790E+04 0.168580E+04 0.479850E+04
-.261600E+04 0.171930E+04 0.479850E+04
-.261600E+04 0.171930E+04 0.491550E+04
-.250150E+04 0.165330E+04 0.503250E+04
-.250150E+04 0.165330E+04 0.491550E+04
-.255790E+04 0.168580E+04 0.491550E+04
-.255790E+04 0.168580E+04 0.503250E+04
-.255790E+04 0.168580E+04 0.503250E+04
-.255790E+04 0.168580E+04 0.491550E+04
-.261600E+04 0.171930E+04 0.491550E+04
-.261600E+04 0.171930E+04 0.503250E+04
-.120750E+04 0.906200E+03 0.280800E+04
-.142210E+04 0.103000E+04 0.280800E+04
-.142210E+04 0.103000E+04 0.287400E+04
-.120750E+04 0.906200E+03 0.287400E+04
-.120750E+04 0.906200E+03 0.287400E+04
-.142210E+04 0.103000E+04 0.287400E+04
-.142210E+04 0.103000E+04 0.299050E+04
-.120750E+04 0.906200E+03 0.299050E+04
-.120750E+04 0.906200E+03 0.299050E+04
-.142210E+04 0.103000E+04 0.299050E+04
-.142210E+04 0.103000E+04 0.310750E+04
-.120750E+04 0.906200E+03 0.310750E+04
-.127070E+04 0.942700E+03 0.310750E+04
-.142210E+04 0.103000E+04 0.310750E+04
-.142210E+04 0.103000E+04 0.322450E+04
-.127070E+04 0.942700E+03 0.322450E+04
-.120750E+04 0.906200E+03 0.334150E+04
-.142210E+04 0.103000E+04 0.334150E+04
-.142210E+04 0.103000E+04 0.345850E+04
-.120750E+04 0.906200E+03 0.345850E+04
-.142210E+04 0.103000E+04 0.334150E+04
-.127070E+04 0.942700E+03 0.334150E+04
-.127070E+04 0.942700E+03 0.322450E+04
-.142210E+04 0.103000E+04 0.322450E+04
-.120750E+04 0.906200E+03 0.345850E+04
-.142210E+04 0.103000E+04 0.345850E+04
-.142210E+04 0.103000E+04 0.357550E+04
-.120750E+04 0.906200E+03 0.357550E+04
-.128870E+04 0.953000E+03 0.357550E+04
-.142210E+04 0.103000E+04 0.357550E+04
-.142210E+04 0.103000E+04 0.369250E+04
-.128870E+04 0.953000E+03 0.369250E+04
-.128870E+04 0.953000E+03 0.369250E+04
-.142210E+04 0.103000E+04 0.369250E+04
-.142210E+04 0.103000E+04 0.380950E+04
-.128870E+04 0.953000E+03 0.380950E+04
-.128870E+04 0.953000E+03 0.380950E+04
-.142210E+04 0.103000E+04 0.380950E+04
-.142210E+04 0.103000E+04 0.392650E+04
-.128870E+04 0.953000E+03 0.392650E+04
-.128870E+04 0.953000E+03 0.392650E+04
-.142210E+04 0.103000E+04 0.392650E+04
-.142210E+04 0.103000E+04 0.404350E+04
-.128870E+04 0.953000E+03 0.404350E+04
-.128870E+04 0.953000E+03 0.479850E+04
-.142210E+04 0.103000E+04 0.479850E+04
-.142210E+04 0.103000E+04 0.491550E+04
-.128870E+04 0.953000E+03 0.491550E+04
-.128870E+04 0.953000E+03 0.491550E+04
-.142210E+04 0.103000E+04 0.491550E+04
-.142210E+04 0.103000E+04 0.503250E+04
-.128870E+04 0.953000E+03 0.503250E+04
-.120750E+04 0.906200E+03 0.503250E+04
-.142210E+04 0.103000E+04 0.503250E+04
-.142210E+04 0.103000E+04 0.514950E+04
-.120750E+04 0.906200E+03 0.514950E+04
-.120750E+04 0.906200E+03 0.514950E+04
-.142210E+04 0.103000E+04 0.514950E+04
-.142210E+04 0.103000E+04 0.526650E+04
-.120750E+04 0.906200E+03 0.526650E+04
-.127070E+04 0.942700E+03 0.526650E+04
-.142210E+04 0.103000E+04 0.526650E+04
-.142210E+04 0.103000E+04 0.538350E+04
-.127070E+04 0.942700E+03 0.538350E+04
-.127070E+04 0.942700E+03 0.538350E+04
-.142210E+04 0.103000E+04 0.538350E+04
-.142210E+04 0.103000E+04 0.550050E+04
-.127070E+04 0.942700E+03 0.550050E+04
-.120750E+04 0.906200E+03 0.550050E+04
-.142210E+04 0.103000E+04 0.550050E+04
-.142210E+04 0.103000E+04 0.561750E+04
-.120750E+04 0.906200E+03 0.561750E+04
-.120750E+04 0.906200E+03 0.561750E+04
-.142210E+04 0.103000E+04 0.561750E+04
-.142210E+04 0.103000E+04 0.573400E+04
-.120750E+04 0.906200E+03 0.573400E+04
-.142210E+04 0.103000E+04 0.580000E+04
-.120750E+04 0.906200E+03 0.580000E+04
-.120750E+04 0.906200E+03 0.573400E+04
-.142210E+04 0.103000E+04 0.573400E+04
-.142210E+04 0.103000E+04 0.573400E+04
-.173520E+04 0.121080E+04 0.573400E+04
-.173520E+04 0.121080E+04 0.580000E+04
-.142210E+04 0.103000E+04 0.580000E+04
-.173520E+04 0.121080E+04 0.573400E+04
-.202310E+04 0.137710E+04 0.573400E+04
-.202310E+04 0.137710E+04 0.580000E+04
-.173520E+04 0.121080E+04 0.580000E+04
-.142210E+04 0.103000E+04 0.561750E+04
-.173520E+04 0.121080E+04 0.561750E+04
-.173520E+04 0.121080E+04 0.573400E+04
-.142210E+04 0.103000E+04 0.573400E+04
-.173520E+04 0.121080E+04 0.561750E+04
-.202310E+04 0.137710E+04 0.561750E+04
-.202310E+04 0.137710E+04 0.573400E+04
-.173520E+04 0.121080E+04 0.573400E+04
-.142210E+04 0.103000E+04 0.550050E+04
-.173520E+04 0.121080E+04 0.550050E+04
-.173520E+04 0.121080E+04 0.561750E+04
-.142210E+04 0.103000E+04 0.561750E+04
-.173520E+04 0.121080E+04 0.550050E+04
-.193290E+04 0.132490E+04 0.550050E+04
-.193290E+04 0.132490E+04 0.561750E+04
-.173520E+04 0.121080E+04 0.561750E+04
-.142210E+04 0.103000E+04 0.538350E+04
-.173520E+04 0.121080E+04 0.538350E+04
-.173520E+04 0.121080E+04 0.550050E+04
-.142210E+04 0.103000E+04 0.550050E+04
-.173520E+04 0.121080E+04 0.538350E+04
-.193290E+04 0.132490E+04 0.538350E+04
-.193290E+04 0.132490E+04 0.550050E+04
-.173520E+04 0.121080E+04 0.550050E+04
-.142210E+04 0.103000E+04 0.526650E+04
-.173520E+04 0.121080E+04 0.526650E+04
-.173520E+04 0.121080E+04 0.538350E+04
-.142210E+04 0.103000E+04 0.538350E+04
-.193290E+04 0.132490E+04 0.538350E+04
-.173520E+04 0.121080E+04 0.538350E+04
-.173520E+04 0.121080E+04 0.526650E+04
-.193290E+04 0.132490E+04 0.526650E+04
-.142210E+04 0.103000E+04 0.514950E+04
-.173520E+04 0.121080E+04 0.514950E+04
-.173520E+04 0.121080E+04 0.526650E+04
-.142210E+04 0.103000E+04 0.526650E+04
-.173520E+04 0.121080E+04 0.514950E+04
-.193290E+04 0.132490E+04 0.514950E+04
-.193290E+04 0.132490E+04 0.526650E+04
-.173520E+04 0.121080E+04 0.526650E+04
-.142210E+04 0.103000E+04 0.503250E+04
-.173520E+04 0.121080E+04 0.503250E+04
-.173520E+04 0.121080E+04 0.514950E+04
-.142210E+04 0.103000E+04 0.514950E+04
-.173520E+04 0.121080E+04 0.503250E+04
-.193290E+04 0.132490E+04 0.503250E+04
-.193290E+04 0.132490E+04 0.514950E+04
-.173520E+04 0.121080E+04 0.514950E+04
-.142210E+04 0.103000E+04 0.491550E+04
-.173520E+04 0.121080E+04 0.491550E+04
-.173520E+04 0.121080E+04 0.503250E+04
-.142210E+04 0.103000E+04 0.503250E+04
-.173520E+04 0.121080E+04 0.491550E+04
-.193290E+04 0.132490E+04 0.491550E+04
-.193290E+04 0.132490E+04 0.503250E+04
-.173520E+04 0.121080E+04 0.503250E+04
-.142210E+04 0.103000E+04 0.479850E+04
-.173520E+04 0.121080E+04 0.479850E+04
-.173520E+04 0.121080E+04 0.491550E+04
-.142210E+04 0.103000E+04 0.491550E+04
-.173520E+04 0.121080E+04 0.479850E+04
-.193290E+04 0.132490E+04 0.479850E+04
-.193290E+04 0.132490E+04 0.491550E+04
-.173520E+04 0.121080E+04 0.491550E+04
-.142210E+04 0.103000E+04 0.468150E+04
-.173520E+04 0.121080E+04 0.468150E+04
-.173520E+04 0.121080E+04 0.479850E+04
-.142210E+04 0.103000E+04 0.479850E+04
-.173520E+04 0.121080E+04 0.468150E+04
-.193290E+04 0.132490E+04 0.468150E+04
-.193290E+04 0.132490E+04 0.479850E+04
-.173520E+04 0.121080E+04 0.479850E+04
-.142210E+04 0.103000E+04 0.456450E+04
-.173520E+04 0.121080E+04 0.456450E+04
-.173520E+04 0.121080E+04 0.468150E+04
-.142210E+04 0.103000E+04 0.468150E+04
-.173520E+04 0.121080E+04 0.456450E+04
-.193290E+04 0.132490E+04 0.456450E+04
-.193290E+04 0.132490E+04 0.468150E+04
-.173520E+04 0.121080E+04 0.468150E+04
-.142210E+04 0.103000E+04 0.444750E+04
-.173520E+04 0.121080E+04 0.444750E+04
-.173520E+04 0.121080E+04 0.456450E+04
-.142210E+04 0.103000E+04 0.456450E+04
-.173520E+04 0.121080E+04 0.444750E+04
-.193290E+04 0.132490E+04 0.444750E+04
-.193290E+04 0.132490E+04 0.456450E+04
-.173520E+04 0.121080E+04 0.456450E+04
-.142210E+04 0.103000E+04 0.430400E+04
-.173520E+04 0.121080E+04 0.430400E+04
-.173520E+04 0.121080E+04 0.444750E+04
-.142210E+04 0.103000E+04 0.444750E+04
-.173520E+04 0.121080E+04 0.430400E+04
-.201150E+04 0.137030E+04 0.430400E+04
-.201150E+04 0.137030E+04 0.444750E+04
-.173520E+04 0.121080E+04 0.444750E+04
-.173520E+04 0.121080E+04 0.430400E+04
-.142210E+04 0.103000E+04 0.430400E+04
-.142210E+04 0.103000E+04 0.416050E+04
-.173520E+04 0.121080E+04 0.416050E+04
-.173520E+04 0.121080E+04 0.416050E+04
-.201150E+04 0.137030E+04 0.416050E+04
-.201150E+04 0.137030E+04 0.430400E+04
-.173520E+04 0.121080E+04 0.430400E+04
-.142210E+04 0.103000E+04 0.404350E+04
-.173520E+04 0.121080E+04 0.404350E+04
-.173520E+04 0.121080E+04 0.416050E+04
-.142210E+04 0.103000E+04 0.416050E+04
-.173520E+04 0.121080E+04 0.404350E+04
-.193280E+04 0.132490E+04 0.404350E+04
-.193280E+04 0.132490E+04 0.416050E+04
-.173520E+04 0.121080E+04 0.416050E+04
-.142210E+04 0.103000E+04 0.380950E+04
-.173520E+04 0.121080E+04 0.380950E+04
-.173520E+04 0.121080E+04 0.392650E+04
-.142210E+04 0.103000E+04 0.392650E+04
-.173520E+04 0.121080E+04 0.380950E+04
-.193280E+04 0.132490E+04 0.380950E+04
-.193280E+04 0.132490E+04 0.392650E+04
-.173520E+04 0.121080E+04 0.392650E+04
-.142210E+04 0.103000E+04 0.392650E+04
-.173520E+04 0.121080E+04 0.392650E+04
-.173520E+04 0.121080E+04 0.404350E+04
-.142210E+04 0.103000E+04 0.404350E+04
-.173520E+04 0.121080E+04 0.392650E+04
-.193280E+04 0.132490E+04 0.392650E+04
-.193280E+04 0.132490E+04 0.404350E+04
-.173520E+04 0.121080E+04 0.404350E+04
-.142210E+04 0.103000E+04 0.369250E+04
-.173520E+04 0.121080E+04 0.369250E+04
-.173520E+04 0.121080E+04 0.380950E+04
-.142210E+04 0.103000E+04 0.380950E+04
-.173520E+04 0.121080E+04 0.369250E+04
-.193280E+04 0.132490E+04 0.369250E+04
-.193280E+04 0.132490E+04 0.380950E+04
-.173520E+04 0.121080E+04 0.380950E+04
-.142210E+04 0.103000E+04 0.357550E+04
-.173520E+04 0.121080E+04 0.357550E+04
-.173520E+04 0.121080E+04 0.369250E+04
-.142210E+04 0.103000E+04 0.369250E+04
-.173520E+04 0.121080E+04 0.357550E+04
-.193280E+04 0.132490E+04 0.357550E+04
-.193280E+04 0.132490E+04 0.369250E+04
-.173520E+04 0.121080E+04 0.369250E+04
-.142210E+04 0.103000E+04 0.345850E+04
-.173520E+04 0.121080E+04 0.345850E+04
-.173520E+04 0.121080E+04 0.357550E+04
-.142210E+04 0.103000E+04 0.357550E+04
-.173520E+04 0.121080E+04 0.345850E+04
-.193280E+04 0.132490E+04 0.345850E+04
-.193280E+04 0.132490E+04 0.357550E+04
-.173520E+04 0.121080E+04 0.357550E+04
-.142210E+04 0.103000E+04 0.334150E+04
-.173520E+04 0.121080E+04 0.334150E+04
-.173520E+04 0.121080E+04 0.345850E+04
-.142210E+04 0.103000E+04 0.345850E+04
-.173520E+04 0.121080E+04 0.334150E+04
-.193280E+04 0.132490E+04 0.334150E+04
-.193280E+04 0.132490E+04 0.345850E+04
-.173520E+04 0.121080E+04 0.345850E+04
-.142210E+04 0.103000E+04 0.322450E+04
-.173520E+04 0.121080E+04 0.322450E+04
-.173520E+04 0.121080E+04 0.334150E+04
-.142210E+04 0.103000E+04 0.334150E+04
-.173520E+04 0.121080E+04 0.322450E+04
-.193280E+04 0.132490E+04 0.322450E+04
-.193280E+04 0.132490E+04 0.334150E+04
-.173520E+04 0.121080E+04 0.334150E+04
-.142210E+04 0.103000E+04 0.310750E+04
-.173520E+04 0.121080E+04 0.310750E+04
-.173520E+04 0.121080E+04 0.322450E+04
-.142210E+04 0.103000E+04 0.322450E+04
-.173520E+04 0.121080E+04 0.310750E+04
-.193280E+04 0.132490E+04 0.310750E+04
-.193280E+04 0.132490E+04 0.322450E+04
-.173520E+04 0.121080E+04 0.322450E+04
-.142210E+04 0.103000E+04 0.299050E+04
-.173520E+04 0.121080E+04 0.299050E+04
-.173520E+04 0.121080E+04 0.310750E+04
-.142210E+04 0.103000E+04 0.310750E+04
-.173520E+04 0.121080E+04 0.299050E+04
-.193280E+04 0.132490E+04 0.299050E+04
-.193280E+04 0.132490E+04 0.310750E+04
-.173520E+04 0.121080E+04 0.310750E+04
-.142210E+04 0.103000E+04 0.287400E+04
-.173520E+04 0.121080E+04 0.287400E+04
-.173520E+04 0.121080E+04 0.299050E+04
-.142210E+04 0.103000E+04 0.299050E+04
-.173520E+04 0.121080E+04 0.287400E+04
-.202310E+04 0.137710E+04 0.287400E+04
-.202310E+04 0.137710E+04 0.299050E+04
-.173520E+04 0.121080E+04 0.299050E+04
-.142210E+04 0.103000E+04 0.280800E+04
-.173520E+04 0.121080E+04 0.280800E+04
-.173520E+04 0.121080E+04 0.287400E+04
-.142210E+04 0.103000E+04 0.287400E+04
-.173520E+04 0.121080E+04 0.280800E+04
-.202310E+04 0.137710E+04 0.280800E+04
-.202310E+04 0.137710E+04 0.287400E+04
-.173520E+04 0.121080E+04 0.287400E+04
-.122710E+04 0.917500E+03 0.404350E+04
-.122710E+04 0.917500E+03 0.392650E+04
-.128870E+04 0.953000E+03 0.392650E+04
-.128870E+04 0.953000E+03 0.404350E+04
-.131620E+04 0.968900E+03 0.444750E+04
-.142210E+04 0.103000E+04 0.444750E+04
-.142210E+04 0.103000E+04 0.456450E+04
-.131620E+04 0.968900E+03 0.456450E+04
-.131620E+04 0.968900E+03 0.404350E+04
-.142210E+04 0.103000E+04 0.404350E+04
-.142210E+04 0.103000E+04 0.416050E+04
-.131620E+04 0.968900E+03 0.416050E+04
-.120710E+04 0.906000E+03 0.404350E+04
-.131620E+04 0.968900E+03 0.404350E+04
-.131620E+04 0.968900E+03 0.416050E+04
-.120710E+04 0.906000E+03 0.416050E+04
-.137150E+04 0.100080E+04 0.468150E+04
-.137150E+04 0.100080E+04 0.456450E+04
-.142210E+04 0.103000E+04 0.456450E+04
-.142210E+04 0.103000E+04 0.468150E+04
-.128870E+04 0.953000E+03 0.479850E+04
-.128870E+04 0.953000E+03 0.468150E+04
-.137150E+04 0.100080E+04 0.468150E+04
-.137150E+04 0.100080E+04 0.479850E+04
-.137150E+04 0.100080E+04 0.479850E+04
-.137150E+04 0.100080E+04 0.468150E+04
-.142210E+04 0.103000E+04 0.468150E+04
-.142210E+04 0.103000E+04 0.479850E+04
-.205130E+04 0.139330E+04 0.561750E+04
-.205130E+04 0.139330E+04 0.550050E+04
-.211340E+04 0.142910E+04 0.550050E+04
-.211340E+04 0.142910E+04 0.561750E+04
-.205130E+04 0.139330E+04 0.550050E+04
-.205130E+04 0.139330E+04 0.538350E+04
-.211340E+04 0.142910E+04 0.538350E+04
-.211340E+04 0.142910E+04 0.550050E+04
-.193290E+04 0.132490E+04 0.561750E+04
-.193290E+04 0.132490E+04 0.550050E+04
-.199070E+04 0.135830E+04 0.550050E+04
-.199070E+04 0.135830E+04 0.561750E+04
-.193290E+04 0.132490E+04 0.550050E+04
-.193290E+04 0.132490E+04 0.538350E+04
-.199070E+04 0.135830E+04 0.538350E+04
-.199070E+04 0.135830E+04 0.550050E+04
-.205130E+04 0.139330E+04 0.491550E+04
-.205130E+04 0.139330E+04 0.479850E+04
-.211340E+04 0.142910E+04 0.479850E+04
-.211340E+04 0.142910E+04 0.491550E+04
-.205130E+04 0.139330E+04 0.479850E+04
-.205130E+04 0.139330E+04 0.468150E+04
-.211340E+04 0.142910E+04 0.468150E+04
-.211340E+04 0.142910E+04 0.479850E+04
-.193290E+04 0.132490E+04 0.491550E+04
-.193290E+04 0.132490E+04 0.479850E+04
-.199070E+04 0.135830E+04 0.479850E+04
-.199070E+04 0.135830E+04 0.491550E+04
-.193290E+04 0.132490E+04 0.479850E+04
-.193290E+04 0.132490E+04 0.468150E+04
-.199070E+04 0.135830E+04 0.468150E+04
-.199070E+04 0.135830E+04 0.479850E+04
-.205130E+04 0.139330E+04 0.392650E+04
-.205130E+04 0.139330E+04 0.380950E+04
-.211340E+04 0.142910E+04 0.380950E+04
-.211340E+04 0.142910E+04 0.392650E+04
-.205130E+04 0.139330E+04 0.380950E+04
-.205130E+04 0.139330E+04 0.369250E+04
-.211340E+04 0.142910E+04 0.369250E+04
-.211340E+04 0.142910E+04 0.380950E+04
-.193280E+04 0.132490E+04 0.392650E+04
-.193280E+04 0.132490E+04 0.380950E+04
-.199070E+04 0.135830E+04 0.380950E+04
-.199070E+04 0.135830E+04 0.392650E+04
-.193280E+04 0.132490E+04 0.380950E+04
-.193280E+04 0.132490E+04 0.369250E+04
-.199070E+04 0.135830E+04 0.369250E+04
-.199070E+04 0.135830E+04 0.380950E+04
-.205130E+04 0.139330E+04 0.322450E+04
-.205130E+04 0.139330E+04 0.310750E+04
-.211340E+04 0.142910E+04 0.310750E+04
-.211340E+04 0.142910E+04 0.322450E+04
-.193280E+04 0.132490E+04 0.322450E+04
-.193280E+04 0.132490E+04 0.310750E+04
-.199070E+04 0.135830E+04 0.310750E+04
-.199070E+04 0.135830E+04 0.322450E+04
-.193280E+04 0.132490E+04 0.310750E+04
-.193280E+04 0.132490E+04 0.299050E+04
-.199070E+04 0.135830E+04 0.299050E+04
-.199070E+04 0.135830E+04 0.310750E+04
-.125280E+04 0.932300E+03 0.479850E+04
-.125280E+04 0.932300E+03 0.468150E+04
-.128870E+04 0.953000E+03 0.468150E+04
-.128870E+04 0.953000E+03 0.479850E+04
-.125280E+04 0.932300E+03 0.491550E+04
-.125280E+04 0.932300E+03 0.479850E+04
-.128870E+04 0.953000E+03 0.479850E+04
-.128870E+04 0.953000E+03 0.491550E+04
-.125280E+04 0.932300E+03 0.468150E+04
-.125280E+04 0.932300E+03 0.456450E+04
-.128870E+04 0.953000E+03 0.456450E+04
-.128870E+04 0.953000E+03 0.468150E+04
-.128870E+04 0.953000E+03 0.468150E+04
-.128870E+04 0.953000E+03 0.456450E+04
-.137150E+04 0.100080E+04 0.456450E+04
-.137150E+04 0.100080E+04 0.468150E+04
-.120710E+04 0.906000E+03 0.444750E+04
-.131620E+04 0.968900E+03 0.444750E+04
-.131620E+04 0.968900E+03 0.456450E+04
-.120710E+04 0.906000E+03 0.456450E+04
0.211340E+04 0.142920E+04 0.299050E+04
0.283440E+04 0.184540E+04 0.299050E+04
0.283440E+04 0.184540E+04 0.310750E+04
0.211340E+04 0.142920E+04 0.310750E+04
0.211340E+04 0.142920E+04 0.310750E+04
0.277120E+04 0.180890E+04 0.310750E+04
0.277120E+04 0.180890E+04 0.322450E+04
0.211340E+04 0.142920E+04 0.322450E+04
0.211340E+04 0.142920E+04 0.322450E+04
0.277120E+04 0.180890E+04 0.322450E+04
0.277120E+04 0.180890E+04 0.334150E+04
0.211340E+04 0.142920E+04 0.334150E+04
0.211340E+04 0.142920E+04 0.334150E+04
0.283440E+04 0.184540E+04 0.334150E+04
0.283440E+04 0.184540E+04 0.345850E+04
0.211340E+04 0.142920E+04 0.345850E+04
0.211340E+04 0.142920E+04 0.345850E+04
0.283440E+04 0.184540E+04 0.345850E+04
0.283440E+04 0.184540E+04 0.357550E+04
0.211340E+04 0.142920E+04 0.357550E+04
0.211340E+04 0.142920E+04 0.357550E+04
0.250150E+04 0.165330E+04 0.357550E+04
0.250150E+04 0.165330E+04 0.369250E+04
0.211340E+04 0.142920E+04 0.369250E+04
0.211340E+04 0.142920E+04 0.369250E+04
0.250150E+04 0.165330E+04 0.369250E+04
0.250150E+04 0.165330E+04 0.380950E+04
0.211340E+04 0.142920E+04 0.380950E+04
0.211340E+04 0.142920E+04 0.380950E+04
0.250150E+04 0.165330E+04 0.380950E+04
0.250150E+04 0.165330E+04 0.392650E+04
0.211340E+04 0.142920E+04 0.392650E+04
0.211340E+04 0.142920E+04 0.392650E+04
0.250150E+04 0.165330E+04 0.392650E+04
0.250150E+04 0.165330E+04 0.404350E+04
0.211340E+04 0.142920E+04 0.404350E+04
0.211340E+04 0.142920E+04 0.404350E+04
0.250150E+04 0.165330E+04 0.404350E+04
0.250150E+04 0.165330E+04 0.416050E+04
0.211340E+04 0.142920E+04 0.416050E+04
0.201150E+04 0.137030E+04 0.416050E+04
0.250150E+04 0.165330E+04 0.416050E+04
0.250150E+04 0.165330E+04 0.430400E+04
0.201150E+04 0.137030E+04 0.430400E+04
0.201150E+04 0.137030E+04 0.430400E+04
0.250150E+04 0.165330E+04 0.430400E+04
0.250150E+04 0.165330E+04 0.444750E+04
0.201150E+04 0.137030E+04 0.444750E+04
0.211340E+04 0.142920E+04 0.444750E+04
0.250150E+04 0.165330E+04 0.444750E+04
0.250150E+04 0.165330E+04 0.456450E+04
0.211340E+04 0.142920E+04 0.456450E+04
0.211340E+04 0.142920E+04 0.456450E+04
0.250150E+04 0.165330E+04 0.456450E+04
0.250150E+04 0.165330E+04 0.468150E+04
0.211340E+04 0.142920E+04 0.468150E+04
0.211340E+04 0.142920E+04 0.468150E+04
0.250150E+04 0.165330E+04 0.468150E+04
0.250150E+04 0.165330E+04 0.479850E+04
0.211340E+04 0.142920E+04 0.479850E+04
0.211340E+04 0.142920E+04 0.479850E+04
0.250150E+04 0.165330E+04 0.479850E+04
0.250150E+04 0.165330E+04 0.491550E+04
0.211340E+04 0.142920E+04 0.491550E+04
0.211340E+04 0.142920E+04 0.491550E+04
0.250150E+04 0.165330E+04 0.491550E+04
0.250150E+04 0.165330E+04 0.503250E+04
0.211340E+04 0.142920E+04 0.503250E+04
0.211340E+04 0.142920E+04 0.503250E+04
0.283440E+04 0.184540E+04 0.503250E+04
0.283440E+04 0.184540E+04 0.514950E+04
0.211340E+04 0.142920E+04 0.514950E+04
0.211340E+04 0.142920E+04 0.514950E+04
0.283440E+04 0.184540E+04 0.514950E+04
0.283440E+04 0.184540E+04 0.526650E+04
0.211340E+04 0.142920E+04 0.526650E+04
0.211340E+04 0.142920E+04 0.526650E+04
0.277120E+04 0.180890E+04 0.526650E+04
0.277120E+04 0.180890E+04 0.538350E+04
0.211340E+04 0.142920E+04 0.538350E+04
0.211340E+04 0.142920E+04 0.538350E+04
0.277120E+04 0.180890E+04 0.538350E+04
0.277120E+04 0.180890E+04 0.550050E+04
0.211340E+04 0.142920E+04 0.550050E+04
0.211340E+04 0.142920E+04 0.550050E+04
0.283440E+04 0.184540E+04 0.550050E+04
0.283440E+04 0.184540E+04 0.561750E+04
0.211340E+04 0.142920E+04 0.561750E+04
0.261600E+04 0.171930E+04 0.357550E+04
0.291950E+04 0.189450E+04 0.357550E+04
0.291950E+04 0.189450E+04 0.362300E+04
0.261600E+04 0.171930E+04 0.362300E+04
0.261600E+04 0.171930E+04 0.498500E+04
0.291950E+04 0.189450E+04 0.498500E+04
0.291950E+04 0.189450E+04 0.503250E+04
0.261600E+04 0.171930E+04 0.503250E+04
0.128870E+04 0.953000E+03 0.380950E+04
0.128870E+04 0.953000E+03 0.392650E+04
0.125280E+04 0.932200E+03 0.392650E+04
0.125280E+04 0.932200E+03 0.380950E+04
0.128870E+04 0.953000E+03 0.491550E+04
0.128870E+04 0.953000E+03 0.503250E+04
0.122710E+04 0.917400E+03 0.503250E+04
0.122710E+04 0.917400E+03 0.491550E+04
0.202320E+04 0.137700E+04 0.322450E+04
0.202320E+04 0.137700E+04 0.334150E+04
0.193290E+04 0.132490E+04 0.334150E+04
0.193290E+04 0.132490E+04 0.322450E+04
0.211340E+04 0.142920E+04 0.322450E+04
0.211340E+04 0.142920E+04 0.334150E+04
0.202320E+04 0.137700E+04 0.334150E+04
0.202320E+04 0.137700E+04 0.322450E+04
0.202320E+04 0.137700E+04 0.334150E+04
0.202320E+04 0.137700E+04 0.345850E+04
0.193290E+04 0.132490E+04 0.345850E+04
0.193290E+04 0.132490E+04 0.334150E+04
0.211340E+04 0.142920E+04 0.334150E+04
0.211340E+04 0.142920E+04 0.345850E+04
0.202320E+04 0.137700E+04 0.345850E+04
0.202320E+04 0.137700E+04 0.334150E+04
0.202320E+04 0.137700E+04 0.345850E+04
0.202320E+04 0.137700E+04 0.357550E+04
0.193290E+04 0.132490E+04 0.357550E+04
0.193290E+04 0.132490E+04 0.345850E+04
0.211340E+04 0.142920E+04 0.345850E+04
0.211340E+04 0.142920E+04 0.357550E+04
0.202320E+04 0.137700E+04 0.357550E+04
0.202320E+04 0.137700E+04 0.345850E+04
0.202320E+04 0.137700E+04 0.357550E+04
0.202320E+04 0.137700E+04 0.369250E+04
0.193290E+04 0.132490E+04 0.369250E+04
0.193290E+04 0.132490E+04 0.357550E+04
0.211340E+04 0.142920E+04 0.357550E+04
0.211340E+04 0.142920E+04 0.369250E+04
0.202320E+04 0.137700E+04 0.369250E+04
0.202320E+04 0.137700E+04 0.357550E+04
0.202320E+04 0.137700E+04 0.392650E+04
0.202320E+04 0.137700E+04 0.404350E+04
0.193290E+04 0.132490E+04 0.404350E+04
0.193290E+04 0.132490E+04 0.392650E+04
0.211340E+04 0.142920E+04 0.392650E+04
0.211340E+04 0.142920E+04 0.404350E+04
0.202320E+04 0.137700E+04 0.404350E+04
0.202320E+04 0.137700E+04 0.392650E+04
0.202320E+04 0.137700E+04 0.404350E+04
0.202320E+04 0.137700E+04 0.416050E+04
0.193290E+04 0.132490E+04 0.416050E+04
0.193290E+04 0.132490E+04 0.404350E+04
0.211340E+04 0.142920E+04 0.404350E+04
0.211340E+04 0.142920E+04 0.416050E+04
0.202320E+04 0.137700E+04 0.416050E+04
0.202320E+04 0.137700E+04 0.404350E+04
0.202320E+04 0.137700E+04 0.444750E+04
0.202320E+04 0.137700E+04 0.456450E+04
0.193280E+04 0.132490E+04 0.456450E+04
0.193280E+04 0.132490E+04 0.444750E+04
0.211340E+04 0.142920E+04 0.444750E+04
0.211340E+04 0.142920E+04 0.456450E+04
0.202320E+04 0.137700E+04 0.456450E+04
0.202320E+04 0.137700E+04 0.444750E+04
0.202320E+04 0.137700E+04 0.456450E+04
0.202320E+04 0.137700E+04 0.468150E+04
0.193280E+04 0.132490E+04 0.468150E+04
0.193280E+04 0.132490E+04 0.456450E+04
0.211340E+04 0.142920E+04 0.456450E+04
0.211340E+04 0.142920E+04 0.468150E+04
0.202320E+04 0.137700E+04 0.468150E+04
0.202320E+04 0.137700E+04 0.456450E+04
0.202320E+04 0.137700E+04 0.491550E+04
0.202320E+04 0.137700E+04 0.503250E+04
0.193280E+04 0.132490E+04 0.503250E+04
0.193280E+04 0.132490E+04 0.491550E+04
0.211340E+04 0.142920E+04 0.491550E+04
0.211340E+04 0.142920E+04 0.503250E+04
0.202320E+04 0.137700E+04 0.503250E+04
0.202320E+04 0.137700E+04 0.491550E+04
0.202320E+04 0.137700E+04 0.503250E+04
0.202320E+04 0.137700E+04 0.514950E+04
0.193280E+04 0.132490E+04 0.514950E+04
0.193280E+04 0.132490E+04 0.503250E+04
0.211340E+04 0.142920E+04 0.503250E+04
0.211340E+04 0.142920E+04 0.514950E+04
0.202320E+04 0.137700E+04 0.514950E+04
0.202320E+04 0.137700E+04 0.503250E+04
0.202320E+04 0.137700E+04 0.514950E+04
0.202320E+04 0.137700E+04 0.526650E+04
0.193280E+04 0.132490E+04 0.526650E+04
0.193280E+04 0.132490E+04 0.514950E+04
0.211340E+04 0.142920E+04 0.514950E+04
0.211340E+04 0.142920E+04 0.526650E+04
0.202320E+04 0.137700E+04 0.526650E+04
0.202320E+04 0.137700E+04 0.514950E+04
0.202320E+04 0.137700E+04 0.526650E+04
0.202320E+04 0.137700E+04 0.538350E+04
0.193280E+04 0.132490E+04 0.538350E+04
0.193280E+04 0.132490E+04 0.526650E+04
0.211340E+04 0.142920E+04 0.526650E+04
0.211340E+04 0.142920E+04 0.538350E+04
0.202320E+04 0.137700E+04 0.538350E+04
0.202320E+04 0.137700E+04 0.526650E+04
0.128870E+04 0.953000E+03 0.357550E+04
0.128870E+04 0.953000E+03 0.369250E+04
0.125280E+04 0.932200E+03 0.369250E+04
0.125280E+04 0.932200E+03 0.357550E+04
0.128870E+04 0.953000E+03 0.369250E+04
0.128870E+04 0.953000E+03 0.380950E+04
0.125280E+04 0.932200E+03 0.380950E+04
0.125280E+04 0.932200E+03 0.369250E+04
0.127080E+04 0.942600E+03 0.310750E+04
0.127080E+04 0.942600E+03 0.322450E+04
0.120750E+04 0.906200E+03 0.322450E+04
0.120750E+04 0.906200E+03 0.310750E+04
0.127080E+04 0.942600E+03 0.322450E+04
0.127080E+04 0.942600E+03 0.334150E+04
0.120750E+04 0.906200E+03 0.334150E+04
0.120750E+04 0.906200E+03 0.322450E+04
0.127080E+04 0.942600E+03 0.526650E+04
0.127080E+04 0.942600E+03 0.538350E+04
0.120750E+04 0.906200E+03 0.538350E+04
0.120750E+04 0.906200E+03 0.526650E+04
0.127080E+04 0.942600E+03 0.538350E+04
0.127080E+04 0.942600E+03 0.550050E+04
0.120750E+04 0.906200E+03 0.550050E+04
0.120750E+04 0.906200E+03 0.538350E+04
0.283440E+04 0.184540E+04 0.322450E+04
0.283440E+04 0.184540E+04 0.334150E+04
0.277120E+04 0.180890E+04 0.334150E+04
0.277120E+04 0.180890E+04 0.322450E+04
0.283440E+04 0.184540E+04 0.310750E+04
0.283440E+04 0.184540E+04 0.322450E+04
0.277120E+04 0.180890E+04 0.322450E+04
0.277120E+04 0.180890E+04 0.310750E+04
0.283440E+04 0.184540E+04 0.526650E+04
0.283440E+04 0.184540E+04 0.538350E+04
0.277120E+04 0.180890E+04 0.538350E+04
0.277120E+04 0.180890E+04 0.526650E+04
0.283440E+04 0.184540E+04 0.538350E+04
0.283440E+04 0.184540E+04 0.550050E+04
0.277120E+04 0.180890E+04 0.550050E+04
0.277120E+04 0.180890E+04 0.538350E+04
0.283440E+04 0.184540E+04 0.280800E+04
0.291950E+04 0.189450E+04 0.280800E+04
0.291950E+04 0.189450E+04 0.287400E+04
0.283440E+04 0.184540E+04 0.287400E+04
0.202320E+04 0.137700E+04 0.280800E+04
0.283440E+04 0.184540E+04 0.280800E+04
0.283440E+04 0.184540E+04 0.287400E+04
0.202320E+04 0.137700E+04 0.287400E+04
0.202320E+04 0.137700E+04 0.287400E+04
0.283440E+04 0.184540E+04 0.287400E+04
0.283440E+04 0.184540E+04 0.299050E+04
0.202320E+04 0.137700E+04 0.299050E+04
0.112250E+04 0.857000E+03 0.280800E+04
0.120750E+04 0.906200E+03 0.280800E+04
0.120750E+04 0.906200E+03 0.287400E+04
0.112250E+04 0.857000E+03 0.287400E+04
0.283440E+04 0.184540E+04 0.573400E+04
0.291950E+04 0.189450E+04 0.573400E+04
0.291950E+04 0.189450E+04 0.580000E+04
0.283440E+04 0.184540E+04 0.580000E+04
0.202320E+04 0.137700E+04 0.561750E+04
0.283440E+04 0.184540E+04 0.561750E+04
0.283440E+04 0.184540E+04 0.573400E+04
0.202320E+04 0.137700E+04 0.573400E+04
0.202320E+04 0.137700E+04 0.573400E+04
0.283440E+04 0.184540E+04 0.573400E+04
0.283440E+04 0.184540E+04 0.580000E+04
0.202320E+04 0.137700E+04 0.580000E+04
0.112250E+04 0.857000E+03 0.573400E+04
0.120750E+04 0.906200E+03 0.573400E+04
0.120750E+04 0.906200E+03 0.580000E+04
0.112250E+04 0.857000E+03 0.580000E+04
0.116800E+04 0.883300E+03 0.287400E+04
0.116800E+04 0.883300E+03 0.299050E+04
0.112250E+04 0.857000E+03 0.299050E+04
0.112250E+04 0.857000E+03 0.287400E+04
0.120750E+04 0.906200E+03 0.287400E+04
0.120750E+04 0.906200E+03 0.299050E+04
0.116800E+04 0.883300E+03 0.299050E+04
0.116800E+04 0.883300E+03 0.287400E+04
0.116800E+04 0.883300E+03 0.299050E+04
0.116800E+04 0.883300E+03 0.310750E+04
0.112250E+04 0.857000E+03 0.310750E+04
0.112250E+04 0.857000E+03 0.299050E+04
0.120750E+04 0.906200E+03 0.299050E+04
0.120750E+04 0.906200E+03 0.310750E+04
0.116800E+04 0.883300E+03 0.310750E+04
0.116800E+04 0.883300E+03 0.299050E+04
0.116800E+04 0.883300E+03 0.334150E+04
0.116800E+04 0.883300E+03 0.345850E+04
0.112250E+04 0.857000E+03 0.345850E+04
0.112250E+04 0.857000E+03 0.334150E+04
0.120750E+04 0.906200E+03 0.334150E+04
0.120750E+04 0.906200E+03 0.345850E+04
0.116800E+04 0.883300E+03 0.345850E+04
0.116800E+04 0.883300E+03 0.334150E+04
0.116800E+04 0.883300E+03 0.345850E+04
0.116800E+04 0.883300E+03 0.357550E+04
0.112250E+04 0.857000E+03 0.357550E+04
0.112250E+04 0.857000E+03 0.345850E+04
0.120750E+04 0.906200E+03 0.345850E+04
0.120750E+04 0.906200E+03 0.357550E+04
0.116800E+04 0.883300E+03 0.357550E+04
0.116800E+04 0.883300E+03 0.345850E+04
0.112250E+04 0.857000E+03 0.357550E+04
0.125280E+04 0.932200E+03 0.357550E+04
0.125280E+04 0.932200E+03 0.363350E+04
0.112250E+04 0.857000E+03 0.363350E+04
0.116800E+04 0.883300E+03 0.561750E+04
0.116800E+04 0.883300E+03 0.573400E+04
0.112250E+04 0.857000E+03 0.573400E+04
0.112250E+04 0.857000E+03 0.561750E+04
0.120750E+04 0.906200E+03 0.561750E+04
0.120750E+04 0.906200E+03 0.573400E+04
0.116800E+04 0.883300E+03 0.573400E+04
0.116800E+04 0.883300E+03 0.561750E+04
0.116800E+04 0.883300E+03 0.550050E+04
0.116800E+04 0.883300E+03 0.561750E+04
0.112250E+04 0.857000E+03 0.561750E+04
0.112250E+04 0.857000E+03 0.550050E+04
0.120750E+04 0.906200E+03 0.550050E+04
0.120750E+04 0.906200E+03 0.561750E+04
0.116800E+04 0.883300E+03 0.561750E+04
0.116800E+04 0.883300E+03 0.550050E+04
0.116800E+04 0.883300E+03 0.514950E+04
0.116800E+04 0.883300E+03 0.526650E+04
0.112250E+04 0.857000E+03 0.526650E+04
0.112250E+04 0.857000E+03 0.514950E+04
0.120750E+04 0.906200E+03 0.514950E+04
0.120750E+04 0.906200E+03 0.526650E+04
0.116800E+04 0.883300E+03 0.526650E+04
0.116800E+04 0.883300E+03 0.514950E+04
0.116800E+04 0.883300E+03 0.503250E+04
0.116800E+04 0.883300E+03 0.514950E+04
0.112250E+04 0.857000E+03 0.514950E+04
0.112250E+04 0.857000E+03 0.503250E+04
0.120750E+04 0.906200E+03 0.503250E+04
0.120750E+04 0.906200E+03 0.514950E+04
0.116800E+04 0.883300E+03 0.514950E+04
0.116800E+04 0.883300E+03 0.503250E+04
0.112250E+04 0.857000E+03 0.497450E+04
0.122710E+04 0.917400E+03 0.497450E+04
0.122710E+04 0.917400E+03 0.503250E+04
0.112250E+04 0.857000E+03 0.503250E+04
0.287400E+04 0.186830E+04 0.561750E+04
0.287400E+04 0.186830E+04 0.573400E+04
0.283440E+04 0.184540E+04 0.573400E+04
0.283440E+04 0.184540E+04 0.561750E+04
0.291950E+04 0.189450E+04 0.561750E+04
0.291950E+04 0.189450E+04 0.573400E+04
0.287400E+04 0.186830E+04 0.573400E+04
0.287400E+04 0.186830E+04 0.561750E+04
0.287400E+04 0.186830E+04 0.550050E+04
0.287400E+04 0.186830E+04 0.561750E+04
0.283440E+04 0.184540E+04 0.561750E+04
0.283440E+04 0.184540E+04 0.550050E+04
0.291950E+04 0.189450E+04 0.550050E+04
0.291950E+04 0.189450E+04 0.561750E+04
0.287400E+04 0.186830E+04 0.561750E+04
0.287400E+04 0.186830E+04 0.550050E+04
0.287400E+04 0.186830E+04 0.514950E+04
0.287400E+04 0.186830E+04 0.526650E+04
0.283440E+04 0.184540E+04 0.526650E+04
0.283440E+04 0.184540E+04 0.514950E+04
0.291950E+04 0.189450E+04 0.514950E+04
0.291950E+04 0.189450E+04 0.526650E+04
0.287400E+04 0.186830E+04 0.526650E+04
0.287400E+04 0.186830E+04 0.514950E+04
0.287400E+04 0.186830E+04 0.503250E+04
0.287400E+04 0.186830E+04 0.514950E+04
0.283440E+04 0.184540E+04 0.514950E+04
0.283440E+04 0.184540E+04 0.503250E+04
0.291950E+04 0.189450E+04 0.503250E+04
0.291950E+04 0.189450E+04 0.514950E+04
0.287400E+04 0.186830E+04 0.514950E+04
0.287400E+04 0.186830E+04 0.503250E+04
0.287400E+04 0.186830E+04 0.345850E+04
0.287400E+04 0.186830E+04 0.357550E+04
0.283440E+04 0.184540E+04 0.357550E+04
0.283440E+04 0.184540E+04 0.345850E+04
0.291950E+04 0.189450E+04 0.345850E+04
0.291950E+04 0.189450E+04 0.357550E+04
0.287400E+04 0.186830E+04 0.357550E+04
0.287400E+04 0.186830E+04 0.345850E+04
0.287400E+04 0.186830E+04 0.334150E+04
0.287400E+04 0.186830E+04 0.345850E+04
0.283440E+04 0.184540E+04 0.345850E+04
0.283440E+04 0.184540E+04 0.334150E+04
0.291950E+04 0.189450E+04 0.334150E+04
0.291950E+04 0.189450E+04 0.345850E+04
0.287400E+04 0.186830E+04 0.345850E+04
0.287400E+04 0.186830E+04 0.334150E+04
0.287400E+04 0.186830E+04 0.299050E+04
0.287400E+04 0.186830E+04 0.310750E+04
0.283440E+04 0.184540E+04 0.310750E+04
0.283440E+04 0.184540E+04 0.299050E+04
0.291950E+04 0.189450E+04 0.299050E+04
0.291950E+04 0.189450E+04 0.310750E+04
0.287400E+04 0.186830E+04 0.310750E+04
0.287400E+04 0.186830E+04 0.299050E+04
0.287400E+04 0.186830E+04 0.287400E+04
0.287400E+04 0.186830E+04 0.299050E+04
0.283440E+04 0.184540E+04 0.299050E+04
0.283440E+04 0.184540E+04 0.287400E+04
0.291950E+04 0.189450E+04 0.287400E+04
0.291950E+04 0.189450E+04 0.299050E+04
0.287400E+04 0.186830E+04 0.299050E+04
0.287400E+04 0.186830E+04 0.287400E+04
0.255790E+04 0.168580E+04 0.491550E+04
0.255790E+04 0.168580E+04 0.503250E+04
0.250150E+04 0.165330E+04 0.503250E+04
0.250150E+04 0.165330E+04 0.491550E+04
0.261600E+04 0.171930E+04 0.491550E+04
0.261600E+04 0.171930E+04 0.503250E+04
0.255790E+04 0.168580E+04 0.503250E+04
0.255790E+04 0.168580E+04 0.491550E+04
0.255790E+04 0.168580E+04 0.479850E+04
0.255790E+04 0.168580E+04 0.491550E+04
0.250150E+04 0.165330E+04 0.491550E+04
0.250150E+04 0.165330E+04 0.479850E+04
0.261600E+04 0.171930E+04 0.479850E+04
0.261600E+04 0.171930E+04 0.491550E+04
0.255790E+04 0.168580E+04 0.491550E+04
0.255790E+04 0.168580E+04 0.479850E+04
0.255790E+04 0.168580E+04 0.468150E+04
0.255790E+04 0.168580E+04 0.479850E+04
0.250150E+04 0.165330E+04 0.479850E+04
0.250150E+04 0.165330E+04 0.468150E+04
0.261600E+04 0.171930E+04 0.468150E+04
0.261600E+04 0.171930E+04 0.479850E+04
0.255790E+04 0.168580E+04 0.479850E+04
0.255790E+04 0.168580E+04 0.468150E+04
0.255790E+04 0.168580E+04 0.456450E+04
0.255790E+04 0.168580E+04 0.468150E+04
0.250150E+04 0.165330E+04 0.468150E+04
0.250150E+04 0.165330E+04 0.456450E+04
0.261600E+04 0.171930E+04 0.456450E+04
0.261600E+04 0.171930E+04 0.468150E+04
0.255790E+04 0.168580E+04 0.468150E+04
0.255790E+04 0.168580E+04 0.456450E+04
0.255790E+04 0.168580E+04 0.444750E+04
0.255790E+04 0.168580E+04 0.456450E+04
0.250150E+04 0.165330E+04 0.456450E+04
0.250150E+04 0.165330E+04 0.444750E+04
0.261600E+04 0.171930E+04 0.444750E+04
0.261600E+04 0.171930E+04 0.456450E+04
0.255790E+04 0.168580E+04 0.456450E+04
0.255790E+04 0.168580E+04 0.444750E+04
0.255790E+04 0.168580E+04 0.430400E+04
0.255790E+04 0.168580E+04 0.444750E+04
0.250150E+04 0.165330E+04 0.444750E+04
0.250150E+04 0.165330E+04 0.430400E+04
0.261600E+04 0.171930E+04 0.430400E+04
0.261600E+04 0.171930E+04 0.444750E+04
0.255790E+04 0.168580E+04 0.444750E+04
0.255790E+04 0.168580E+04 0.430400E+04
0.255790E+04 0.168580E+04 0.416050E+04
0.255790E+04 0.168580E+04 0.430400E+04
0.250150E+04 0.165330E+04 0.430400E+04
0.250150E+04 0.165330E+04 0.416050E+04
0.261600E+04 0.171930E+04 0.416050E+04
0.261600E+04 0.171930E+04 0.430400E+04
0.255790E+04 0.168580E+04 0.430400E+04
0.255790E+04 0.168580E+04 0.416050E+04
0.255790E+04 0.168580E+04 0.404350E+04
0.255790E+04 0.168580E+04 0.416050E+04
0.250150E+04 0.165330E+04 0.416050E+04
0.250150E+04 0.165330E+04 0.404350E+04
0.261600E+04 0.171930E+04 0.404350E+04
0.261600E+04 0.171930E+04 0.416050E+04
0.255790E+04 0.168580E+04 0.416050E+04
0.255790E+04 0.168580E+04 0.404350E+04
0.255790E+04 0.168580E+04 0.392650E+04
0.255790E+04 0.168580E+04 0.404350E+04
0.250150E+04 0.165330E+04 0.404350E+04
0.250150E+04 0.165330E+04 0.392650E+04
0.261600E+04 0.171930E+04 0.392650E+04
0.261600E+04 0.171930E+04 0.404350E+04
0.255790E+04 0.168580E+04 0.404350E+04
0.255790E+04 0.168580E+04 0.392650E+04
0.255790E+04 0.168580E+04 0.380950E+04
0.255790E+04 0.168580E+04 0.392650E+04
0.250150E+04 0.165330E+04 0.392650E+04
0.250150E+04 0.165330E+04 0.380950E+04
0.261600E+04 0.171930E+04 0.380950E+04
0.261600E+04 0.171930E+04 0.392650E+04
0.255790E+04 0.168580E+04 0.392650E+04
0.255790E+04 0.168580E+04 0.380950E+04
0.255790E+04 0.168580E+04 0.369250E+04
0.255790E+04 0.168580E+04 0.380950E+04
0.250150E+04 0.165330E+04 0.380950E+04
0.250150E+04 0.165330E+04 0.369250E+04
0.261600E+04 0.171930E+04 0.369250E+04
0.261600E+04 0.171930E+04 0.380950E+04
0.255790E+04 0.168580E+04 0.380950E+04
0.255790E+04 0.168580E+04 0.369250E+04
0.255790E+04 0.168580E+04 0.357550E+04
0.255790E+04 0.168580E+04 0.369250E+04
0.250150E+04 0.165330E+04 0.369250E+04
0.250150E+04 0.165330E+04 0.357550E+04
0.261600E+04 0.171930E+04 0.357550E+04
0.261600E+04 0.171930E+04 0.369250E+04
0.255790E+04 0.168580E+04 0.369250E+04
0.255790E+04 0.168580E+04 0.357550E+04
0.120750E+04 0.906200E+03 0.573400E+04
0.142210E+04 0.103000E+04 0.573400E+04
0.142210E+04 0.103000E+04 0.580000E+04
0.120750E+04 0.906200E+03 0.580000E+04
0.120750E+04 0.906200E+03 0.561750E+04
0.142210E+04 0.103000E+04 0.561750E+04
0.142210E+04 0.103000E+04 0.573400E+04
0.120750E+04 0.906200E+03 0.573400E+04
0.120750E+04 0.906200E+03 0.550050E+04
0.142210E+04 0.103000E+04 0.550050E+04
0.142210E+04 0.103000E+04 0.561750E+04
0.120750E+04 0.906200E+03 0.561750E+04
0.127080E+04 0.942600E+03 0.538350E+04
0.142210E+04 0.103000E+04 0.538350E+04
0.142210E+04 0.103000E+04 0.550050E+04
0.127080E+04 0.942600E+03 0.550050E+04
0.120750E+04 0.906200E+03 0.514950E+04
0.142210E+04 0.103000E+04 0.514950E+04
0.142210E+04 0.103000E+04 0.526650E+04
0.120750E+04 0.906200E+03 0.526650E+04
0.127080E+04 0.942600E+03 0.526650E+04
0.142210E+04 0.103000E+04 0.526650E+04
0.142210E+04 0.103000E+04 0.538350E+04
0.127080E+04 0.942600E+03 0.538350E+04
0.120750E+04 0.906200E+03 0.503250E+04
0.142210E+04 0.103000E+04 0.503250E+04
0.142210E+04 0.103000E+04 0.514950E+04
0.120750E+04 0.906200E+03 0.514950E+04
0.128870E+04 0.953000E+03 0.491550E+04
0.142210E+04 0.103000E+04 0.491550E+04
0.142210E+04 0.103000E+04 0.503250E+04
0.128870E+04 0.953000E+03 0.503250E+04
0.128870E+04 0.953000E+03 0.479850E+04
0.142210E+04 0.103000E+04 0.479850E+04
0.142210E+04 0.103000E+04 0.491550E+04
0.128870E+04 0.953000E+03 0.491550E+04
0.128870E+04 0.953000E+03 0.468150E+04
0.142210E+04 0.103000E+04 0.468150E+04
0.142210E+04 0.103000E+04 0.479850E+04
0.128870E+04 0.953000E+03 0.479850E+04
0.128870E+04 0.953000E+03 0.456450E+04
0.142210E+04 0.103000E+04 0.456450E+04
0.142210E+04 0.103000E+04 0.468150E+04
0.128870E+04 0.953000E+03 0.468150E+04
0.128870E+04 0.953000E+03 0.369250E+04
0.142210E+04 0.103000E+04 0.369250E+04
0.142210E+04 0.103000E+04 0.380950E+04
0.128870E+04 0.953000E+03 0.380950E+04
0.128870E+04 0.953000E+03 0.357550E+04
0.142210E+04 0.103000E+04 0.357550E+04
0.142210E+04 0.103000E+04 0.369250E+04
0.128870E+04 0.953000E+03 0.369250E+04
0.142210E+04 0.103000E+04 0.357550E+04
0.120750E+04 0.906200E+03 0.357550E+04
0.120750E+04 0.906200E+03 0.345850E+04
0.142210E+04 0.103000E+04 0.345850E+04
0.120750E+04 0.906200E+03 0.334150E+04
0.142210E+04 0.103000E+04 0.334150E+04
0.142210E+04 0.103000E+04 0.345850E+04
0.120750E+04 0.906200E+03 0.345850E+04
0.142210E+04 0.103000E+04 0.334150E+04
0.127080E+04 0.942600E+03 0.334150E+04
0.127080E+04 0.942600E+03 0.322450E+04
0.142210E+04 0.103000E+04 0.322450E+04
0.127080E+04 0.942600E+03 0.310750E+04
0.142210E+04 0.103000E+04 0.310750E+04
0.142210E+04 0.103000E+04 0.322450E+04
0.127080E+04 0.942600E+03 0.322450E+04
0.120750E+04 0.906200E+03 0.299050E+04
0.142210E+04 0.103000E+04 0.299050E+04
0.142210E+04 0.103000E+04 0.310750E+04
0.120750E+04 0.906200E+03 0.310750E+04
0.120750E+04 0.906200E+03 0.287400E+04
0.142210E+04 0.103000E+04 0.287400E+04
0.142210E+04 0.103000E+04 0.299050E+04
0.120750E+04 0.906200E+03 0.299050E+04
0.120750E+04 0.906200E+03 0.280800E+04
0.142210E+04 0.103000E+04 0.280800E+04
0.142210E+04 0.103000E+04 0.287400E+04
0.120750E+04 0.906200E+03 0.287400E+04
0.142210E+04 0.103000E+04 0.280800E+04
0.173520E+04 0.121080E+04 0.280800E+04
0.173520E+04 0.121080E+04 0.287400E+04
0.142210E+04 0.103000E+04 0.287400E+04
0.173520E+04 0.121080E+04 0.280800E+04
0.202320E+04 0.137700E+04 0.280800E+04
0.202320E+04 0.137700E+04 0.287400E+04
0.173520E+04 0.121080E+04 0.287400E+04
0.142210E+04 0.103000E+04 0.287400E+04
0.173520E+04 0.121080E+04 0.287400E+04
0.173520E+04 0.121080E+04 0.299050E+04
0.142210E+04 0.103000E+04 0.299050E+04
0.173520E+04 0.121080E+04 0.287400E+04
0.202320E+04 0.137700E+04 0.287400E+04
0.202320E+04 0.137700E+04 0.299050E+04
0.173520E+04 0.121080E+04 0.299050E+04
0.142210E+04 0.103000E+04 0.299050E+04
0.173520E+04 0.121080E+04 0.299050E+04
0.173520E+04 0.121080E+04 0.310750E+04
0.142210E+04 0.103000E+04 0.310750E+04
0.173520E+04 0.121080E+04 0.299050E+04
0.193290E+04 0.132490E+04 0.299050E+04
0.193290E+04 0.132490E+04 0.310750E+04
0.173520E+04 0.121080E+04 0.310750E+04
0.142210E+04 0.103000E+04 0.310750E+04
0.173520E+04 0.121080E+04 0.310750E+04
0.173520E+04 0.121080E+04 0.322450E+04
0.142210E+04 0.103000E+04 0.322450E+04
0.173520E+04 0.121080E+04 0.310750E+04
0.193290E+04 0.132490E+04 0.310750E+04
0.193290E+04 0.132490E+04 0.322450E+04
0.173520E+04 0.121080E+04 0.322450E+04
0.142210E+04 0.103000E+04 0.322450E+04
0.173520E+04 0.121080E+04 0.322450E+04
0.173520E+04 0.121080E+04 0.334150E+04
0.142210E+04 0.103000E+04 0.334150E+04
0.173520E+04 0.121080E+04 0.322450E+04
0.193290E+04 0.132490E+04 0.322450E+04
0.193290E+04 0.132490E+04 0.334150E+04
0.173520E+04 0.121080E+04 0.334150E+04
0.142210E+04 0.103000E+04 0.334150E+04
0.173520E+04 0.121080E+04 0.334150E+04
0.173520E+04 0.121080E+04 0.345850E+04
0.142210E+04 0.103000E+04 0.345850E+04
0.173520E+04 0.121080E+04 0.334150E+04
0.193290E+04 0.132490E+04 0.334150E+04
0.193290E+04 0.132490E+04 0.345850E+04
0.173520E+04 0.121080E+04 0.345850E+04
0.142210E+04 0.103000E+04 0.345850E+04
0.173520E+04 0.121080E+04 0.345850E+04
0.173520E+04 0.121080E+04 0.357550E+04
0.142210E+04 0.103000E+04 0.357550E+04
0.173520E+04 0.121080E+04 0.345850E+04
0.193290E+04 0.132490E+04 0.345850E+04
0.193290E+04 0.132490E+04 0.357550E+04
0.173520E+04 0.121080E+04 0.357550E+04
0.142210E+04 0.103000E+04 0.357550E+04
0.173520E+04 0.121080E+04 0.357550E+04
0.173520E+04 0.121080E+04 0.369250E+04
0.142210E+04 0.103000E+04 0.369250E+04
0.173520E+04 0.121080E+04 0.357550E+04
0.193290E+04 0.132490E+04 0.357550E+04
0.193290E+04 0.132490E+04 0.369250E+04
0.173520E+04 0.121080E+04 0.369250E+04
0.142210E+04 0.103000E+04 0.369250E+04
0.173520E+04 0.121080E+04 0.369250E+04
0.173520E+04 0.121080E+04 0.380950E+04
0.142210E+04 0.103000E+04 0.380950E+04
0.173520E+04 0.121080E+04 0.369250E+04
0.193290E+04 0.132490E+04 0.369250E+04
0.193290E+04 0.132490E+04 0.380950E+04
0.173520E+04 0.121080E+04 0.380950E+04
0.142210E+04 0.103000E+04 0.380950E+04
0.173520E+04 0.121080E+04 0.380950E+04
0.173520E+04 0.121080E+04 0.392650E+04
0.142210E+04 0.103000E+04 0.392650E+04
0.173520E+04 0.121080E+04 0.380950E+04
0.193290E+04 0.132490E+04 0.380950E+04
0.193290E+04 0.132490E+04 0.392650E+04
0.173520E+04 0.121080E+04 0.392650E+04
0.142210E+04 0.103000E+04 0.392650E+04
0.173520E+04 0.121080E+04 0.392650E+04
0.173520E+04 0.121080E+04 0.404350E+04
0.142210E+04 0.103000E+04 0.404350E+04
0.173520E+04 0.121080E+04 0.392650E+04
0.193290E+04 0.132490E+04 0.392650E+04
0.193290E+04 0.132490E+04 0.404350E+04
0.173520E+04 0.121080E+04 0.404350E+04
0.142210E+04 0.103000E+04 0.404350E+04
0.173520E+04 0.121080E+04 0.404350E+04
0.173520E+04 0.121080E+04 0.416050E+04
0.142210E+04 0.103000E+04 0.416050E+04
0.173520E+04 0.121080E+04 0.404350E+04
0.193290E+04 0.132490E+04 0.404350E+04
0.193290E+04 0.132490E+04 0.416050E+04
0.173520E+04 0.121080E+04 0.416050E+04
0.142210E+04 0.103000E+04 0.416050E+04
0.173520E+04 0.121080E+04 0.416050E+04
0.173520E+04 0.121080E+04 0.430400E+04
0.142210E+04 0.103000E+04 0.430400E+04
0.173520E+04 0.121080E+04 0.416050E+04
0.201150E+04 0.137030E+04 0.416050E+04
0.201150E+04 0.137030E+04 0.430400E+04
0.173520E+04 0.121080E+04 0.430400E+04
0.142210E+04 0.103000E+04 0.430400E+04
0.173520E+04 0.121080E+04 0.430400E+04
0.173520E+04 0.121080E+04 0.444750E+04
0.142210E+04 0.103000E+04 0.444750E+04
0.173520E+04 0.121080E+04 0.430400E+04
0.201150E+04 0.137030E+04 0.430400E+04
0.201150E+04 0.137030E+04 0.444750E+04
0.173520E+04 0.121080E+04 0.444750E+04
0.142210E+04 0.103000E+04 0.444750E+04
0.173520E+04 0.121080E+04 0.444750E+04
0.173520E+04 0.121080E+04 0.456450E+04
0.142210E+04 0.103000E+04 0.456450E+04
0.173520E+04 0.121080E+04 0.444750E+04
0.193280E+04 0.132490E+04 0.444750E+04
0.193280E+04 0.132490E+04 0.456450E+04
0.173520E+04 0.121080E+04 0.456450E+04
0.142210E+04 0.103000E+04 0.468150E+04
0.173520E+04 0.121080E+04 0.468150E+04
0.173520E+04 0.121080E+04 0.479850E+04
0.142210E+04 0.103000E+04 0.479850E+04
0.173520E+04 0.121080E+04 0.468150E+04
0.193280E+04 0.132490E+04 0.468150E+04
0.193280E+04 0.132490E+04 0.479850E+04
0.173520E+04 0.121080E+04 0.479850E+04
0.142210E+04 0.103000E+04 0.456450E+04
0.173520E+04 0.121080E+04 0.456450E+04
0.173520E+04 0.121080E+04 0.468150E+04
0.142210E+04 0.103000E+04 0.468150E+04
0.173520E+04 0.121080E+04 0.456450E+04
0.193280E+04 0.132490E+04 0.456450E+04
0.193280E+04 0.132490E+04 0.468150E+04
0.173520E+04 0.121080E+04 0.468150E+04
0.142210E+04 0.103000E+04 0.479850E+04
0.173520E+04 0.121080E+04 0.479850E+04
0.173520E+04 0.121080E+04 0.491550E+04
0.142210E+04 0.103000E+04 0.491550E+04
0.173520E+04 0.121080E+04 0.479850E+04
0.193280E+04 0.132490E+04 0.479850E+04
0.193280E+04 0.132490E+04 0.491550E+04
0.173520E+04 0.121080E+04 0.491550E+04
0.142210E+04 0.103000E+04 0.491550E+04
0.173520E+04 0.121080E+04 0.491550E+04
0.173520E+04 0.121080E+04 0.503250E+04
0.142210E+04 0.103000E+04 0.503250E+04
0.173520E+04 0.121080E+04 0.491550E+04
0.193280E+04 0.132490E+04 0.491550E+04
0.193280E+04 0.132490E+04 0.503250E+04
0.173520E+04 0.121080E+04 0.503250E+04
0.142210E+04 0.103000E+04 0.503250E+04
0.173520E+04 0.121080E+04 0.503250E+04
0.173520E+04 0.121080E+04 0.514950E+04
0.142210E+04 0.103000E+04 0.514950E+04
0.173520E+04 0.121080E+04 0.503250E+04
0.193280E+04 0.132490E+04 0.503250E+04
0.193280E+04 0.132490E+04 0.514950E+04
0.173520E+04 0.121080E+04 0.514950E+04
0.142210E+04 0.103000E+04 0.514950E+04
0.173520E+04 0.121080E+04 0.514950E+04
0.173520E+04 0.121080E+04 0.526650E+04
0.142210E+04 0.103000E+04 0.526650E+04
0.173520E+04 0.121080E+04 0.514950E+04
0.193280E+04 0.132490E+04 0.514950E+04
0.193280E+04 0.132490E+04 0.526650E+04
0.173520E+04 0.121080E+04 0.526650E+04
0.142210E+04 0.103000E+04 0.526650E+04
0.173520E+04 0.121080E+04 0.526650E+04
0.173520E+04 0.121080E+04 0.538350E+04
0.142210E+04 0.103000E+04 0.538350E+04
0.173520E+04 0.121080E+04 0.526650E+04
0.193280E+04 0.132490E+04 0.526650E+04
0.193280E+04 0.132490E+04 0.538350E+04
0.173520E+04 0.121080E+04 0.538350E+04
0.142210E+04 0.103000E+04 0.538350E+04
0.173520E+04 0.121080E+04 0.538350E+04
0.173520E+04 0.121080E+04 0.550050E+04
0.142210E+04 0.103000E+04 0.550050E+04
0.173520E+04 0.121080E+04 0.538350E+04
0.193280E+04 0.132490E+04 0.538350E+04
0.193280E+04 0.132490E+04 0.550050E+04
0.173520E+04 0.121080E+04 0.550050E+04
0.142210E+04 0.103000E+04 0.550050E+04
0.173520E+04 0.121080E+04 0.550050E+04
0.173520E+04 0.121080E+04 0.561750E+04
0.142210E+04 0.103000E+04 0.561750E+04
0.173520E+04 0.121080E+04 0.550050E+04
0.193280E+04 0.132490E+04 0.550050E+04
0.193280E+04 0.132490E+04 0.561750E+04
0.173520E+04 0.121080E+04 0.561750E+04
0.142210E+04 0.103000E+04 0.561750E+04
0.173520E+04 0.121080E+04 0.561750E+04
0.173520E+04 0.121080E+04 0.573400E+04
0.142210E+04 0.103000E+04 0.573400E+04
0.173520E+04 0.121080E+04 0.561750E+04
0.202320E+04 0.137700E+04 0.561750E+04
0.202320E+04 0.137700E+04 0.573400E+04
0.173520E+04 0.121080E+04 0.573400E+04
0.142210E+04 0.103000E+04 0.573400E+04
0.173520E+04 0.121080E+04 0.573400E+04
0.173520E+04 0.121080E+04 0.580000E+04
0.142210E+04 0.103000E+04 0.580000E+04
0.202320E+04 0.137700E+04 0.580000E+04
0.173520E+04 0.121080E+04 0.580000E+04
0.173520E+04 0.121080E+04 0.573400E+04
0.202320E+04 0.137700E+04 0.573400E+04
0.128870E+04 0.953000E+03 0.392650E+04
0.128870E+04 0.953000E+03 0.404350E+04
0.125280E+04 0.932200E+03 0.404350E+04
0.125280E+04 0.932200E+03 0.392650E+04
0.131620E+04 0.968900E+03 0.404350E+04
0.142210E+04 0.103000E+04 0.404350E+04
0.142210E+04 0.103000E+04 0.416050E+04
0.131620E+04 0.968900E+03 0.416050E+04
0.131620E+04 0.968900E+03 0.444750E+04
0.142210E+04 0.103000E+04 0.444750E+04
0.142210E+04 0.103000E+04 0.456450E+04
0.131620E+04 0.968900E+03 0.456450E+04
0.137150E+04 0.100080E+04 0.392650E+04
0.137150E+04 0.100080E+04 0.404350E+04
0.128870E+04 0.953000E+03 0.404350E+04
0.128870E+04 0.953000E+03 0.392650E+04
0.142210E+04 0.103000E+04 0.392650E+04
0.142210E+04 0.103000E+04 0.404350E+04
0.137150E+04 0.100080E+04 0.404350E+04
0.137150E+04 0.100080E+04 0.392650E+04
0.137150E+04 0.100080E+04 0.380950E+04
0.137150E+04 0.100080E+04 0.392650E+04
0.128870E+04 0.953000E+03 0.392650E+04
0.128870E+04 0.953000E+03 0.380950E+04
0.142210E+04 0.103000E+04 0.380950E+04
0.142210E+04 0.103000E+04 0.392650E+04
0.137150E+04 0.100080E+04 0.392650E+04
0.137150E+04 0.100080E+04 0.380950E+04
0.211340E+04 0.142920E+04 0.299050E+04
0.211340E+04 0.142920E+04 0.310750E+04
0.205130E+04 0.139330E+04 0.310750E+04
0.205130E+04 0.139330E+04 0.299050E+04
0.211340E+04 0.142920E+04 0.310750E+04
0.211340E+04 0.142920E+04 0.322450E+04
0.205130E+04 0.139330E+04 0.322450E+04
0.205130E+04 0.139330E+04 0.310750E+04
0.199070E+04 0.135830E+04 0.299050E+04
0.199070E+04 0.135830E+04 0.310750E+04
0.193290E+04 0.132490E+04 0.310750E+04
0.193290E+04 0.132490E+04 0.299050E+04
0.199070E+04 0.135830E+04 0.310750E+04
0.199070E+04 0.135830E+04 0.322450E+04
0.193290E+04 0.132490E+04 0.322450E+04
0.193290E+04 0.132490E+04 0.310750E+04
0.211340E+04 0.142920E+04 0.369250E+04
0.211340E+04 0.142920E+04 0.380950E+04
0.205130E+04 0.139330E+04 0.380950E+04
0.205130E+04 0.139330E+04 0.369250E+04
0.211340E+04 0.142920E+04 0.380950E+04
0.211340E+04 0.142920E+04 0.392650E+04
0.205130E+04 0.139330E+04 0.392650E+04
0.205130E+04 0.139330E+04 0.380950E+04
0.199070E+04 0.135830E+04 0.369250E+04
0.199070E+04 0.135830E+04 0.380950E+04
0.193290E+04 0.132490E+04 0.380950E+04
0.193290E+04 0.132490E+04 0.369250E+04
0.199070E+04 0.135830E+04 0.380950E+04
0.199070E+04 0.135830E+04 0.392650E+04
0.193290E+04 0.132490E+04 0.392650E+04
0.193290E+04 0.132490E+04 0.380950E+04
0.211340E+04 0.142920E+04 0.468150E+04
0.211340E+04 0.142920E+04 0.479850E+04
0.205130E+04 0.139330E+04 0.479850E+04
0.205130E+04 0.139330E+04 0.468150E+04
0.211340E+04 0.142920E+04 0.479850E+04
0.211340E+04 0.142920E+04 0.491550E+04
0.205130E+04 0.139330E+04 0.491550E+04
0.205130E+04 0.139330E+04 0.479850E+04
0.199070E+04 0.135830E+04 0.468150E+04
0.199070E+04 0.135830E+04 0.479850E+04
0.193280E+04 0.132490E+04 0.479850E+04
0.193280E+04 0.132490E+04 0.468150E+04
0.199070E+04 0.135830E+04 0.479850E+04
0.199070E+04 0.135830E+04 0.491550E+04
0.193280E+04 0.132490E+04 0.491550E+04
0.193280E+04 0.132490E+04 0.479850E+04
0.211340E+04 0.142920E+04 0.538350E+04
0.211340E+04 0.142920E+04 0.550050E+04
0.205130E+04 0.139330E+04 0.550050E+04
0.205130E+04 0.139330E+04 0.538350E+04
0.199070E+04 0.135830E+04 0.538350E+04
0.199070E+04 0.135830E+04 0.550050E+04
0.193280E+04 0.132490E+04 0.550050E+04
0.193280E+04 0.132490E+04 0.538350E+04
0.199070E+04 0.135830E+04 0.550050E+04
0.199070E+04 0.135830E+04 0.561750E+04
0.193280E+04 0.132490E+04 0.561750E+04
0.193280E+04 0.132490E+04 0.550050E+04
0.120720E+04 0.905900E+03 0.404350E+04
0.131620E+04 0.968900E+03 0.404350E+04
0.131620E+04 0.968900E+03 0.416050E+04
0.120720E+04 0.905900E+03 0.416050E+04
0.211340E+04 0.142920E+04 0.550050E+04
0.211340E+04 0.142920E+04 0.561750E+04
0.205130E+04 0.139330E+04 0.561750E+04
0.205130E+04 0.139330E+04 0.550050E+04
-.211340E+04 0.142910E+04 0.561750E+04
-.283440E+04 0.184540E+04 0.561750E+04
-.283440E+04 0.184540E+04 0.550050E+04
-.211340E+04 0.142910E+04 0.550050E+04
-.211340E+04 0.142910E+04 0.550050E+04
-.277120E+04 0.180890E+04 0.550050E+04
-.277120E+04 0.180890E+04 0.538350E+04
-.211340E+04 0.142910E+04 0.538350E+04
-.277120E+04 0.180890E+04 0.526650E+04
-.211340E+04 0.142910E+04 0.526650E+04
-.211340E+04 0.142910E+04 0.538350E+04
-.277120E+04 0.180890E+04 0.538350E+04
-.211340E+04 0.142910E+04 0.526650E+04
-.283440E+04 0.184540E+04 0.526650E+04
-.283440E+04 0.184540E+04 0.514950E+04
-.211340E+04 0.142910E+04 0.514950E+04
-.211340E+04 0.142910E+04 0.514950E+04
-.283440E+04 0.184540E+04 0.514950E+04
-.283440E+04 0.184540E+04 0.503250E+04
-.211340E+04 0.142910E+04 0.503250E+04
-.211340E+04 0.142910E+04 0.503250E+04
-.250150E+04 0.165330E+04 0.503250E+04
-.250150E+04 0.165330E+04 0.491550E+04
-.211340E+04 0.142910E+04 0.491550E+04
-.211340E+04 0.142910E+04 0.491550E+04
-.250150E+04 0.165330E+04 0.491550E+04
-.250150E+04 0.165330E+04 0.479850E+04
-.211340E+04 0.142910E+04 0.479850E+04
-.211340E+04 0.142910E+04 0.479850E+04
-.250150E+04 0.165330E+04 0.479850E+04
-.250150E+04 0.165330E+04 0.468150E+04
-.211340E+04 0.142910E+04 0.468150E+04
-.211340E+04 0.142910E+04 0.468150E+04
-.250150E+04 0.165330E+04 0.468150E+04
-.250150E+04 0.165330E+04 0.456450E+04
-.211340E+04 0.142910E+04 0.456450E+04
-.211340E+04 0.142910E+04 0.456450E+04
-.250150E+04 0.165330E+04 0.456450E+04
-.250150E+04 0.165330E+04 0.444750E+04
-.211340E+04 0.142910E+04 0.444750E+04
-.201150E+04 0.137030E+04 0.444750E+04
-.250150E+04 0.165330E+04 0.444750E+04
-.250150E+04 0.165330E+04 0.430400E+04
-.201150E+04 0.137030E+04 0.430400E+04
-.201150E+04 0.137030E+04 0.430400E+04
-.250150E+04 0.165330E+04 0.430400E+04
-.250150E+04 0.165330E+04 0.416050E+04
-.201150E+04 0.137030E+04 0.416050E+04
-.211340E+04 0.142910E+04 0.416050E+04
-.250150E+04 0.165330E+04 0.416050E+04
-.250150E+04 0.165330E+04 0.404350E+04
-.211340E+04 0.142910E+04 0.404350E+04
-.211340E+04 0.142910E+04 0.404350E+04
-.250150E+04 0.165330E+04 0.404350E+04
-.250150E+04 0.165330E+04 0.392650E+04
-.211340E+04 0.142910E+04 0.392650E+04
-.211340E+04 0.142910E+04 0.392650E+04
-.250150E+04 0.165330E+04 0.392650E+04
-.250150E+04 0.165330E+04 0.380950E+04
-.211340E+04 0.142910E+04 0.380950E+04
-.211340E+04 0.142910E+04 0.380950E+04
-.250150E+04 0.165330E+04 0.380950E+04
-.250150E+04 0.165330E+04 0.369250E+04
-.211340E+04 0.142910E+04 0.369250E+04
-.211340E+04 0.142910E+04 0.369250E+04
-.250150E+04 0.165330E+04 0.369250E+04
-.250150E+04 0.165330E+04 0.357550E+04
-.211340E+04 0.142910E+04 0.357550E+04
-.211340E+04 0.142910E+04 0.357550E+04
-.283440E+04 0.184540E+04 0.357550E+04
-.283440E+04 0.184540E+04 0.345850E+04
-.211340E+04 0.142910E+04 0.345850E+04
-.211340E+04 0.142910E+04 0.345850E+04
-.283440E+04 0.184540E+04 0.345850E+04
-.283440E+04 0.184540E+04 0.334150E+04
-.211340E+04 0.142910E+04 0.334150E+04
-.211340E+04 0.142910E+04 0.334150E+04
-.277120E+04 0.180890E+04 0.334150E+04
-.277120E+04 0.180890E+04 0.322450E+04
-.211340E+04 0.142910E+04 0.322450E+04
-.211340E+04 0.142910E+04 0.322450E+04
-.277120E+04 0.180890E+04 0.322450E+04
-.277120E+04 0.180890E+04 0.310750E+04
-.211340E+04 0.142910E+04 0.310750E+04
-.211340E+04 0.142910E+04 0.310750E+04
-.283440E+04 0.184540E+04 0.310750E+04
-.283440E+04 0.184540E+04 0.299050E+04
-.211340E+04 0.142910E+04 0.299050E+04
-.261600E+04 0.171930E+04 0.503250E+04
-.291950E+04 0.189450E+04 0.503250E+04
-.291950E+04 0.189450E+04 0.498500E+04
-.261600E+04 0.171930E+04 0.498500E+04
-.261600E+04 0.171930E+04 0.362300E+04
-.291950E+04 0.189450E+04 0.362300E+04
-.291950E+04 0.189450E+04 0.357550E+04
-.261600E+04 0.171930E+04 0.357550E+04
-.128870E+04 0.953000E+03 0.479850E+04
-.128870E+04 0.953000E+03 0.468150E+04
-.125280E+04 0.932300E+03 0.468150E+04
-.125280E+04 0.932300E+03 0.479850E+04
-.128870E+04 0.953000E+03 0.369250E+04
-.128870E+04 0.953000E+03 0.357550E+04
-.122710E+04 0.917500E+03 0.357550E+04
-.122710E+04 0.917500E+03 0.369250E+04
-.202310E+04 0.137710E+04 0.538350E+04
-.202310E+04 0.137710E+04 0.526650E+04
-.193290E+04 0.132490E+04 0.526650E+04
-.193290E+04 0.132490E+04 0.538350E+04
-.211340E+04 0.142910E+04 0.538350E+04
-.211340E+04 0.142910E+04 0.526650E+04
-.202310E+04 0.137710E+04 0.526650E+04
-.202310E+04 0.137710E+04 0.538350E+04
-.202310E+04 0.137710E+04 0.526650E+04
-.202310E+04 0.137710E+04 0.514950E+04
-.193290E+04 0.132490E+04 0.514950E+04
-.193290E+04 0.132490E+04 0.526650E+04
-.211340E+04 0.142910E+04 0.526650E+04
-.211340E+04 0.142910E+04 0.514950E+04
-.202310E+04 0.137710E+04 0.514950E+04
-.202310E+04 0.137710E+04 0.526650E+04
-.202310E+04 0.137710E+04 0.514950E+04
-.202310E+04 0.137710E+04 0.503250E+04
-.193290E+04 0.132490E+04 0.503250E+04
-.193290E+04 0.132490E+04 0.514950E+04
-.211340E+04 0.142910E+04 0.514950E+04
-.211340E+04 0.142910E+04 0.503250E+04
-.202310E+04 0.137710E+04 0.503250E+04
-.202310E+04 0.137710E+04 0.514950E+04
-.202310E+04 0.137710E+04 0.503250E+04
-.202310E+04 0.137710E+04 0.491550E+04
-.193290E+04 0.132490E+04 0.491550E+04
-.193290E+04 0.132490E+04 0.503250E+04
-.211340E+04 0.142910E+04 0.503250E+04
-.211340E+04 0.142910E+04 0.491550E+04
-.202310E+04 0.137710E+04 0.491550E+04
-.202310E+04 0.137710E+04 0.503250E+04
-.202310E+04 0.137710E+04 0.468150E+04
-.202310E+04 0.137710E+04 0.456450E+04
-.193290E+04 0.132490E+04 0.456450E+04
-.193290E+04 0.132490E+04 0.468150E+04
-.211340E+04 0.142910E+04 0.468150E+04
-.211340E+04 0.142910E+04 0.456450E+04
-.202310E+04 0.137710E+04 0.456450E+04
-.202310E+04 0.137710E+04 0.468150E+04
-.202310E+04 0.137710E+04 0.456450E+04
-.202310E+04 0.137710E+04 0.444750E+04
-.193290E+04 0.132490E+04 0.444750E+04
-.193290E+04 0.132490E+04 0.456450E+04
-.211340E+04 0.142910E+04 0.456450E+04
-.211340E+04 0.142910E+04 0.444750E+04
-.202310E+04 0.137710E+04 0.444750E+04
-.202310E+04 0.137710E+04 0.456450E+04
-.202310E+04 0.137710E+04 0.416050E+04
-.202310E+04 0.137710E+04 0.404350E+04
-.193280E+04 0.132490E+04 0.404350E+04
-.193280E+04 0.132490E+04 0.416050E+04
-.211340E+04 0.142910E+04 0.416050E+04
-.211340E+04 0.142910E+04 0.404350E+04
-.202310E+04 0.137710E+04 0.404350E+04
-.202310E+04 0.137710E+04 0.416050E+04
-.202310E+04 0.137710E+04 0.404350E+04
-.202310E+04 0.137710E+04 0.392650E+04
-.193280E+04 0.132490E+04 0.392650E+04
-.193280E+04 0.132490E+04 0.404350E+04
-.211340E+04 0.142910E+04 0.404350E+04
-.211340E+04 0.142910E+04 0.392650E+04
-.202310E+04 0.137710E+04 0.392650E+04
-.202310E+04 0.137710E+04 0.404350E+04
-.202310E+04 0.137710E+04 0.369250E+04
-.202310E+04 0.137710E+04 0.357550E+04
-.193280E+04 0.132490E+04 0.357550E+04
-.193280E+04 0.132490E+04 0.369250E+04
-.211340E+04 0.142910E+04 0.369250E+04
-.211340E+04 0.142910E+04 0.357550E+04
-.202310E+04 0.137710E+04 0.357550E+04
-.202310E+04 0.137710E+04 0.369250E+04
-.202310E+04 0.137710E+04 0.357550E+04
-.202310E+04 0.137710E+04 0.345850E+04
-.193280E+04 0.132490E+04 0.345850E+04
-.193280E+04 0.132490E+04 0.357550E+04
-.211340E+04 0.142910E+04 0.357550E+04
-.211340E+04 0.142910E+04 0.345850E+04
-.202310E+04 0.137710E+04 0.345850E+04
-.202310E+04 0.137710E+04 0.357550E+04
-.202310E+04 0.137710E+04 0.345850E+04
-.202310E+04 0.137710E+04 0.334150E+04
-.193280E+04 0.132490E+04 0.334150E+04
-.193280E+04 0.132490E+04 0.345850E+04
-.211340E+04 0.142910E+04 0.345850E+04
-.211340E+04 0.142910E+04 0.334150E+04
-.202310E+04 0.137710E+04 0.334150E+04
-.202310E+04 0.137710E+04 0.345850E+04
-.202310E+04 0.137710E+04 0.334150E+04
-.202310E+04 0.137710E+04 0.322450E+04
-.193280E+04 0.132490E+04 0.322450E+04
-.193280E+04 0.132490E+04 0.334150E+04
-.211340E+04 0.142910E+04 0.334150E+04
-.211340E+04 0.142910E+04 0.322450E+04
-.202310E+04 0.137710E+04 0.322450E+04
-.202310E+04 0.137710E+04 0.334150E+04
-.128870E+04 0.953000E+03 0.503250E+04
-.128870E+04 0.953000E+03 0.491550E+04
-.125280E+04 0.932300E+03 0.491550E+04
-.125280E+04 0.932300E+03 0.503250E+04
-.128870E+04 0.953000E+03 0.491550E+04
-.128870E+04 0.953000E+03 0.479850E+04
-.125280E+04 0.932300E+03 0.479850E+04
-.125280E+04 0.932300E+03 0.491550E+04
-.127070E+04 0.942700E+03 0.550050E+04
-.127070E+04 0.942700E+03 0.538350E+04
-.120750E+04 0.906200E+03 0.538350E+04
-.120750E+04 0.906200E+03 0.550050E+04
-.127070E+04 0.942700E+03 0.538350E+04
-.127070E+04 0.942700E+03 0.526650E+04
-.120750E+04 0.906200E+03 0.526650E+04
-.120750E+04 0.906200E+03 0.538350E+04
-.127070E+04 0.942700E+03 0.334150E+04
-.127070E+04 0.942700E+03 0.322450E+04
-.120750E+04 0.906200E+03 0.322450E+04
-.120750E+04 0.906200E+03 0.334150E+04
-.127070E+04 0.942700E+03 0.322450E+04
-.127070E+04 0.942700E+03 0.310750E+04
-.120750E+04 0.906200E+03 0.310750E+04
-.120750E+04 0.906200E+03 0.322450E+04
-.283440E+04 0.184540E+04 0.538350E+04
-.283440E+04 0.184540E+04 0.526650E+04
-.277120E+04 0.180890E+04 0.526650E+04
-.277120E+04 0.180890E+04 0.538350E+04
-.283440E+04 0.184540E+04 0.550050E+04
-.283440E+04 0.184540E+04 0.538350E+04
-.277120E+04 0.180890E+04 0.538350E+04
-.277120E+04 0.180890E+04 0.550050E+04
-.283440E+04 0.184540E+04 0.334150E+04
-.283440E+04 0.184540E+04 0.322450E+04
-.277120E+04 0.180890E+04 0.322450E+04
-.277120E+04 0.180890E+04 0.334150E+04
-.283440E+04 0.184540E+04 0.322450E+04
-.283440E+04 0.184540E+04 0.310750E+04
-.277120E+04 0.180890E+04 0.310750E+04
-.277120E+04 0.180890E+04 0.322450E+04
-.291950E+04 0.189450E+04 0.573400E+04
-.283440E+04 0.184540E+04 0.573400E+04
-.283440E+04 0.184540E+04 0.580000E+04
-.291950E+04 0.189450E+04 0.580000E+04
-.202310E+04 0.137710E+04 0.580000E+04
-.283440E+04 0.184540E+04 0.580000E+04
-.283440E+04 0.184540E+04 0.573400E+04
-.202310E+04 0.137710E+04 0.573400E+04
-.202310E+04 0.137710E+04 0.573400E+04
-.283440E+04 0.184540E+04 0.573400E+04
-.283440E+04 0.184540E+04 0.561750E+04
-.202310E+04 0.137710E+04 0.561750E+04
-.112250E+04 0.857100E+03 0.580000E+04
-.120750E+04 0.906200E+03 0.580000E+04
-.120750E+04 0.906200E+03 0.573400E+04
-.112250E+04 0.857100E+03 0.573400E+04
-.283440E+04 0.184540E+04 0.287400E+04
-.291950E+04 0.189450E+04 0.287400E+04
-.291950E+04 0.189450E+04 0.280800E+04
-.283440E+04 0.184540E+04 0.280800E+04
-.202310E+04 0.137710E+04 0.299050E+04
-.283440E+04 0.184540E+04 0.299050E+04
-.283440E+04 0.184540E+04 0.287400E+04
-.202310E+04 0.137710E+04 0.287400E+04
-.202310E+04 0.137710E+04 0.287400E+04
-.283440E+04 0.184540E+04 0.287400E+04
-.283440E+04 0.184540E+04 0.280800E+04
-.202310E+04 0.137710E+04 0.280800E+04
-.112250E+04 0.857000E+03 0.287400E+04
-.120750E+04 0.906200E+03 0.287400E+04
-.120750E+04 0.906200E+03 0.280800E+04
-.112250E+04 0.857000E+03 0.280800E+04
-.116800E+04 0.883300E+03 0.573400E+04
-.116800E+04 0.883300E+03 0.561750E+04
-.112250E+04 0.857100E+03 0.561750E+04
-.112250E+04 0.857100E+03 0.573400E+04
-.120750E+04 0.906200E+03 0.573400E+04
-.120750E+04 0.906200E+03 0.561750E+04
-.116800E+04 0.883300E+03 0.561750E+04
-.116800E+04 0.883300E+03 0.573400E+04
-.116800E+04 0.883300E+03 0.561750E+04
-.116800E+04 0.883300E+03 0.550050E+04
-.112250E+04 0.857100E+03 0.550050E+04
-.112250E+04 0.857100E+03 0.561750E+04
-.120750E+04 0.906200E+03 0.561750E+04
-.120750E+04 0.906200E+03 0.550050E+04
-.116800E+04 0.883300E+03 0.550050E+04
-.116800E+04 0.883300E+03 0.561750E+04
-.116800E+04 0.883300E+03 0.526650E+04
-.116800E+04 0.883300E+03 0.514950E+04
-.112250E+04 0.857000E+03 0.514950E+04
-.112250E+04 0.857000E+03 0.526650E+04
-.120750E+04 0.906200E+03 0.526650E+04
-.120750E+04 0.906200E+03 0.514950E+04
-.116800E+04 0.883300E+03 0.514950E+04
-.116800E+04 0.883300E+03 0.526650E+04
-.116800E+04 0.883300E+03 0.514950E+04
-.116800E+04 0.883300E+03 0.503250E+04
-.112250E+04 0.857000E+03 0.503250E+04
-.112250E+04 0.857000E+03 0.514950E+04
-.120750E+04 0.906200E+03 0.514950E+04
-.120750E+04 0.906200E+03 0.503250E+04
-.116800E+04 0.883300E+03 0.503250E+04
-.116800E+04 0.883300E+03 0.514950E+04
-.112250E+04 0.857000E+03 0.503250E+04
-.125280E+04 0.932300E+03 0.503250E+04
-.125280E+04 0.932300E+03 0.497450E+04
-.112250E+04 0.857000E+03 0.497450E+04
-.116800E+04 0.883300E+03 0.299050E+04
-.116800E+04 0.883300E+03 0.287400E+04
-.112250E+04 0.857000E+03 0.287400E+04
-.112250E+04 0.857000E+03 0.299050E+04
-.120750E+04 0.906200E+03 0.299050E+04
-.120750E+04 0.906200E+03 0.287400E+04
-.116800E+04 0.883300E+03 0.287400E+04
-.116800E+04 0.883300E+03 0.299050E+04
-.116800E+04 0.883300E+03 0.310750E+04
-.116800E+04 0.883300E+03 0.299050E+04
-.112250E+04 0.857000E+03 0.299050E+04
-.112250E+04 0.857000E+03 0.310750E+04
-.120750E+04 0.906200E+03 0.310750E+04
-.120750E+04 0.906200E+03 0.299050E+04
-.116800E+04 0.883300E+03 0.299050E+04
-.116800E+04 0.883300E+03 0.310750E+04
-.116800E+04 0.883300E+03 0.345850E+04
-.116800E+04 0.883300E+03 0.334150E+04
-.112250E+04 0.857000E+03 0.334150E+04
-.112250E+04 0.857000E+03 0.345850E+04
-.120750E+04 0.906200E+03 0.345850E+04
-.120750E+04 0.906200E+03 0.334150E+04
-.116800E+04 0.883300E+03 0.334150E+04
-.116800E+04 0.883300E+03 0.345850E+04
-.116800E+04 0.883300E+03 0.357550E+04
-.116800E+04 0.883300E+03 0.345850E+04
-.112250E+04 0.857000E+03 0.345850E+04
-.112250E+04 0.857000E+03 0.357550E+04
-.120750E+04 0.906200E+03 0.357550E+04
-.120750E+04 0.906200E+03 0.345850E+04
-.116800E+04 0.883300E+03 0.345850E+04
-.116800E+04 0.883300E+03 0.357550E+04
-.122710E+04 0.917500E+03 0.357550E+04
-.112250E+04 0.857000E+03 0.357550E+04
-.112250E+04 0.857000E+03 0.363350E+04
-.122710E+04 0.917500E+03 0.363350E+04
-.287400E+04 0.186830E+04 0.299050E+04
-.287400E+04 0.186830E+04 0.287400E+04
-.283440E+04 0.184540E+04 0.287400E+04
-.283440E+04 0.184540E+04 0.299050E+04
-.291950E+04 0.189450E+04 0.299050E+04
-.291950E+04 0.189450E+04 0.287400E+04
-.287400E+04 0.186830E+04 0.287400E+04
-.287400E+04 0.186830E+04 0.299050E+04
-.287400E+04 0.186830E+04 0.310750E+04
-.287400E+04 0.186830E+04 0.299050E+04
-.283440E+04 0.184540E+04 0.299050E+04
-.283440E+04 0.184540E+04 0.310750E+04
-.291950E+04 0.189450E+04 0.310750E+04
-.291950E+04 0.189450E+04 0.299050E+04
-.287400E+04 0.186830E+04 0.299050E+04
-.287400E+04 0.186830E+04 0.310750E+04
-.287400E+04 0.186830E+04 0.345850E+04
-.287400E+04 0.186830E+04 0.334150E+04
-.283440E+04 0.184540E+04 0.334150E+04
-.283440E+04 0.184540E+04 0.345850E+04
-.291950E+04 0.189450E+04 0.345850E+04
-.291950E+04 0.189450E+04 0.334150E+04
-.287400E+04 0.186830E+04 0.334150E+04
-.287400E+04 0.186830E+04 0.345850E+04
-.287400E+04 0.186830E+04 0.357550E+04
-.287400E+04 0.186830E+04 0.345850E+04
-.283440E+04 0.184540E+04 0.345850E+04
-.283440E+04 0.184540E+04 0.357550E+04
-.291950E+04 0.189450E+04 0.357550E+04
-.291950E+04 0.189450E+04 0.345850E+04
-.287400E+04 0.186830E+04 0.345850E+04
-.287400E+04 0.186830E+04 0.357550E+04
-.287400E+04 0.186830E+04 0.514950E+04
-.287400E+04 0.186830E+04 0.503250E+04
-.283440E+04 0.184540E+04 0.503250E+04
-.283440E+04 0.184540E+04 0.514950E+04
-.291950E+04 0.189450E+04 0.514950E+04
-.291950E+04 0.189450E+04 0.503250E+04
-.287400E+04 0.186830E+04 0.503250E+04
-.287400E+04 0.186830E+04 0.514950E+04
-.287400E+04 0.186830E+04 0.526650E+04
-.287400E+04 0.186830E+04 0.514950E+04
-.283440E+04 0.184540E+04 0.514950E+04
-.283440E+04 0.184540E+04 0.526650E+04
-.291950E+04 0.189450E+04 0.526650E+04
-.291950E+04 0.189450E+04 0.514950E+04
-.287400E+04 0.186830E+04 0.514950E+04
-.287400E+04 0.186830E+04 0.526650E+04
-.287400E+04 0.186830E+04 0.561750E+04
-.287400E+04 0.186830E+04 0.550050E+04
-.283440E+04 0.184540E+04 0.550050E+04
-.283440E+04 0.184540E+04 0.561750E+04
-.291950E+04 0.189450E+04 0.561750E+04
-.291950E+04 0.189450E+04 0.550050E+04
-.287400E+04 0.186830E+04 0.550050E+04
-.287400E+04 0.186830E+04 0.561750E+04
-.287400E+04 0.186830E+04 0.573400E+04
-.287400E+04 0.186830E+04 0.561750E+04
-.283440E+04 0.184540E+04 0.561750E+04
-.283440E+04 0.184540E+04 0.573400E+04
-.291950E+04 0.189450E+04 0.573400E+04
-.291950E+04 0.189450E+04 0.561750E+04
-.287400E+04 0.186830E+04 0.561750E+04
-.287400E+04 0.186830E+04 0.573400E+04
-.255790E+04 0.168580E+04 0.369250E+04
-.255790E+04 0.168580E+04 0.357550E+04
-.250150E+04 0.165330E+04 0.357550E+04
-.250150E+04 0.165330E+04 0.369250E+04
-.261600E+04 0.171930E+04 0.369250E+04
-.261600E+04 0.171930E+04 0.357550E+04
-.255790E+04 0.168580E+04 0.357550E+04
-.255790E+04 0.168580E+04 0.369250E+04
-.255790E+04 0.168580E+04 0.380950E+04
-.255790E+04 0.168580E+04 0.369250E+04
-.250150E+04 0.165330E+04 0.369250E+04
-.250150E+04 0.165330E+04 0.380950E+04
-.261600E+04 0.171930E+04 0.380950E+04
-.261600E+04 0.171930E+04 0.369250E+04
-.255790E+04 0.168580E+04 0.369250E+04
-.255790E+04 0.168580E+04 0.380950E+04
-.255790E+04 0.168580E+04 0.392650E+04
-.255790E+04 0.168580E+04 0.380950E+04
-.250150E+04 0.165330E+04 0.380950E+04
-.250150E+04 0.165330E+04 0.392650E+04
-.261600E+04 0.171930E+04 0.392650E+04
-.261600E+04 0.171930E+04 0.380950E+04
-.255790E+04 0.168580E+04 0.380950E+04
-.255790E+04 0.168580E+04 0.392650E+04
-.255790E+04 0.168580E+04 0.404350E+04
-.255790E+04 0.168580E+04 0.392650E+04
-.250150E+04 0.165330E+04 0.392650E+04
-.250150E+04 0.165330E+04 0.404350E+04
-.261600E+04 0.171930E+04 0.404350E+04
-.261600E+04 0.171930E+04 0.392650E+04
-.255790E+04 0.168580E+04 0.392650E+04
-.255790E+04 0.168580E+04 0.404350E+04
-.255790E+04 0.168580E+04 0.416050E+04
-.255790E+04 0.168580E+04 0.404350E+04
-.250150E+04 0.165330E+04 0.404350E+04
-.250150E+04 0.165330E+04 0.416050E+04
-.261600E+04 0.171930E+04 0.416050E+04
-.261600E+04 0.171930E+04 0.404350E+04
-.255790E+04 0.168580E+04 0.404350E+04
-.255790E+04 0.168580E+04 0.416050E+04
-.255790E+04 0.168580E+04 0.430400E+04
-.255790E+04 0.168580E+04 0.416050E+04
-.250150E+04 0.165330E+04 0.416050E+04
-.250150E+04 0.165330E+04 0.430400E+04
-.261600E+04 0.171930E+04 0.430400E+04
-.261600E+04 0.171930E+04 0.416050E+04
-.255790E+04 0.168580E+04 0.416050E+04
-.255790E+04 0.168580E+04 0.430400E+04
-.255790E+04 0.168580E+04 0.444750E+04
-.255790E+04 0.168580E+04 0.430400E+04
-.250150E+04 0.165330E+04 0.430400E+04
-.250150E+04 0.165330E+04 0.444750E+04
-.261600E+04 0.171930E+04 0.444750E+04
-.261600E+04 0.171930E+04 0.430400E+04
-.255790E+04 0.168580E+04 0.430400E+04
-.255790E+04 0.168580E+04 0.444750E+04
-.255790E+04 0.168580E+04 0.456450E+04
-.255790E+04 0.168580E+04 0.444750E+04
-.250150E+04 0.165330E+04 0.444750E+04
-.250150E+04 0.165330E+04 0.456450E+04
-.261600E+04 0.171930E+04 0.456450E+04
-.261600E+04 0.171930E+04 0.444750E+04
-.255790E+04 0.168580E+04 0.444750E+04
-.255790E+04 0.168580E+04 0.456450E+04
-.255790E+04 0.168580E+04 0.468150E+04
-.255790E+04 0.168580E+04 0.456450E+04
-.250150E+04 0.165330E+04 0.456450E+04
-.250150E+04 0.165330E+04 0.468150E+04
-.261600E+04 0.171930E+04 0.468150E+04
-.261600E+04 0.171930E+04 0.456450E+04
-.255790E+04 0.168580E+04 0.456450E+04
-.255790E+04 0.168580E+04 0.468150E+04
-.255790E+04 0.168580E+04 0.479850E+04
-.255790E+04 0.168580E+04 0.468150E+04
-.250150E+04 0.165330E+04 0.468150E+04
-.250150E+04 0.165330E+04 0.479850E+04
-.261600E+04 0.171930E+04 0.479850E+04
-.261600E+04 0.171930E+04 0.468150E+04
-.255790E+04 0.168580E+04 0.468150E+04
-.255790E+04 0.168580E+04 0.479850E+04
-.255790E+04 0.168580E+04 0.491550E+04
-.255790E+04 0.168580E+04 0.479850E+04
-.250150E+04 0.165330E+04 0.479850E+04
-.250150E+04 0.165330E+04 0.491550E+04
-.261600E+04 0.171930E+04 0.491550E+04
-.261600E+04 0.171930E+04 0.479850E+04
-.255790E+04 0.168580E+04 0.479850E+04
-.255790E+04 0.168580E+04 0.491550E+04
-.255790E+04 0.168580E+04 0.503250E+04
-.255790E+04 0.168580E+04 0.491550E+04
-.250150E+04 0.165330E+04 0.491550E+04
-.250150E+04 0.165330E+04 0.503250E+04
-.261600E+04 0.171930E+04 0.503250E+04
-.261600E+04 0.171930E+04 0.491550E+04
-.255790E+04 0.168580E+04 0.491550E+04
-.255790E+04 0.168580E+04 0.503250E+04
-.120750E+04 0.906200E+03 0.287400E+04
-.142210E+04 0.103000E+04 0.287400E+04
-.142210E+04 0.103000E+04 0.280800E+04
-.120750E+04 0.906200E+03 0.280800E+04
-.120750E+04 0.906200E+03 0.299050E+04
-.142210E+04 0.103000E+04 0.299050E+04
-.142210E+04 0.103000E+04 0.287400E+04
-.120750E+04 0.906200E+03 0.287400E+04
-.120750E+04 0.906200E+03 0.310750E+04
-.142210E+04 0.103000E+04 0.310750E+04
-.142210E+04 0.103000E+04 0.299050E+04
-.120750E+04 0.906200E+03 0.299050E+04
-.127070E+04 0.942700E+03 0.322450E+04
-.142210E+04 0.103000E+04 0.322450E+04
-.142210E+04 0.103000E+04 0.310750E+04
-.127070E+04 0.942700E+03 0.310750E+04
-.120750E+04 0.906200E+03 0.345850E+04
-.142210E+04 0.103000E+04 0.345850E+04
-.142210E+04 0.103000E+04 0.334150E+04
-.120750E+04 0.906200E+03 0.334150E+04
-.127070E+04 0.942700E+03 0.334150E+04
-.142210E+04 0.103000E+04 0.334150E+04
-.142210E+04 0.103000E+04 0.322450E+04
-.127070E+04 0.942700E+03 0.322450E+04
-.142210E+04 0.103000E+04 0.345850E+04
-.120750E+04 0.906200E+03 0.345850E+04
-.120750E+04 0.906200E+03 0.357550E+04
-.142210E+04 0.103000E+04 0.357550E+04
-.128870E+04 0.953000E+03 0.369250E+04
-.142210E+04 0.103000E+04 0.369250E+04
-.142210E+04 0.103000E+04 0.357550E+04
-.128870E+04 0.953000E+03 0.357550E+04
-.128870E+04 0.953000E+03 0.380950E+04
-.142210E+04 0.103000E+04 0.380950E+04
-.142210E+04 0.103000E+04 0.369250E+04
-.128870E+04 0.953000E+03 0.369250E+04
-.128870E+04 0.953000E+03 0.392650E+04
-.142210E+04 0.103000E+04 0.392650E+04
-.142210E+04 0.103000E+04 0.380950E+04
-.128870E+04 0.953000E+03 0.380950E+04
-.128870E+04 0.953000E+03 0.404350E+04
-.142210E+04 0.103000E+04 0.404350E+04
-.142210E+04 0.103000E+04 0.392650E+04
-.128870E+04 0.953000E+03 0.392650E+04
-.128870E+04 0.953000E+03 0.491550E+04
-.142210E+04 0.103000E+04 0.491550E+04
-.142210E+04 0.103000E+04 0.479850E+04
-.128870E+04 0.953000E+03 0.479850E+04
-.128870E+04 0.953000E+03 0.503250E+04
-.142210E+04 0.103000E+04 0.503250E+04
-.142210E+04 0.103000E+04 0.491550E+04
-.128870E+04 0.953000E+03 0.491550E+04
-.120750E+04 0.906200E+03 0.514950E+04
-.142210E+04 0.103000E+04 0.514950E+04
-.142210E+04 0.103000E+04 0.503250E+04
-.120750E+04 0.906200E+03 0.503250E+04
-.120750E+04 0.906200E+03 0.526650E+04
-.142210E+04 0.103000E+04 0.526650E+04
-.142210E+04 0.103000E+04 0.514950E+04
-.120750E+04 0.906200E+03 0.514950E+04
-.142210E+04 0.103000E+04 0.526650E+04
-.127070E+04 0.942700E+03 0.526650E+04
-.127070E+04 0.942700E+03 0.538350E+04
-.142210E+04 0.103000E+04 0.538350E+04
-.127070E+04 0.942700E+03 0.550050E+04
-.142210E+04 0.103000E+04 0.550050E+04
-.142210E+04 0.103000E+04 0.538350E+04
-.127070E+04 0.942700E+03 0.538350E+04
-.120750E+04 0.906200E+03 0.561750E+04
-.142210E+04 0.103000E+04 0.561750E+04
-.142210E+04 0.103000E+04 0.550050E+04
-.120750E+04 0.906200E+03 0.550050E+04
-.120750E+04 0.906200E+03 0.573400E+04
-.142210E+04 0.103000E+04 0.573400E+04
-.142210E+04 0.103000E+04 0.561750E+04
-.120750E+04 0.906200E+03 0.561750E+04
-.120750E+04 0.906200E+03 0.580000E+04
-.142210E+04 0.103000E+04 0.580000E+04
-.142210E+04 0.103000E+04 0.573400E+04
-.120750E+04 0.906200E+03 0.573400E+04
-.142210E+04 0.103000E+04 0.580000E+04
-.173520E+04 0.121080E+04 0.580000E+04
-.173520E+04 0.121080E+04 0.573400E+04
-.142210E+04 0.103000E+04 0.573400E+04
-.173520E+04 0.121080E+04 0.580000E+04
-.202310E+04 0.137710E+04 0.580000E+04
-.202310E+04 0.137710E+04 0.573400E+04
-.173520E+04 0.121080E+04 0.573400E+04
-.142210E+04 0.103000E+04 0.573400E+04
-.173520E+04 0.121080E+04 0.573400E+04
-.173520E+04 0.121080E+04 0.561750E+04
-.142210E+04 0.103000E+04 0.561750E+04
-.173520E+04 0.121080E+04 0.573400E+04
-.202310E+04 0.137710E+04 0.573400E+04
-.202310E+04 0.137710E+04 0.561750E+04
-.173520E+04 0.121080E+04 0.561750E+04
-.142210E+04 0.103000E+04 0.561750E+04
-.173520E+04 0.121080E+04 0.561750E+04
-.173520E+04 0.121080E+04 0.550050E+04
-.142210E+04 0.103000E+04 0.550050E+04
-.173520E+04 0.121080E+04 0.561750E+04
-.193290E+04 0.132490E+04 0.561750E+04
-.193290E+04 0.132490E+04 0.550050E+04
-.173520E+04 0.121080E+04 0.550050E+04
-.142210E+04 0.103000E+04 0.550050E+04
-.173520E+04 0.121080E+04 0.550050E+04
-.173520E+04 0.121080E+04 0.538350E+04
-.142210E+04 0.103000E+04 0.538350E+04
-.173520E+04 0.121080E+04 0.550050E+04
-.193290E+04 0.132490E+04 0.550050E+04
-.193290E+04 0.132490E+04 0.538350E+04
-.173520E+04 0.121080E+04 0.538350E+04
-.142210E+04 0.103000E+04 0.538350E+04
-.173520E+04 0.121080E+04 0.538350E+04
-.173520E+04 0.121080E+04 0.526650E+04
-.142210E+04 0.103000E+04 0.526650E+04
-.193290E+04 0.132490E+04 0.526650E+04
-.173520E+04 0.121080E+04 0.526650E+04
-.173520E+04 0.121080E+04 0.538350E+04
-.193290E+04 0.132490E+04 0.538350E+04
-.142210E+04 0.103000E+04 0.526650E+04
-.173520E+04 0.121080E+04 0.526650E+04
-.173520E+04 0.121080E+04 0.514950E+04
-.142210E+04 0.103000E+04 0.514950E+04
-.173520E+04 0.121080E+04 0.526650E+04
-.193290E+04 0.132490E+04 0.526650E+04
-.193290E+04 0.132490E+04 0.514950E+04
-.173520E+04 0.121080E+04 0.514950E+04
-.142210E+04 0.103000E+04 0.514950E+04
-.173520E+04 0.121080E+04 0.514950E+04
-.173520E+04 0.121080E+04 0.503250E+04
-.142210E+04 0.103000E+04 0.503250E+04
-.173520E+04 0.121080E+04 0.514950E+04
-.193290E+04 0.132490E+04 0.514950E+04
-.193290E+04 0.132490E+04 0.503250E+04
-.173520E+04 0.121080E+04 0.503250E+04
-.142210E+04 0.103000E+04 0.503250E+04
-.173520E+04 0.121080E+04 0.503250E+04
-.173520E+04 0.121080E+04 0.491550E+04
-.142210E+04 0.103000E+04 0.491550E+04
-.173520E+04 0.121080E+04 0.503250E+04
-.193290E+04 0.132490E+04 0.503250E+04
-.193290E+04 0.132490E+04 0.491550E+04
-.173520E+04 0.121080E+04 0.491550E+04
-.142210E+04 0.103000E+04 0.491550E+04
-.173520E+04 0.121080E+04 0.491550E+04
-.173520E+04 0.121080E+04 0.479850E+04
-.142210E+04 0.103000E+04 0.479850E+04
-.173520E+04 0.121080E+04 0.491550E+04
-.193290E+04 0.132490E+04 0.491550E+04
-.193290E+04 0.132490E+04 0.479850E+04
-.173520E+04 0.121080E+04 0.479850E+04
-.142210E+04 0.103000E+04 0.479850E+04
-.173520E+04 0.121080E+04 0.479850E+04
-.173520E+04 0.121080E+04 0.468150E+04
-.142210E+04 0.103000E+04 0.468150E+04
-.173520E+04 0.121080E+04 0.479850E+04
-.193290E+04 0.132490E+04 0.479850E+04
-.193290E+04 0.132490E+04 0.468150E+04
-.173520E+04 0.121080E+04 0.468150E+04
-.142210E+04 0.103000E+04 0.468150E+04
-.173520E+04 0.121080E+04 0.468150E+04
-.173520E+04 0.121080E+04 0.456450E+04
-.142210E+04 0.103000E+04 0.456450E+04
-.173520E+04 0.121080E+04 0.468150E+04
-.193290E+04 0.132490E+04 0.468150E+04
-.193290E+04 0.132490E+04 0.456450E+04
-.173520E+04 0.121080E+04 0.456450E+04
-.142210E+04 0.103000E+04 0.456450E+04
-.173520E+04 0.121080E+04 0.456450E+04
-.173520E+04 0.121080E+04 0.444750E+04
-.142210E+04 0.103000E+04 0.444750E+04
-.173520E+04 0.121080E+04 0.456450E+04
-.193290E+04 0.132490E+04 0.456450E+04
-.193290E+04 0.132490E+04 0.444750E+04
-.173520E+04 0.121080E+04 0.444750E+04
-.142210E+04 0.103000E+04 0.444750E+04
-.173520E+04 0.121080E+04 0.444750E+04
-.173520E+04 0.121080E+04 0.430400E+04
-.142210E+04 0.103000E+04 0.430400E+04
-.173520E+04 0.121080E+04 0.444750E+04
-.201150E+04 0.137030E+04 0.444750E+04
-.201150E+04 0.137030E+04 0.430400E+04
-.173520E+04 0.121080E+04 0.430400E+04
-.142210E+04 0.103000E+04 0.430400E+04
-.173520E+04 0.121080E+04 0.430400E+04
-.173520E+04 0.121080E+04 0.416050E+04
-.142210E+04 0.103000E+04 0.416050E+04
-.173520E+04 0.121080E+04 0.430400E+04
-.201150E+04 0.137030E+04 0.430400E+04
-.201150E+04 0.137030E+04 0.416050E+04
-.173520E+04 0.121080E+04 0.416050E+04
-.142210E+04 0.103000E+04 0.416050E+04
-.173520E+04 0.121080E+04 0.416050E+04
-.173520E+04 0.121080E+04 0.404350E+04
-.142210E+04 0.103000E+04 0.404350E+04
-.173520E+04 0.121080E+04 0.416050E+04
-.193280E+04 0.132490E+04 0.416050E+04
-.193280E+04 0.132490E+04 0.404350E+04
-.173520E+04 0.121080E+04 0.404350E+04
-.142210E+04 0.103000E+04 0.392650E+04
-.173520E+04 0.121080E+04 0.392650E+04
-.173520E+04 0.121080E+04 0.380950E+04
-.142210E+04 0.103000E+04 0.380950E+04
-.173520E+04 0.121080E+04 0.392650E+04
-.193280E+04 0.132490E+04 0.392650E+04
-.193280E+04 0.132490E+04 0.380950E+04
-.173520E+04 0.121080E+04 0.380950E+04
-.142210E+04 0.103000E+04 0.404350E+04
-.173520E+04 0.121080E+04 0.404350E+04
-.173520E+04 0.121080E+04 0.392650E+04
-.142210E+04 0.103000E+04 0.392650E+04
-.173520E+04 0.121080E+04 0.404350E+04
-.193280E+04 0.132490E+04 0.404350E+04
-.193280E+04 0.132490E+04 0.392650E+04
-.173520E+04 0.121080E+04 0.392650E+04
-.142210E+04 0.103000E+04 0.380950E+04
-.173520E+04 0.121080E+04 0.380950E+04
-.173520E+04 0.121080E+04 0.369250E+04
-.142210E+04 0.103000E+04 0.369250E+04
-.173520E+04 0.121080E+04 0.380950E+04
-.193280E+04 0.132490E+04 0.380950E+04
-.193280E+04 0.132490E+04 0.369250E+04
-.173520E+04 0.121080E+04 0.369250E+04
-.142210E+04 0.103000E+04 0.369250E+04
-.173520E+04 0.121080E+04 0.369250E+04
-.173520E+04 0.121080E+04 0.357550E+04
-.142210E+04 0.103000E+04 0.357550E+04
-.173520E+04 0.121080E+04 0.369250E+04
-.193280E+04 0.132490E+04 0.369250E+04
-.193280E+04 0.132490E+04 0.357550E+04
-.173520E+04 0.121080E+04 0.357550E+04
-.142210E+04 0.103000E+04 0.357550E+04
-.173520E+04 0.121080E+04 0.357550E+04
-.173520E+04 0.121080E+04 0.345850E+04
-.142210E+04 0.103000E+04 0.345850E+04
-.173520E+04 0.121080E+04 0.357550E+04
-.193280E+04 0.132490E+04 0.357550E+04
-.193280E+04 0.132490E+04 0.345850E+04
-.173520E+04 0.121080E+04 0.345850E+04
-.142210E+04 0.103000E+04 0.345850E+04
-.173520E+04 0.121080E+04 0.345850E+04
-.173520E+04 0.121080E+04 0.334150E+04
-.142210E+04 0.103000E+04 0.334150E+04
-.173520E+04 0.121080E+04 0.345850E+04
-.193280E+04 0.132490E+04 0.345850E+04
-.193280E+04 0.132490E+04 0.334150E+04
-.173520E+04 0.121080E+04 0.334150E+04
-.173520E+04 0.121080E+04 0.322450E+04
-.142210E+04 0.103000E+04 0.322450E+04
-.142210E+04 0.103000E+04 0.334150E+04
-.173520E+04 0.121080E+04 0.334150E+04
-.193280E+04 0.132490E+04 0.322450E+04
-.173520E+04 0.121080E+04 0.322450E+04
-.173520E+04 0.121080E+04 0.334150E+04
-.193280E+04 0.132490E+04 0.334150E+04
-.142210E+04 0.103000E+04 0.322450E+04
-.173520E+04 0.121080E+04 0.322450E+04
-.173520E+04 0.121080E+04 0.310750E+04
-.142210E+04 0.103000E+04 0.310750E+04
-.173520E+04 0.121080E+04 0.322450E+04
-.193280E+04 0.132490E+04 0.322450E+04
-.193280E+04 0.132490E+04 0.310750E+04
-.173520E+04 0.121080E+04 0.310750E+04
-.142210E+04 0.103000E+04 0.310750E+04
-.173520E+04 0.121080E+04 0.310750E+04
-.173520E+04 0.121080E+04 0.299050E+04
-.142210E+04 0.103000E+04 0.299050E+04
-.173520E+04 0.121080E+04 0.310750E+04
-.193280E+04 0.132490E+04 0.310750E+04
-.193280E+04 0.132490E+04 0.299050E+04
-.173520E+04 0.121080E+04 0.299050E+04
-.142210E+04 0.103000E+04 0.299050E+04
-.173520E+04 0.121080E+04 0.299050E+04
-.173520E+04 0.121080E+04 0.287400E+04
-.142210E+04 0.103000E+04 0.287400E+04
-.173520E+04 0.121080E+04 0.299050E+04
-.202310E+04 0.137710E+04 0.299050E+04
-.202310E+04 0.137710E+04 0.287400E+04
-.173520E+04 0.121080E+04 0.287400E+04
-.142210E+04 0.103000E+04 0.287400E+04
-.173520E+04 0.121080E+04 0.287400E+04
-.173520E+04 0.121080E+04 0.280800E+04
-.142210E+04 0.103000E+04 0.280800E+04
-.173520E+04 0.121080E+04 0.287400E+04
-.202310E+04 0.137710E+04 0.287400E+04
-.202310E+04 0.137710E+04 0.280800E+04
-.173520E+04 0.121080E+04 0.280800E+04
-.128870E+04 0.953000E+03 0.468150E+04
-.128870E+04 0.953000E+03 0.456450E+04
-.125280E+04 0.932300E+03 0.456450E+04
-.125280E+04 0.932300E+03 0.468150E+04
-.131620E+04 0.968900E+03 0.456450E+04
-.142210E+04 0.103000E+04 0.456450E+04
-.142210E+04 0.103000E+04 0.444750E+04
-.131620E+04 0.968900E+03 0.444750E+04
-.131620E+04 0.968900E+03 0.416050E+04
-.142210E+04 0.103000E+04 0.416050E+04
-.142210E+04 0.103000E+04 0.404350E+04
-.131620E+04 0.968900E+03 0.404350E+04
-.137150E+04 0.100080E+04 0.468150E+04
-.137150E+04 0.100080E+04 0.456450E+04
-.128870E+04 0.953000E+03 0.456450E+04
-.128870E+04 0.953000E+03 0.468150E+04
-.142210E+04 0.103000E+04 0.468150E+04
-.142210E+04 0.103000E+04 0.456450E+04
-.137150E+04 0.100080E+04 0.456450E+04
-.137150E+04 0.100080E+04 0.468150E+04
-.137150E+04 0.100080E+04 0.479850E+04
-.137150E+04 0.100080E+04 0.468150E+04
-.128870E+04 0.953000E+03 0.468150E+04
-.128870E+04 0.953000E+03 0.479850E+04
-.142210E+04 0.103000E+04 0.479850E+04
-.142210E+04 0.103000E+04 0.468150E+04
-.137150E+04 0.100080E+04 0.468150E+04
-.137150E+04 0.100080E+04 0.479850E+04
-.211340E+04 0.142910E+04 0.550050E+04
-.211340E+04 0.142910E+04 0.538350E+04
-.205130E+04 0.139330E+04 0.538350E+04
-.205130E+04 0.139330E+04 0.550050E+04
-.199070E+04 0.135830E+04 0.561750E+04
-.199070E+04 0.135830E+04 0.550050E+04
-.193290E+04 0.132490E+04 0.550050E+04
-.193290E+04 0.132490E+04 0.561750E+04
-.199070E+04 0.135830E+04 0.550050E+04
-.199070E+04 0.135830E+04 0.538350E+04
-.193290E+04 0.132490E+04 0.538350E+04
-.193290E+04 0.132490E+04 0.550050E+04
-.211340E+04 0.142910E+04 0.491550E+04
-.211340E+04 0.142910E+04 0.479850E+04
-.205130E+04 0.139330E+04 0.479850E+04
-.205130E+04 0.139330E+04 0.491550E+04
-.211340E+04 0.142910E+04 0.479850E+04
-.211340E+04 0.142910E+04 0.468150E+04
-.205130E+04 0.139330E+04 0.468150E+04
-.205130E+04 0.139330E+04 0.479850E+04
-.199070E+04 0.135830E+04 0.491550E+04
-.199070E+04 0.135830E+04 0.479850E+04
-.193290E+04 0.132490E+04 0.479850E+04
-.193290E+04 0.132490E+04 0.491550E+04
-.199070E+04 0.135830E+04 0.479850E+04
-.199070E+04 0.135830E+04 0.468150E+04
-.193290E+04 0.132490E+04 0.468150E+04
-.193290E+04 0.132490E+04 0.479850E+04
-.211340E+04 0.142910E+04 0.392650E+04
-.211340E+04 0.142910E+04 0.380950E+04
-.205130E+04 0.139330E+04 0.380950E+04
-.205130E+04 0.139330E+04 0.392650E+04
-.211340E+04 0.142910E+04 0.380950E+04
-.211340E+04 0.142910E+04 0.369250E+04
-.205130E+04 0.139330E+04 0.369250E+04
-.205130E+04 0.139330E+04 0.380950E+04
-.199070E+04 0.135830E+04 0.392650E+04
-.199070E+04 0.135830E+04 0.380950E+04
-.193280E+04 0.132490E+04 0.380950E+04
-.193280E+04 0.132490E+04 0.392650E+04
-.199070E+04 0.135830E+04 0.380950E+04
-.199070E+04 0.135830E+04 0.369250E+04
-.193280E+04 0.132490E+04 0.369250E+04
-.193280E+04 0.132490E+04 0.380950E+04
-.211340E+04 0.142910E+04 0.322450E+04
-.211340E+04 0.142910E+04 0.310750E+04
-.205130E+04 0.139330E+04 0.310750E+04
-.205130E+04 0.139330E+04 0.322450E+04
-.211340E+04 0.142910E+04 0.310750E+04
-.211340E+04 0.142910E+04 0.299050E+04
-.205130E+04 0.139330E+04 0.299050E+04
-.205130E+04 0.139330E+04 0.310750E+04
-.199070E+04 0.135830E+04 0.322450E+04
-.199070E+04 0.135830E+04 0.310750E+04
-.193280E+04 0.132490E+04 0.310750E+04
-.193280E+04 0.132490E+04 0.322450E+04
-.199070E+04 0.135830E+04 0.310750E+04
-.199070E+04 0.135830E+04 0.299050E+04
-.193280E+04 0.132490E+04 0.299050E+04
-.193280E+04 0.132490E+04 0.310750E+04
-.120710E+04 0.906000E+03 0.456450E+04
-.131620E+04 0.968900E+03 0.456450E+04
-.131620E+04 0.968900E+03 0.444750E+04
-.120710E+04 0.906000E+03 0.444750E+04
-.211340E+04 0.142910E+04 0.561750E+04
-.211340E+04 0.142910E+04 0.550050E+04
-.205130E+04 0.139330E+04 0.550050E+04
-.205130E+04 0.139330E+04 0.561750E+04
0.109600E+04 -.475000E+03 0.539126E+04
0.109605E+04 -.474999E+03 0.422194E+04
0.167550E+04 -.475000E+03 0.488423E+04
0.109600E+04 -.475000E+03 0.539126E+04
0.109605E+04 0.110000E+03 0.422194E+04
0.109600E+04 0.110000E+03 0.539126E+04
0.167550E+04 0.110000E+03 0.488423E+04
0.109605E+04 0.110000E+03 0.422194E+04
0.167550E+04 0.110000E+03 0.488423E+04
0.109600E+04 0.110000E+03 0.539137E+04
0.109600E+04 -.475000E+03 0.539126E+04
0.167550E+04 -.475000E+03 0.488423E+04
0.167550E+04 -.475000E+03 0.488423E+04
0.109605E+04 -.474999E+03 0.422194E+04
0.129773E+04 -.442100E+03 0.408707E+04
0.183208E+04 -.442100E+03 0.469781E+04
0.167550E+04 0.110000E+03 0.488423E+04
0.167550E+04 -.475000E+03 0.488423E+04
0.183208E+04 -.442100E+03 0.469781E+04
0.183208E+04 0.779000E+02 0.469781E+04
0.109605E+04 0.110000E+03 0.422194E+04
0.167550E+04 0.110000E+03 0.488423E+04
0.183208E+04 0.779000E+02 0.469781E+04
0.129773E+04 0.779000E+02 0.408707E+04
0.109605E+04 -.474999E+03 0.422194E+04
0.109605E+04 0.110000E+03 0.422194E+04
0.129773E+04 0.779000E+02 0.408707E+04
0.129773E+04 -.442100E+03 0.408707E+04
0.183208E+04 -.442100E+03 0.469781E+04
0.129773E+04 -.442100E+03 0.408707E+04
0.129773E+04 0.779000E+02 0.408707E+04
0.183208E+04 0.779000E+02 0.469781E+04
0.109600E+04 -.514499E+03 0.418525E+04
0.109600E+04 0.149500E+03 0.418525E+04
0.109605E+04 0.110000E+03 0.422194E+04
0.109605E+04 -.475000E+03 0.422194E+04
0.109600E+04 -.514500E+03 0.539125E+04
0.109600E+04 -.514499E+03 0.418525E+04
0.109605E+04 -.475000E+03 0.422194E+04
0.109600E+04 -.475000E+03 0.539125E+04
0.109600E+04 0.149500E+03 0.418525E+04
0.109600E+04 0.149500E+03 0.539125E+04
0.109600E+04 0.110000E+03 0.539137E+04
0.109605E+04 0.110000E+03 0.422194E+04
